
[Layer Start] Q_Proj (512x768x768)
macro_0: MacroOp({op_type: MacroOpType.LOAD, seq: 0, dep_tag: DependencyTag({ld_tag: -1, tu_tag: -1, st_tag: -1}), src_type: MemType.DRAM, dst_type: MemType.UNI_SRAM, dims: 768x512, comment: Load Weight_B_Tile[n=0,m=0]})
macro_1: MacroOp({op_type: MacroOpType.LOAD, seq: 1, dep_tag: DependencyTag({ld_tag: 0, tu_tag: -1, st_tag: -1}), src_type: MemType.DRAM, dst_type: MemType.UNI_SRAM, dims: 16x768, comment: Load Input_A_Tile[n=0,m=0]})
macro_2: MacroOp({op_type: MacroOpType.CONV, seq: 2, dep_tag: DependencyTag({ld_tag: 1, tu_tag: -1, st_tag: -1}), op_name: GEMM_Tile[n=0,m=0], dims: 16x512x768, tile_m: 16, strategy: Output Stationary})
macro_3: MacroOp({op_type: MacroOpType.STORE, seq: 3, dep_tag: DependencyTag({ld_tag: -1, tu_tag: 2, st_tag: -1}), src_type: MemType.UNI_SRAM, dst_type: MemType.DRAM, dims: 16x512, comment: Store Output_C_Tile[n=0,m=0]})
macro_4: MacroOp({op_type: MacroOpType.LOAD, seq: 4, dep_tag: DependencyTag({ld_tag: 1, tu_tag: 2, st_tag: -1}), src_type: MemType.DRAM, dst_type: MemType.UNI_SRAM, dims: 768x512, comment: Load Weight_B_Tile[n=0,m=1]})
macro_5: MacroOp({op_type: MacroOpType.LOAD, seq: 5, dep_tag: DependencyTag({ld_tag: 4, tu_tag: 2, st_tag: -1}), src_type: MemType.DRAM, dst_type: MemType.UNI_SRAM, dims: 16x768, comment: Load Input_A_Tile[n=0,m=1]})
macro_6: MacroOp({op_type: MacroOpType.CONV, seq: 6, dep_tag: DependencyTag({ld_tag: 5, tu_tag: 2, st_tag: -1}), op_name: GEMM_Tile[n=0,m=1], dims: 16x512x768, tile_m: 16, strategy: Output Stationary})
macro_7: MacroOp({op_type: MacroOpType.STORE, seq: 7, dep_tag: DependencyTag({ld_tag: -1, tu_tag: 6, st_tag: 3}), src_type: MemType.UNI_SRAM, dst_type: MemType.DRAM, dims: 16x512, comment: Store Output_C_Tile[n=0,m=1]})
macro_8: MacroOp({op_type: MacroOpType.LOAD, seq: 8, dep_tag: DependencyTag({ld_tag: 5, tu_tag: 6, st_tag: -1}), src_type: MemType.DRAM, dst_type: MemType.UNI_SRAM, dims: 768x512, comment: Load Weight_B_Tile[n=0,m=2]})
macro_9: MacroOp({op_type: MacroOpType.LOAD, seq: 9, dep_tag: DependencyTag({ld_tag: 8, tu_tag: 6, st_tag: -1}), src_type: MemType.DRAM, dst_type: MemType.UNI_SRAM, dims: 16x768, comment: Load Input_A_Tile[n=0,m=2]})
macro_10: MacroOp({op_type: MacroOpType.CONV, seq: 10, dep_tag: DependencyTag({ld_tag: 9, tu_tag: 6, st_tag: -1}), op_name: GEMM_Tile[n=0,m=2], dims: 16x512x768, tile_m: 16, strategy: Output Stationary})
macro_11: MacroOp({op_type: MacroOpType.STORE, seq: 11, dep_tag: DependencyTag({ld_tag: -1, tu_tag: 10, st_tag: 7}), src_type: MemType.UNI_SRAM, dst_type: MemType.DRAM, dims: 16x512, comment: Store Output_C_Tile[n=0,m=2]})
macro_12: MacroOp({op_type: MacroOpType.LOAD, seq: 12, dep_tag: DependencyTag({ld_tag: 9, tu_tag: 10, st_tag: -1}), src_type: MemType.DRAM, dst_type: MemType.UNI_SRAM, dims: 768x512, comment: Load Weight_B_Tile[n=0,m=3]})
macro_13: MacroOp({op_type: MacroOpType.LOAD, seq: 13, dep_tag: DependencyTag({ld_tag: 12, tu_tag: 10, st_tag: -1}), src_type: MemType.DRAM, dst_type: MemType.UNI_SRAM, dims: 16x768, comment: Load Input_A_Tile[n=0,m=3]})
macro_14: MacroOp({op_type: MacroOpType.CONV, seq: 14, dep_tag: DependencyTag({ld_tag: 13, tu_tag: 10, st_tag: -1}), op_name: GEMM_Tile[n=0,m=3], dims: 16x512x768, tile_m: 16, strategy: Output Stationary})
macro_15: MacroOp({op_type: MacroOpType.STORE, seq: 15, dep_tag: DependencyTag({ld_tag: -1, tu_tag: 14, st_tag: 11}), src_type: MemType.UNI_SRAM, dst_type: MemType.DRAM, dims: 16x512, comment: Store Output_C_Tile[n=0,m=3]})
macro_16: MacroOp({op_type: MacroOpType.LOAD, seq: 16, dep_tag: DependencyTag({ld_tag: 13, tu_tag: 14, st_tag: -1}), src_type: MemType.DRAM, dst_type: MemType.UNI_SRAM, dims: 768x512, comment: Load Weight_B_Tile[n=0,m=4]})
macro_17: MacroOp({op_type: MacroOpType.LOAD, seq: 17, dep_tag: DependencyTag({ld_tag: 16, tu_tag: 14, st_tag: -1}), src_type: MemType.DRAM, dst_type: MemType.UNI_SRAM, dims: 16x768, comment: Load Input_A_Tile[n=0,m=4]})
macro_18: MacroOp({op_type: MacroOpType.CONV, seq: 18, dep_tag: DependencyTag({ld_tag: 17, tu_tag: 14, st_tag: -1}), op_name: GEMM_Tile[n=0,m=4], dims: 16x512x768, tile_m: 16, strategy: Output Stationary})
macro_19: MacroOp({op_type: MacroOpType.STORE, seq: 19, dep_tag: DependencyTag({ld_tag: -1, tu_tag: 18, st_tag: 15}), src_type: MemType.UNI_SRAM, dst_type: MemType.DRAM, dims: 16x512, comment: Store Output_C_Tile[n=0,m=4]})
macro_20: MacroOp({op_type: MacroOpType.LOAD, seq: 20, dep_tag: DependencyTag({ld_tag: 17, tu_tag: 18, st_tag: -1}), src_type: MemType.DRAM, dst_type: MemType.UNI_SRAM, dims: 768x512, comment: Load Weight_B_Tile[n=0,m=5]})
macro_21: MacroOp({op_type: MacroOpType.LOAD, seq: 21, dep_tag: DependencyTag({ld_tag: 20, tu_tag: 18, st_tag: -1}), src_type: MemType.DRAM, dst_type: MemType.UNI_SRAM, dims: 16x768, comment: Load Input_A_Tile[n=0,m=5]})
macro_22: MacroOp({op_type: MacroOpType.CONV, seq: 22, dep_tag: DependencyTag({ld_tag: 21, tu_tag: 18, st_tag: -1}), op_name: GEMM_Tile[n=0,m=5], dims: 16x512x768, tile_m: 16, strategy: Output Stationary})
macro_23: MacroOp({op_type: MacroOpType.STORE, seq: 23, dep_tag: DependencyTag({ld_tag: -1, tu_tag: 22, st_tag: 19}), src_type: MemType.UNI_SRAM, dst_type: MemType.DRAM, dims: 16x512, comment: Store Output_C_Tile[n=0,m=5]})
macro_24: MacroOp({op_type: MacroOpType.LOAD, seq: 24, dep_tag: DependencyTag({ld_tag: 21, tu_tag: 22, st_tag: -1}), src_type: MemType.DRAM, dst_type: MemType.UNI_SRAM, dims: 768x512, comment: Load Weight_B_Tile[n=0,m=6]})
macro_25: MacroOp({op_type: MacroOpType.LOAD, seq: 25, dep_tag: DependencyTag({ld_tag: 24, tu_tag: 22, st_tag: -1}), src_type: MemType.DRAM, dst_type: MemType.UNI_SRAM, dims: 16x768, comment: Load Input_A_Tile[n=0,m=6]})
macro_26: MacroOp({op_type: MacroOpType.CONV, seq: 26, dep_tag: DependencyTag({ld_tag: 25, tu_tag: 22, st_tag: -1}), op_name: GEMM_Tile[n=0,m=6], dims: 16x512x768, tile_m: 16, strategy: Output Stationary})
macro_27: MacroOp({op_type: MacroOpType.STORE, seq: 27, dep_tag: DependencyTag({ld_tag: -1, tu_tag: 26, st_tag: 23}), src_type: MemType.UNI_SRAM, dst_type: MemType.DRAM, dims: 16x512, comment: Store Output_C_Tile[n=0,m=6]})
macro_28: MacroOp({op_type: MacroOpType.LOAD, seq: 28, dep_tag: DependencyTag({ld_tag: 25, tu_tag: 26, st_tag: -1}), src_type: MemType.DRAM, dst_type: MemType.UNI_SRAM, dims: 768x512, comment: Load Weight_B_Tile[n=0,m=7]})
macro_29: MacroOp({op_type: MacroOpType.LOAD, seq: 29, dep_tag: DependencyTag({ld_tag: 28, tu_tag: 26, st_tag: -1}), src_type: MemType.DRAM, dst_type: MemType.UNI_SRAM, dims: 16x768, comment: Load Input_A_Tile[n=0,m=7]})
macro_30: MacroOp({op_type: MacroOpType.CONV, seq: 30, dep_tag: DependencyTag({ld_tag: 29, tu_tag: 26, st_tag: -1}), op_name: GEMM_Tile[n=0,m=7], dims: 16x512x768, tile_m: 16, strategy: Output Stationary})
macro_31: MacroOp({op_type: MacroOpType.STORE, seq: 31, dep_tag: DependencyTag({ld_tag: -1, tu_tag: 30, st_tag: 27}), src_type: MemType.UNI_SRAM, dst_type: MemType.DRAM, dims: 16x512, comment: Store Output_C_Tile[n=0,m=7]})
macro_32: MacroOp({op_type: MacroOpType.LOAD, seq: 32, dep_tag: DependencyTag({ld_tag: 29, tu_tag: 30, st_tag: -1}), src_type: MemType.DRAM, dst_type: MemType.UNI_SRAM, dims: 768x512, comment: Load Weight_B_Tile[n=0,m=8]})
macro_33: MacroOp({op_type: MacroOpType.LOAD, seq: 33, dep_tag: DependencyTag({ld_tag: 32, tu_tag: 30, st_tag: -1}), src_type: MemType.DRAM, dst_type: MemType.UNI_SRAM, dims: 16x768, comment: Load Input_A_Tile[n=0,m=8]})
macro_34: MacroOp({op_type: MacroOpType.CONV, seq: 34, dep_tag: DependencyTag({ld_tag: 33, tu_tag: 30, st_tag: -1}), op_name: GEMM_Tile[n=0,m=8], dims: 16x512x768, tile_m: 16, strategy: Output Stationary})
macro_35: MacroOp({op_type: MacroOpType.STORE, seq: 35, dep_tag: DependencyTag({ld_tag: -1, tu_tag: 34, st_tag: 31}), src_type: MemType.UNI_SRAM, dst_type: MemType.DRAM, dims: 16x512, comment: Store Output_C_Tile[n=0,m=8]})
macro_36: MacroOp({op_type: MacroOpType.LOAD, seq: 36, dep_tag: DependencyTag({ld_tag: 33, tu_tag: 34, st_tag: -1}), src_type: MemType.DRAM, dst_type: MemType.UNI_SRAM, dims: 768x512, comment: Load Weight_B_Tile[n=0,m=9]})
macro_37: MacroOp({op_type: MacroOpType.LOAD, seq: 37, dep_tag: DependencyTag({ld_tag: 36, tu_tag: 34, st_tag: -1}), src_type: MemType.DRAM, dst_type: MemType.UNI_SRAM, dims: 16x768, comment: Load Input_A_Tile[n=0,m=9]})
macro_38: MacroOp({op_type: MacroOpType.CONV, seq: 38, dep_tag: DependencyTag({ld_tag: 37, tu_tag: 34, st_tag: -1}), op_name: GEMM_Tile[n=0,m=9], dims: 16x512x768, tile_m: 16, strategy: Output Stationary})
macro_39: MacroOp({op_type: MacroOpType.STORE, seq: 39, dep_tag: DependencyTag({ld_tag: -1, tu_tag: 38, st_tag: 35}), src_type: MemType.UNI_SRAM, dst_type: MemType.DRAM, dims: 16x512, comment: Store Output_C_Tile[n=0,m=9]})
macro_40: MacroOp({op_type: MacroOpType.LOAD, seq: 40, dep_tag: DependencyTag({ld_tag: 37, tu_tag: 38, st_tag: -1}), src_type: MemType.DRAM, dst_type: MemType.UNI_SRAM, dims: 768x512, comment: Load Weight_B_Tile[n=0,m=10]})
macro_41: MacroOp({op_type: MacroOpType.LOAD, seq: 41, dep_tag: DependencyTag({ld_tag: 40, tu_tag: 38, st_tag: -1}), src_type: MemType.DRAM, dst_type: MemType.UNI_SRAM, dims: 16x768, comment: Load Input_A_Tile[n=0,m=10]})
macro_42: MacroOp({op_type: MacroOpType.CONV, seq: 42, dep_tag: DependencyTag({ld_tag: 41, tu_tag: 38, st_tag: -1}), op_name: GEMM_Tile[n=0,m=10], dims: 16x512x768, tile_m: 16, strategy: Output Stationary})
macro_43: MacroOp({op_type: MacroOpType.STORE, seq: 43, dep_tag: DependencyTag({ld_tag: -1, tu_tag: 42, st_tag: 39}), src_type: MemType.UNI_SRAM, dst_type: MemType.DRAM, dims: 16x512, comment: Store Output_C_Tile[n=0,m=10]})
macro_44: MacroOp({op_type: MacroOpType.LOAD, seq: 44, dep_tag: DependencyTag({ld_tag: 41, tu_tag: 42, st_tag: -1}), src_type: MemType.DRAM, dst_type: MemType.UNI_SRAM, dims: 768x512, comment: Load Weight_B_Tile[n=0,m=11]})
macro_45: MacroOp({op_type: MacroOpType.LOAD, seq: 45, dep_tag: DependencyTag({ld_tag: 44, tu_tag: 42, st_tag: -1}), src_type: MemType.DRAM, dst_type: MemType.UNI_SRAM, dims: 16x768, comment: Load Input_A_Tile[n=0,m=11]})
macro_46: MacroOp({op_type: MacroOpType.CONV, seq: 46, dep_tag: DependencyTag({ld_tag: 45, tu_tag: 42, st_tag: -1}), op_name: GEMM_Tile[n=0,m=11], dims: 16x512x768, tile_m: 16, strategy: Output Stationary})
macro_47: MacroOp({op_type: MacroOpType.STORE, seq: 47, dep_tag: DependencyTag({ld_tag: -1, tu_tag: 46, st_tag: 43}), src_type: MemType.UNI_SRAM, dst_type: MemType.DRAM, dims: 16x512, comment: Store Output_C_Tile[n=0,m=11]})
macro_48: MacroOp({op_type: MacroOpType.LOAD, seq: 48, dep_tag: DependencyTag({ld_tag: 45, tu_tag: 46, st_tag: -1}), src_type: MemType.DRAM, dst_type: MemType.UNI_SRAM, dims: 768x512, comment: Load Weight_B_Tile[n=0,m=12]})
macro_49: MacroOp({op_type: MacroOpType.LOAD, seq: 49, dep_tag: DependencyTag({ld_tag: 48, tu_tag: 46, st_tag: -1}), src_type: MemType.DRAM, dst_type: MemType.UNI_SRAM, dims: 16x768, comment: Load Input_A_Tile[n=0,m=12]})
macro_50: MacroOp({op_type: MacroOpType.CONV, seq: 50, dep_tag: DependencyTag({ld_tag: 49, tu_tag: 46, st_tag: -1}), op_name: GEMM_Tile[n=0,m=12], dims: 16x512x768, tile_m: 16, strategy: Output Stationary})
macro_51: MacroOp({op_type: MacroOpType.STORE, seq: 51, dep_tag: DependencyTag({ld_tag: -1, tu_tag: 50, st_tag: 47}), src_type: MemType.UNI_SRAM, dst_type: MemType.DRAM, dims: 16x512, comment: Store Output_C_Tile[n=0,m=12]})
macro_52: MacroOp({op_type: MacroOpType.LOAD, seq: 52, dep_tag: DependencyTag({ld_tag: 49, tu_tag: 50, st_tag: -1}), src_type: MemType.DRAM, dst_type: MemType.UNI_SRAM, dims: 768x512, comment: Load Weight_B_Tile[n=0,m=13]})
macro_53: MacroOp({op_type: MacroOpType.LOAD, seq: 53, dep_tag: DependencyTag({ld_tag: 52, tu_tag: 50, st_tag: -1}), src_type: MemType.DRAM, dst_type: MemType.UNI_SRAM, dims: 16x768, comment: Load Input_A_Tile[n=0,m=13]})
macro_54: MacroOp({op_type: MacroOpType.CONV, seq: 54, dep_tag: DependencyTag({ld_tag: 53, tu_tag: 50, st_tag: -1}), op_name: GEMM_Tile[n=0,m=13], dims: 16x512x768, tile_m: 16, strategy: Output Stationary})
macro_55: MacroOp({op_type: MacroOpType.STORE, seq: 55, dep_tag: DependencyTag({ld_tag: -1, tu_tag: 54, st_tag: 51}), src_type: MemType.UNI_SRAM, dst_type: MemType.DRAM, dims: 16x512, comment: Store Output_C_Tile[n=0,m=13]})
macro_56: MacroOp({op_type: MacroOpType.LOAD, seq: 56, dep_tag: DependencyTag({ld_tag: 53, tu_tag: 54, st_tag: -1}), src_type: MemType.DRAM, dst_type: MemType.UNI_SRAM, dims: 768x512, comment: Load Weight_B_Tile[n=0,m=14]})
macro_57: MacroOp({op_type: MacroOpType.LOAD, seq: 57, dep_tag: DependencyTag({ld_tag: 56, tu_tag: 54, st_tag: -1}), src_type: MemType.DRAM, dst_type: MemType.UNI_SRAM, dims: 16x768, comment: Load Input_A_Tile[n=0,m=14]})
macro_58: MacroOp({op_type: MacroOpType.CONV, seq: 58, dep_tag: DependencyTag({ld_tag: 57, tu_tag: 54, st_tag: -1}), op_name: GEMM_Tile[n=0,m=14], dims: 16x512x768, tile_m: 16, strategy: Output Stationary})
macro_59: MacroOp({op_type: MacroOpType.STORE, seq: 59, dep_tag: DependencyTag({ld_tag: -1, tu_tag: 58, st_tag: 55}), src_type: MemType.UNI_SRAM, dst_type: MemType.DRAM, dims: 16x512, comment: Store Output_C_Tile[n=0,m=14]})
macro_60: MacroOp({op_type: MacroOpType.LOAD, seq: 60, dep_tag: DependencyTag({ld_tag: 57, tu_tag: 58, st_tag: -1}), src_type: MemType.DRAM, dst_type: MemType.UNI_SRAM, dims: 768x512, comment: Load Weight_B_Tile[n=0,m=15]})
macro_61: MacroOp({op_type: MacroOpType.LOAD, seq: 61, dep_tag: DependencyTag({ld_tag: 60, tu_tag: 58, st_tag: -1}), src_type: MemType.DRAM, dst_type: MemType.UNI_SRAM, dims: 16x768, comment: Load Input_A_Tile[n=0,m=15]})
macro_62: MacroOp({op_type: MacroOpType.CONV, seq: 62, dep_tag: DependencyTag({ld_tag: 61, tu_tag: 58, st_tag: -1}), op_name: GEMM_Tile[n=0,m=15], dims: 16x512x768, tile_m: 16, strategy: Output Stationary})
macro_63: MacroOp({op_type: MacroOpType.STORE, seq: 63, dep_tag: DependencyTag({ld_tag: -1, tu_tag: 62, st_tag: 59}), src_type: MemType.UNI_SRAM, dst_type: MemType.DRAM, dims: 16x512, comment: Store Output_C_Tile[n=0,m=15]})
macro_64: MacroOp({op_type: MacroOpType.LOAD, seq: 64, dep_tag: DependencyTag({ld_tag: 61, tu_tag: 62, st_tag: -1}), src_type: MemType.DRAM, dst_type: MemType.UNI_SRAM, dims: 768x512, comment: Load Weight_B_Tile[n=0,m=16]})
macro_65: MacroOp({op_type: MacroOpType.LOAD, seq: 65, dep_tag: DependencyTag({ld_tag: 64, tu_tag: 62, st_tag: -1}), src_type: MemType.DRAM, dst_type: MemType.UNI_SRAM, dims: 16x768, comment: Load Input_A_Tile[n=0,m=16]})
macro_66: MacroOp({op_type: MacroOpType.CONV, seq: 66, dep_tag: DependencyTag({ld_tag: 65, tu_tag: 62, st_tag: -1}), op_name: GEMM_Tile[n=0,m=16], dims: 16x512x768, tile_m: 16, strategy: Output Stationary})
macro_67: MacroOp({op_type: MacroOpType.STORE, seq: 67, dep_tag: DependencyTag({ld_tag: -1, tu_tag: 66, st_tag: 63}), src_type: MemType.UNI_SRAM, dst_type: MemType.DRAM, dims: 16x512, comment: Store Output_C_Tile[n=0,m=16]})
macro_68: MacroOp({op_type: MacroOpType.LOAD, seq: 68, dep_tag: DependencyTag({ld_tag: 65, tu_tag: 66, st_tag: -1}), src_type: MemType.DRAM, dst_type: MemType.UNI_SRAM, dims: 768x512, comment: Load Weight_B_Tile[n=0,m=17]})
macro_69: MacroOp({op_type: MacroOpType.LOAD, seq: 69, dep_tag: DependencyTag({ld_tag: 68, tu_tag: 66, st_tag: -1}), src_type: MemType.DRAM, dst_type: MemType.UNI_SRAM, dims: 16x768, comment: Load Input_A_Tile[n=0,m=17]})
macro_70: MacroOp({op_type: MacroOpType.CONV, seq: 70, dep_tag: DependencyTag({ld_tag: 69, tu_tag: 66, st_tag: -1}), op_name: GEMM_Tile[n=0,m=17], dims: 16x512x768, tile_m: 16, strategy: Output Stationary})
macro_71: MacroOp({op_type: MacroOpType.STORE, seq: 71, dep_tag: DependencyTag({ld_tag: -1, tu_tag: 70, st_tag: 67}), src_type: MemType.UNI_SRAM, dst_type: MemType.DRAM, dims: 16x512, comment: Store Output_C_Tile[n=0,m=17]})
macro_72: MacroOp({op_type: MacroOpType.LOAD, seq: 72, dep_tag: DependencyTag({ld_tag: 69, tu_tag: 70, st_tag: -1}), src_type: MemType.DRAM, dst_type: MemType.UNI_SRAM, dims: 768x512, comment: Load Weight_B_Tile[n=0,m=18]})
macro_73: MacroOp({op_type: MacroOpType.LOAD, seq: 73, dep_tag: DependencyTag({ld_tag: 72, tu_tag: 70, st_tag: -1}), src_type: MemType.DRAM, dst_type: MemType.UNI_SRAM, dims: 16x768, comment: Load Input_A_Tile[n=0,m=18]})
macro_74: MacroOp({op_type: MacroOpType.CONV, seq: 74, dep_tag: DependencyTag({ld_tag: 73, tu_tag: 70, st_tag: -1}), op_name: GEMM_Tile[n=0,m=18], dims: 16x512x768, tile_m: 16, strategy: Output Stationary})
macro_75: MacroOp({op_type: MacroOpType.STORE, seq: 75, dep_tag: DependencyTag({ld_tag: -1, tu_tag: 74, st_tag: 71}), src_type: MemType.UNI_SRAM, dst_type: MemType.DRAM, dims: 16x512, comment: Store Output_C_Tile[n=0,m=18]})
macro_76: MacroOp({op_type: MacroOpType.LOAD, seq: 76, dep_tag: DependencyTag({ld_tag: 73, tu_tag: 74, st_tag: -1}), src_type: MemType.DRAM, dst_type: MemType.UNI_SRAM, dims: 768x512, comment: Load Weight_B_Tile[n=0,m=19]})
macro_77: MacroOp({op_type: MacroOpType.LOAD, seq: 77, dep_tag: DependencyTag({ld_tag: 76, tu_tag: 74, st_tag: -1}), src_type: MemType.DRAM, dst_type: MemType.UNI_SRAM, dims: 16x768, comment: Load Input_A_Tile[n=0,m=19]})
macro_78: MacroOp({op_type: MacroOpType.CONV, seq: 78, dep_tag: DependencyTag({ld_tag: 77, tu_tag: 74, st_tag: -1}), op_name: GEMM_Tile[n=0,m=19], dims: 16x512x768, tile_m: 16, strategy: Output Stationary})
macro_79: MacroOp({op_type: MacroOpType.STORE, seq: 79, dep_tag: DependencyTag({ld_tag: -1, tu_tag: 78, st_tag: 75}), src_type: MemType.UNI_SRAM, dst_type: MemType.DRAM, dims: 16x512, comment: Store Output_C_Tile[n=0,m=19]})
macro_80: MacroOp({op_type: MacroOpType.LOAD, seq: 80, dep_tag: DependencyTag({ld_tag: 77, tu_tag: 78, st_tag: -1}), src_type: MemType.DRAM, dst_type: MemType.UNI_SRAM, dims: 768x512, comment: Load Weight_B_Tile[n=0,m=20]})
macro_81: MacroOp({op_type: MacroOpType.LOAD, seq: 81, dep_tag: DependencyTag({ld_tag: 80, tu_tag: 78, st_tag: -1}), src_type: MemType.DRAM, dst_type: MemType.UNI_SRAM, dims: 16x768, comment: Load Input_A_Tile[n=0,m=20]})
macro_82: MacroOp({op_type: MacroOpType.CONV, seq: 82, dep_tag: DependencyTag({ld_tag: 81, tu_tag: 78, st_tag: -1}), op_name: GEMM_Tile[n=0,m=20], dims: 16x512x768, tile_m: 16, strategy: Output Stationary})
macro_83: MacroOp({op_type: MacroOpType.STORE, seq: 83, dep_tag: DependencyTag({ld_tag: -1, tu_tag: 82, st_tag: 79}), src_type: MemType.UNI_SRAM, dst_type: MemType.DRAM, dims: 16x512, comment: Store Output_C_Tile[n=0,m=20]})
macro_84: MacroOp({op_type: MacroOpType.LOAD, seq: 84, dep_tag: DependencyTag({ld_tag: 81, tu_tag: 82, st_tag: -1}), src_type: MemType.DRAM, dst_type: MemType.UNI_SRAM, dims: 768x512, comment: Load Weight_B_Tile[n=0,m=21]})
macro_85: MacroOp({op_type: MacroOpType.LOAD, seq: 85, dep_tag: DependencyTag({ld_tag: 84, tu_tag: 82, st_tag: -1}), src_type: MemType.DRAM, dst_type: MemType.UNI_SRAM, dims: 16x768, comment: Load Input_A_Tile[n=0,m=21]})
macro_86: MacroOp({op_type: MacroOpType.CONV, seq: 86, dep_tag: DependencyTag({ld_tag: 85, tu_tag: 82, st_tag: -1}), op_name: GEMM_Tile[n=0,m=21], dims: 16x512x768, tile_m: 16, strategy: Output Stationary})
macro_87: MacroOp({op_type: MacroOpType.STORE, seq: 87, dep_tag: DependencyTag({ld_tag: -1, tu_tag: 86, st_tag: 83}), src_type: MemType.UNI_SRAM, dst_type: MemType.DRAM, dims: 16x512, comment: Store Output_C_Tile[n=0,m=21]})
macro_88: MacroOp({op_type: MacroOpType.LOAD, seq: 88, dep_tag: DependencyTag({ld_tag: 85, tu_tag: 86, st_tag: -1}), src_type: MemType.DRAM, dst_type: MemType.UNI_SRAM, dims: 768x512, comment: Load Weight_B_Tile[n=0,m=22]})
macro_89: MacroOp({op_type: MacroOpType.LOAD, seq: 89, dep_tag: DependencyTag({ld_tag: 88, tu_tag: 86, st_tag: -1}), src_type: MemType.DRAM, dst_type: MemType.UNI_SRAM, dims: 16x768, comment: Load Input_A_Tile[n=0,m=22]})
macro_90: MacroOp({op_type: MacroOpType.CONV, seq: 90, dep_tag: DependencyTag({ld_tag: 89, tu_tag: 86, st_tag: -1}), op_name: GEMM_Tile[n=0,m=22], dims: 16x512x768, tile_m: 16, strategy: Output Stationary})
macro_91: MacroOp({op_type: MacroOpType.STORE, seq: 91, dep_tag: DependencyTag({ld_tag: -1, tu_tag: 90, st_tag: 87}), src_type: MemType.UNI_SRAM, dst_type: MemType.DRAM, dims: 16x512, comment: Store Output_C_Tile[n=0,m=22]})
macro_92: MacroOp({op_type: MacroOpType.LOAD, seq: 92, dep_tag: DependencyTag({ld_tag: 89, tu_tag: 90, st_tag: -1}), src_type: MemType.DRAM, dst_type: MemType.UNI_SRAM, dims: 768x512, comment: Load Weight_B_Tile[n=0,m=23]})
macro_93: MacroOp({op_type: MacroOpType.LOAD, seq: 93, dep_tag: DependencyTag({ld_tag: 92, tu_tag: 90, st_tag: -1}), src_type: MemType.DRAM, dst_type: MemType.UNI_SRAM, dims: 16x768, comment: Load Input_A_Tile[n=0,m=23]})
macro_94: MacroOp({op_type: MacroOpType.CONV, seq: 94, dep_tag: DependencyTag({ld_tag: 93, tu_tag: 90, st_tag: -1}), op_name: GEMM_Tile[n=0,m=23], dims: 16x512x768, tile_m: 16, strategy: Output Stationary})
macro_95: MacroOp({op_type: MacroOpType.STORE, seq: 95, dep_tag: DependencyTag({ld_tag: -1, tu_tag: 94, st_tag: 91}), src_type: MemType.UNI_SRAM, dst_type: MemType.DRAM, dims: 16x512, comment: Store Output_C_Tile[n=0,m=23]})
macro_96: MacroOp({op_type: MacroOpType.LOAD, seq: 96, dep_tag: DependencyTag({ld_tag: 93, tu_tag: 94, st_tag: -1}), src_type: MemType.DRAM, dst_type: MemType.UNI_SRAM, dims: 768x512, comment: Load Weight_B_Tile[n=0,m=24]})
macro_97: MacroOp({op_type: MacroOpType.LOAD, seq: 97, dep_tag: DependencyTag({ld_tag: 96, tu_tag: 94, st_tag: -1}), src_type: MemType.DRAM, dst_type: MemType.UNI_SRAM, dims: 16x768, comment: Load Input_A_Tile[n=0,m=24]})
macro_98: MacroOp({op_type: MacroOpType.CONV, seq: 98, dep_tag: DependencyTag({ld_tag: 97, tu_tag: 94, st_tag: -1}), op_name: GEMM_Tile[n=0,m=24], dims: 16x512x768, tile_m: 16, strategy: Output Stationary})
macro_99: MacroOp({op_type: MacroOpType.STORE, seq: 99, dep_tag: DependencyTag({ld_tag: -1, tu_tag: 98, st_tag: 95}), src_type: MemType.UNI_SRAM, dst_type: MemType.DRAM, dims: 16x512, comment: Store Output_C_Tile[n=0,m=24]})
macro_100: MacroOp({op_type: MacroOpType.LOAD, seq: 100, dep_tag: DependencyTag({ld_tag: 97, tu_tag: 98, st_tag: -1}), src_type: MemType.DRAM, dst_type: MemType.UNI_SRAM, dims: 768x512, comment: Load Weight_B_Tile[n=0,m=25]})
macro_101: MacroOp({op_type: MacroOpType.LOAD, seq: 101, dep_tag: DependencyTag({ld_tag: 100, tu_tag: 98, st_tag: -1}), src_type: MemType.DRAM, dst_type: MemType.UNI_SRAM, dims: 16x768, comment: Load Input_A_Tile[n=0,m=25]})
macro_102: MacroOp({op_type: MacroOpType.CONV, seq: 102, dep_tag: DependencyTag({ld_tag: 101, tu_tag: 98, st_tag: -1}), op_name: GEMM_Tile[n=0,m=25], dims: 16x512x768, tile_m: 16, strategy: Output Stationary})
macro_103: MacroOp({op_type: MacroOpType.STORE, seq: 103, dep_tag: DependencyTag({ld_tag: -1, tu_tag: 102, st_tag: 99}), src_type: MemType.UNI_SRAM, dst_type: MemType.DRAM, dims: 16x512, comment: Store Output_C_Tile[n=0,m=25]})
macro_104: MacroOp({op_type: MacroOpType.LOAD, seq: 104, dep_tag: DependencyTag({ld_tag: 101, tu_tag: 102, st_tag: -1}), src_type: MemType.DRAM, dst_type: MemType.UNI_SRAM, dims: 768x512, comment: Load Weight_B_Tile[n=0,m=26]})
macro_105: MacroOp({op_type: MacroOpType.LOAD, seq: 105, dep_tag: DependencyTag({ld_tag: 104, tu_tag: 102, st_tag: -1}), src_type: MemType.DRAM, dst_type: MemType.UNI_SRAM, dims: 16x768, comment: Load Input_A_Tile[n=0,m=26]})
macro_106: MacroOp({op_type: MacroOpType.CONV, seq: 106, dep_tag: DependencyTag({ld_tag: 105, tu_tag: 102, st_tag: -1}), op_name: GEMM_Tile[n=0,m=26], dims: 16x512x768, tile_m: 16, strategy: Output Stationary})
macro_107: MacroOp({op_type: MacroOpType.STORE, seq: 107, dep_tag: DependencyTag({ld_tag: -1, tu_tag: 106, st_tag: 103}), src_type: MemType.UNI_SRAM, dst_type: MemType.DRAM, dims: 16x512, comment: Store Output_C_Tile[n=0,m=26]})
macro_108: MacroOp({op_type: MacroOpType.LOAD, seq: 108, dep_tag: DependencyTag({ld_tag: 105, tu_tag: 106, st_tag: -1}), src_type: MemType.DRAM, dst_type: MemType.UNI_SRAM, dims: 768x512, comment: Load Weight_B_Tile[n=0,m=27]})
macro_109: MacroOp({op_type: MacroOpType.LOAD, seq: 109, dep_tag: DependencyTag({ld_tag: 108, tu_tag: 106, st_tag: -1}), src_type: MemType.DRAM, dst_type: MemType.UNI_SRAM, dims: 16x768, comment: Load Input_A_Tile[n=0,m=27]})
macro_110: MacroOp({op_type: MacroOpType.CONV, seq: 110, dep_tag: DependencyTag({ld_tag: 109, tu_tag: 106, st_tag: -1}), op_name: GEMM_Tile[n=0,m=27], dims: 16x512x768, tile_m: 16, strategy: Output Stationary})
macro_111: MacroOp({op_type: MacroOpType.STORE, seq: 111, dep_tag: DependencyTag({ld_tag: -1, tu_tag: 110, st_tag: 107}), src_type: MemType.UNI_SRAM, dst_type: MemType.DRAM, dims: 16x512, comment: Store Output_C_Tile[n=0,m=27]})
macro_112: MacroOp({op_type: MacroOpType.LOAD, seq: 112, dep_tag: DependencyTag({ld_tag: 109, tu_tag: 110, st_tag: -1}), src_type: MemType.DRAM, dst_type: MemType.UNI_SRAM, dims: 768x512, comment: Load Weight_B_Tile[n=0,m=28]})
macro_113: MacroOp({op_type: MacroOpType.LOAD, seq: 113, dep_tag: DependencyTag({ld_tag: 112, tu_tag: 110, st_tag: -1}), src_type: MemType.DRAM, dst_type: MemType.UNI_SRAM, dims: 16x768, comment: Load Input_A_Tile[n=0,m=28]})
macro_114: MacroOp({op_type: MacroOpType.CONV, seq: 114, dep_tag: DependencyTag({ld_tag: 113, tu_tag: 110, st_tag: -1}), op_name: GEMM_Tile[n=0,m=28], dims: 16x512x768, tile_m: 16, strategy: Output Stationary})
macro_115: MacroOp({op_type: MacroOpType.STORE, seq: 115, dep_tag: DependencyTag({ld_tag: -1, tu_tag: 114, st_tag: 111}), src_type: MemType.UNI_SRAM, dst_type: MemType.DRAM, dims: 16x512, comment: Store Output_C_Tile[n=0,m=28]})
macro_116: MacroOp({op_type: MacroOpType.LOAD, seq: 116, dep_tag: DependencyTag({ld_tag: 113, tu_tag: 114, st_tag: -1}), src_type: MemType.DRAM, dst_type: MemType.UNI_SRAM, dims: 768x512, comment: Load Weight_B_Tile[n=0,m=29]})
macro_117: MacroOp({op_type: MacroOpType.LOAD, seq: 117, dep_tag: DependencyTag({ld_tag: 116, tu_tag: 114, st_tag: -1}), src_type: MemType.DRAM, dst_type: MemType.UNI_SRAM, dims: 16x768, comment: Load Input_A_Tile[n=0,m=29]})
macro_118: MacroOp({op_type: MacroOpType.CONV, seq: 118, dep_tag: DependencyTag({ld_tag: 117, tu_tag: 114, st_tag: -1}), op_name: GEMM_Tile[n=0,m=29], dims: 16x512x768, tile_m: 16, strategy: Output Stationary})
macro_119: MacroOp({op_type: MacroOpType.STORE, seq: 119, dep_tag: DependencyTag({ld_tag: -1, tu_tag: 118, st_tag: 115}), src_type: MemType.UNI_SRAM, dst_type: MemType.DRAM, dims: 16x512, comment: Store Output_C_Tile[n=0,m=29]})
macro_120: MacroOp({op_type: MacroOpType.LOAD, seq: 120, dep_tag: DependencyTag({ld_tag: 117, tu_tag: 118, st_tag: -1}), src_type: MemType.DRAM, dst_type: MemType.UNI_SRAM, dims: 768x512, comment: Load Weight_B_Tile[n=0,m=30]})
macro_121: MacroOp({op_type: MacroOpType.LOAD, seq: 121, dep_tag: DependencyTag({ld_tag: 120, tu_tag: 118, st_tag: -1}), src_type: MemType.DRAM, dst_type: MemType.UNI_SRAM, dims: 16x768, comment: Load Input_A_Tile[n=0,m=30]})
macro_122: MacroOp({op_type: MacroOpType.CONV, seq: 122, dep_tag: DependencyTag({ld_tag: 121, tu_tag: 118, st_tag: -1}), op_name: GEMM_Tile[n=0,m=30], dims: 16x512x768, tile_m: 16, strategy: Output Stationary})
macro_123: MacroOp({op_type: MacroOpType.STORE, seq: 123, dep_tag: DependencyTag({ld_tag: -1, tu_tag: 122, st_tag: 119}), src_type: MemType.UNI_SRAM, dst_type: MemType.DRAM, dims: 16x512, comment: Store Output_C_Tile[n=0,m=30]})
macro_124: MacroOp({op_type: MacroOpType.LOAD, seq: 124, dep_tag: DependencyTag({ld_tag: 121, tu_tag: 122, st_tag: -1}), src_type: MemType.DRAM, dst_type: MemType.UNI_SRAM, dims: 768x512, comment: Load Weight_B_Tile[n=0,m=31]})
macro_125: MacroOp({op_type: MacroOpType.LOAD, seq: 125, dep_tag: DependencyTag({ld_tag: 124, tu_tag: 122, st_tag: -1}), src_type: MemType.DRAM, dst_type: MemType.UNI_SRAM, dims: 16x768, comment: Load Input_A_Tile[n=0,m=31]})
macro_126: MacroOp({op_type: MacroOpType.CONV, seq: 126, dep_tag: DependencyTag({ld_tag: 125, tu_tag: 122, st_tag: -1}), op_name: GEMM_Tile[n=0,m=31], dims: 16x512x768, tile_m: 16, strategy: Output Stationary})
macro_127: MacroOp({op_type: MacroOpType.STORE, seq: 127, dep_tag: DependencyTag({ld_tag: -1, tu_tag: 126, st_tag: 123}), src_type: MemType.UNI_SRAM, dst_type: MemType.DRAM, dims: 16x512, comment: Store Output_C_Tile[n=0,m=31]})
macro_128: MacroOp({op_type: MacroOpType.LOAD, seq: 128, dep_tag: DependencyTag({ld_tag: 125, tu_tag: 126, st_tag: -1}), src_type: MemType.DRAM, dst_type: MemType.UNI_SRAM, dims: 768x256, comment: Load Weight_B_Tile[n=1,m=0]})
macro_129: MacroOp({op_type: MacroOpType.LOAD, seq: 129, dep_tag: DependencyTag({ld_tag: 128, tu_tag: 126, st_tag: -1}), src_type: MemType.DRAM, dst_type: MemType.UNI_SRAM, dims: 16x768, comment: Load Input_A_Tile[n=1,m=0]})
macro_130: MacroOp({op_type: MacroOpType.CONV, seq: 130, dep_tag: DependencyTag({ld_tag: 129, tu_tag: 126, st_tag: -1}), op_name: GEMM_Tile[n=1,m=0], dims: 16x256x768, tile_m: 16, strategy: Output Stationary})
macro_131: MacroOp({op_type: MacroOpType.STORE, seq: 131, dep_tag: DependencyTag({ld_tag: -1, tu_tag: 130, st_tag: 127}), src_type: MemType.UNI_SRAM, dst_type: MemType.DRAM, dims: 16x256, comment: Store Output_C_Tile[n=1,m=0]})
macro_132: MacroOp({op_type: MacroOpType.LOAD, seq: 132, dep_tag: DependencyTag({ld_tag: 129, tu_tag: 130, st_tag: -1}), src_type: MemType.DRAM, dst_type: MemType.UNI_SRAM, dims: 768x256, comment: Load Weight_B_Tile[n=1,m=1]})
macro_133: MacroOp({op_type: MacroOpType.LOAD, seq: 133, dep_tag: DependencyTag({ld_tag: 132, tu_tag: 130, st_tag: -1}), src_type: MemType.DRAM, dst_type: MemType.UNI_SRAM, dims: 16x768, comment: Load Input_A_Tile[n=1,m=1]})
macro_134: MacroOp({op_type: MacroOpType.CONV, seq: 134, dep_tag: DependencyTag({ld_tag: 133, tu_tag: 130, st_tag: -1}), op_name: GEMM_Tile[n=1,m=1], dims: 16x256x768, tile_m: 16, strategy: Output Stationary})
macro_135: MacroOp({op_type: MacroOpType.STORE, seq: 135, dep_tag: DependencyTag({ld_tag: -1, tu_tag: 134, st_tag: 131}), src_type: MemType.UNI_SRAM, dst_type: MemType.DRAM, dims: 16x256, comment: Store Output_C_Tile[n=1,m=1]})
macro_136: MacroOp({op_type: MacroOpType.LOAD, seq: 136, dep_tag: DependencyTag({ld_tag: 133, tu_tag: 134, st_tag: -1}), src_type: MemType.DRAM, dst_type: MemType.UNI_SRAM, dims: 768x256, comment: Load Weight_B_Tile[n=1,m=2]})
macro_137: MacroOp({op_type: MacroOpType.LOAD, seq: 137, dep_tag: DependencyTag({ld_tag: 136, tu_tag: 134, st_tag: -1}), src_type: MemType.DRAM, dst_type: MemType.UNI_SRAM, dims: 16x768, comment: Load Input_A_Tile[n=1,m=2]})
macro_138: MacroOp({op_type: MacroOpType.CONV, seq: 138, dep_tag: DependencyTag({ld_tag: 137, tu_tag: 134, st_tag: -1}), op_name: GEMM_Tile[n=1,m=2], dims: 16x256x768, tile_m: 16, strategy: Output Stationary})
macro_139: MacroOp({op_type: MacroOpType.STORE, seq: 139, dep_tag: DependencyTag({ld_tag: -1, tu_tag: 138, st_tag: 135}), src_type: MemType.UNI_SRAM, dst_type: MemType.DRAM, dims: 16x256, comment: Store Output_C_Tile[n=1,m=2]})
macro_140: MacroOp({op_type: MacroOpType.LOAD, seq: 140, dep_tag: DependencyTag({ld_tag: 137, tu_tag: 138, st_tag: -1}), src_type: MemType.DRAM, dst_type: MemType.UNI_SRAM, dims: 768x256, comment: Load Weight_B_Tile[n=1,m=3]})
macro_141: MacroOp({op_type: MacroOpType.LOAD, seq: 141, dep_tag: DependencyTag({ld_tag: 140, tu_tag: 138, st_tag: -1}), src_type: MemType.DRAM, dst_type: MemType.UNI_SRAM, dims: 16x768, comment: Load Input_A_Tile[n=1,m=3]})
macro_142: MacroOp({op_type: MacroOpType.CONV, seq: 142, dep_tag: DependencyTag({ld_tag: 141, tu_tag: 138, st_tag: -1}), op_name: GEMM_Tile[n=1,m=3], dims: 16x256x768, tile_m: 16, strategy: Output Stationary})
macro_143: MacroOp({op_type: MacroOpType.STORE, seq: 143, dep_tag: DependencyTag({ld_tag: -1, tu_tag: 142, st_tag: 139}), src_type: MemType.UNI_SRAM, dst_type: MemType.DRAM, dims: 16x256, comment: Store Output_C_Tile[n=1,m=3]})
macro_144: MacroOp({op_type: MacroOpType.LOAD, seq: 144, dep_tag: DependencyTag({ld_tag: 141, tu_tag: 142, st_tag: -1}), src_type: MemType.DRAM, dst_type: MemType.UNI_SRAM, dims: 768x256, comment: Load Weight_B_Tile[n=1,m=4]})
macro_145: MacroOp({op_type: MacroOpType.LOAD, seq: 145, dep_tag: DependencyTag({ld_tag: 144, tu_tag: 142, st_tag: -1}), src_type: MemType.DRAM, dst_type: MemType.UNI_SRAM, dims: 16x768, comment: Load Input_A_Tile[n=1,m=4]})
macro_146: MacroOp({op_type: MacroOpType.CONV, seq: 146, dep_tag: DependencyTag({ld_tag: 145, tu_tag: 142, st_tag: -1}), op_name: GEMM_Tile[n=1,m=4], dims: 16x256x768, tile_m: 16, strategy: Output Stationary})
macro_147: MacroOp({op_type: MacroOpType.STORE, seq: 147, dep_tag: DependencyTag({ld_tag: -1, tu_tag: 146, st_tag: 143}), src_type: MemType.UNI_SRAM, dst_type: MemType.DRAM, dims: 16x256, comment: Store Output_C_Tile[n=1,m=4]})
macro_148: MacroOp({op_type: MacroOpType.LOAD, seq: 148, dep_tag: DependencyTag({ld_tag: 145, tu_tag: 146, st_tag: -1}), src_type: MemType.DRAM, dst_type: MemType.UNI_SRAM, dims: 768x256, comment: Load Weight_B_Tile[n=1,m=5]})
macro_149: MacroOp({op_type: MacroOpType.LOAD, seq: 149, dep_tag: DependencyTag({ld_tag: 148, tu_tag: 146, st_tag: -1}), src_type: MemType.DRAM, dst_type: MemType.UNI_SRAM, dims: 16x768, comment: Load Input_A_Tile[n=1,m=5]})
macro_150: MacroOp({op_type: MacroOpType.CONV, seq: 150, dep_tag: DependencyTag({ld_tag: 149, tu_tag: 146, st_tag: -1}), op_name: GEMM_Tile[n=1,m=5], dims: 16x256x768, tile_m: 16, strategy: Output Stationary})
macro_151: MacroOp({op_type: MacroOpType.STORE, seq: 151, dep_tag: DependencyTag({ld_tag: -1, tu_tag: 150, st_tag: 147}), src_type: MemType.UNI_SRAM, dst_type: MemType.DRAM, dims: 16x256, comment: Store Output_C_Tile[n=1,m=5]})
macro_152: MacroOp({op_type: MacroOpType.LOAD, seq: 152, dep_tag: DependencyTag({ld_tag: 149, tu_tag: 150, st_tag: -1}), src_type: MemType.DRAM, dst_type: MemType.UNI_SRAM, dims: 768x256, comment: Load Weight_B_Tile[n=1,m=6]})
macro_153: MacroOp({op_type: MacroOpType.LOAD, seq: 153, dep_tag: DependencyTag({ld_tag: 152, tu_tag: 150, st_tag: -1}), src_type: MemType.DRAM, dst_type: MemType.UNI_SRAM, dims: 16x768, comment: Load Input_A_Tile[n=1,m=6]})
macro_154: MacroOp({op_type: MacroOpType.CONV, seq: 154, dep_tag: DependencyTag({ld_tag: 153, tu_tag: 150, st_tag: -1}), op_name: GEMM_Tile[n=1,m=6], dims: 16x256x768, tile_m: 16, strategy: Output Stationary})
macro_155: MacroOp({op_type: MacroOpType.STORE, seq: 155, dep_tag: DependencyTag({ld_tag: -1, tu_tag: 154, st_tag: 151}), src_type: MemType.UNI_SRAM, dst_type: MemType.DRAM, dims: 16x256, comment: Store Output_C_Tile[n=1,m=6]})
macro_156: MacroOp({op_type: MacroOpType.LOAD, seq: 156, dep_tag: DependencyTag({ld_tag: 153, tu_tag: 154, st_tag: -1}), src_type: MemType.DRAM, dst_type: MemType.UNI_SRAM, dims: 768x256, comment: Load Weight_B_Tile[n=1,m=7]})
macro_157: MacroOp({op_type: MacroOpType.LOAD, seq: 157, dep_tag: DependencyTag({ld_tag: 156, tu_tag: 154, st_tag: -1}), src_type: MemType.DRAM, dst_type: MemType.UNI_SRAM, dims: 16x768, comment: Load Input_A_Tile[n=1,m=7]})
macro_158: MacroOp({op_type: MacroOpType.CONV, seq: 158, dep_tag: DependencyTag({ld_tag: 157, tu_tag: 154, st_tag: -1}), op_name: GEMM_Tile[n=1,m=7], dims: 16x256x768, tile_m: 16, strategy: Output Stationary})
macro_159: MacroOp({op_type: MacroOpType.STORE, seq: 159, dep_tag: DependencyTag({ld_tag: -1, tu_tag: 158, st_tag: 155}), src_type: MemType.UNI_SRAM, dst_type: MemType.DRAM, dims: 16x256, comment: Store Output_C_Tile[n=1,m=7]})
macro_160: MacroOp({op_type: MacroOpType.LOAD, seq: 160, dep_tag: DependencyTag({ld_tag: 157, tu_tag: 158, st_tag: -1}), src_type: MemType.DRAM, dst_type: MemType.UNI_SRAM, dims: 768x256, comment: Load Weight_B_Tile[n=1,m=8]})
macro_161: MacroOp({op_type: MacroOpType.LOAD, seq: 161, dep_tag: DependencyTag({ld_tag: 160, tu_tag: 158, st_tag: -1}), src_type: MemType.DRAM, dst_type: MemType.UNI_SRAM, dims: 16x768, comment: Load Input_A_Tile[n=1,m=8]})
macro_162: MacroOp({op_type: MacroOpType.CONV, seq: 162, dep_tag: DependencyTag({ld_tag: 161, tu_tag: 158, st_tag: -1}), op_name: GEMM_Tile[n=1,m=8], dims: 16x256x768, tile_m: 16, strategy: Output Stationary})
macro_163: MacroOp({op_type: MacroOpType.STORE, seq: 163, dep_tag: DependencyTag({ld_tag: -1, tu_tag: 162, st_tag: 159}), src_type: MemType.UNI_SRAM, dst_type: MemType.DRAM, dims: 16x256, comment: Store Output_C_Tile[n=1,m=8]})
macro_164: MacroOp({op_type: MacroOpType.LOAD, seq: 164, dep_tag: DependencyTag({ld_tag: 161, tu_tag: 162, st_tag: -1}), src_type: MemType.DRAM, dst_type: MemType.UNI_SRAM, dims: 768x256, comment: Load Weight_B_Tile[n=1,m=9]})
macro_165: MacroOp({op_type: MacroOpType.LOAD, seq: 165, dep_tag: DependencyTag({ld_tag: 164, tu_tag: 162, st_tag: -1}), src_type: MemType.DRAM, dst_type: MemType.UNI_SRAM, dims: 16x768, comment: Load Input_A_Tile[n=1,m=9]})
macro_166: MacroOp({op_type: MacroOpType.CONV, seq: 166, dep_tag: DependencyTag({ld_tag: 165, tu_tag: 162, st_tag: -1}), op_name: GEMM_Tile[n=1,m=9], dims: 16x256x768, tile_m: 16, strategy: Output Stationary})
macro_167: MacroOp({op_type: MacroOpType.STORE, seq: 167, dep_tag: DependencyTag({ld_tag: -1, tu_tag: 166, st_tag: 163}), src_type: MemType.UNI_SRAM, dst_type: MemType.DRAM, dims: 16x256, comment: Store Output_C_Tile[n=1,m=9]})
macro_168: MacroOp({op_type: MacroOpType.LOAD, seq: 168, dep_tag: DependencyTag({ld_tag: 165, tu_tag: 166, st_tag: -1}), src_type: MemType.DRAM, dst_type: MemType.UNI_SRAM, dims: 768x256, comment: Load Weight_B_Tile[n=1,m=10]})
macro_169: MacroOp({op_type: MacroOpType.LOAD, seq: 169, dep_tag: DependencyTag({ld_tag: 168, tu_tag: 166, st_tag: -1}), src_type: MemType.DRAM, dst_type: MemType.UNI_SRAM, dims: 16x768, comment: Load Input_A_Tile[n=1,m=10]})
macro_170: MacroOp({op_type: MacroOpType.CONV, seq: 170, dep_tag: DependencyTag({ld_tag: 169, tu_tag: 166, st_tag: -1}), op_name: GEMM_Tile[n=1,m=10], dims: 16x256x768, tile_m: 16, strategy: Output Stationary})
macro_171: MacroOp({op_type: MacroOpType.STORE, seq: 171, dep_tag: DependencyTag({ld_tag: -1, tu_tag: 170, st_tag: 167}), src_type: MemType.UNI_SRAM, dst_type: MemType.DRAM, dims: 16x256, comment: Store Output_C_Tile[n=1,m=10]})
macro_172: MacroOp({op_type: MacroOpType.LOAD, seq: 172, dep_tag: DependencyTag({ld_tag: 169, tu_tag: 170, st_tag: -1}), src_type: MemType.DRAM, dst_type: MemType.UNI_SRAM, dims: 768x256, comment: Load Weight_B_Tile[n=1,m=11]})
macro_173: MacroOp({op_type: MacroOpType.LOAD, seq: 173, dep_tag: DependencyTag({ld_tag: 172, tu_tag: 170, st_tag: -1}), src_type: MemType.DRAM, dst_type: MemType.UNI_SRAM, dims: 16x768, comment: Load Input_A_Tile[n=1,m=11]})
macro_174: MacroOp({op_type: MacroOpType.CONV, seq: 174, dep_tag: DependencyTag({ld_tag: 173, tu_tag: 170, st_tag: -1}), op_name: GEMM_Tile[n=1,m=11], dims: 16x256x768, tile_m: 16, strategy: Output Stationary})
macro_175: MacroOp({op_type: MacroOpType.STORE, seq: 175, dep_tag: DependencyTag({ld_tag: -1, tu_tag: 174, st_tag: 171}), src_type: MemType.UNI_SRAM, dst_type: MemType.DRAM, dims: 16x256, comment: Store Output_C_Tile[n=1,m=11]})
macro_176: MacroOp({op_type: MacroOpType.LOAD, seq: 176, dep_tag: DependencyTag({ld_tag: 173, tu_tag: 174, st_tag: -1}), src_type: MemType.DRAM, dst_type: MemType.UNI_SRAM, dims: 768x256, comment: Load Weight_B_Tile[n=1,m=12]})
macro_177: MacroOp({op_type: MacroOpType.LOAD, seq: 177, dep_tag: DependencyTag({ld_tag: 176, tu_tag: 174, st_tag: -1}), src_type: MemType.DRAM, dst_type: MemType.UNI_SRAM, dims: 16x768, comment: Load Input_A_Tile[n=1,m=12]})
macro_178: MacroOp({op_type: MacroOpType.CONV, seq: 178, dep_tag: DependencyTag({ld_tag: 177, tu_tag: 174, st_tag: -1}), op_name: GEMM_Tile[n=1,m=12], dims: 16x256x768, tile_m: 16, strategy: Output Stationary})
macro_179: MacroOp({op_type: MacroOpType.STORE, seq: 179, dep_tag: DependencyTag({ld_tag: -1, tu_tag: 178, st_tag: 175}), src_type: MemType.UNI_SRAM, dst_type: MemType.DRAM, dims: 16x256, comment: Store Output_C_Tile[n=1,m=12]})
macro_180: MacroOp({op_type: MacroOpType.LOAD, seq: 180, dep_tag: DependencyTag({ld_tag: 177, tu_tag: 178, st_tag: -1}), src_type: MemType.DRAM, dst_type: MemType.UNI_SRAM, dims: 768x256, comment: Load Weight_B_Tile[n=1,m=13]})
macro_181: MacroOp({op_type: MacroOpType.LOAD, seq: 181, dep_tag: DependencyTag({ld_tag: 180, tu_tag: 178, st_tag: -1}), src_type: MemType.DRAM, dst_type: MemType.UNI_SRAM, dims: 16x768, comment: Load Input_A_Tile[n=1,m=13]})
macro_182: MacroOp({op_type: MacroOpType.CONV, seq: 182, dep_tag: DependencyTag({ld_tag: 181, tu_tag: 178, st_tag: -1}), op_name: GEMM_Tile[n=1,m=13], dims: 16x256x768, tile_m: 16, strategy: Output Stationary})
macro_183: MacroOp({op_type: MacroOpType.STORE, seq: 183, dep_tag: DependencyTag({ld_tag: -1, tu_tag: 182, st_tag: 179}), src_type: MemType.UNI_SRAM, dst_type: MemType.DRAM, dims: 16x256, comment: Store Output_C_Tile[n=1,m=13]})
macro_184: MacroOp({op_type: MacroOpType.LOAD, seq: 184, dep_tag: DependencyTag({ld_tag: 181, tu_tag: 182, st_tag: -1}), src_type: MemType.DRAM, dst_type: MemType.UNI_SRAM, dims: 768x256, comment: Load Weight_B_Tile[n=1,m=14]})
macro_185: MacroOp({op_type: MacroOpType.LOAD, seq: 185, dep_tag: DependencyTag({ld_tag: 184, tu_tag: 182, st_tag: -1}), src_type: MemType.DRAM, dst_type: MemType.UNI_SRAM, dims: 16x768, comment: Load Input_A_Tile[n=1,m=14]})
macro_186: MacroOp({op_type: MacroOpType.CONV, seq: 186, dep_tag: DependencyTag({ld_tag: 185, tu_tag: 182, st_tag: -1}), op_name: GEMM_Tile[n=1,m=14], dims: 16x256x768, tile_m: 16, strategy: Output Stationary})
macro_187: MacroOp({op_type: MacroOpType.STORE, seq: 187, dep_tag: DependencyTag({ld_tag: -1, tu_tag: 186, st_tag: 183}), src_type: MemType.UNI_SRAM, dst_type: MemType.DRAM, dims: 16x256, comment: Store Output_C_Tile[n=1,m=14]})
macro_188: MacroOp({op_type: MacroOpType.LOAD, seq: 188, dep_tag: DependencyTag({ld_tag: 185, tu_tag: 186, st_tag: -1}), src_type: MemType.DRAM, dst_type: MemType.UNI_SRAM, dims: 768x256, comment: Load Weight_B_Tile[n=1,m=15]})
macro_189: MacroOp({op_type: MacroOpType.LOAD, seq: 189, dep_tag: DependencyTag({ld_tag: 188, tu_tag: 186, st_tag: -1}), src_type: MemType.DRAM, dst_type: MemType.UNI_SRAM, dims: 16x768, comment: Load Input_A_Tile[n=1,m=15]})
macro_190: MacroOp({op_type: MacroOpType.CONV, seq: 190, dep_tag: DependencyTag({ld_tag: 189, tu_tag: 186, st_tag: -1}), op_name: GEMM_Tile[n=1,m=15], dims: 16x256x768, tile_m: 16, strategy: Output Stationary})
macro_191: MacroOp({op_type: MacroOpType.STORE, seq: 191, dep_tag: DependencyTag({ld_tag: -1, tu_tag: 190, st_tag: 187}), src_type: MemType.UNI_SRAM, dst_type: MemType.DRAM, dims: 16x256, comment: Store Output_C_Tile[n=1,m=15]})
macro_192: MacroOp({op_type: MacroOpType.LOAD, seq: 192, dep_tag: DependencyTag({ld_tag: 189, tu_tag: 190, st_tag: -1}), src_type: MemType.DRAM, dst_type: MemType.UNI_SRAM, dims: 768x256, comment: Load Weight_B_Tile[n=1,m=16]})
macro_193: MacroOp({op_type: MacroOpType.LOAD, seq: 193, dep_tag: DependencyTag({ld_tag: 192, tu_tag: 190, st_tag: -1}), src_type: MemType.DRAM, dst_type: MemType.UNI_SRAM, dims: 16x768, comment: Load Input_A_Tile[n=1,m=16]})
macro_194: MacroOp({op_type: MacroOpType.CONV, seq: 194, dep_tag: DependencyTag({ld_tag: 193, tu_tag: 190, st_tag: -1}), op_name: GEMM_Tile[n=1,m=16], dims: 16x256x768, tile_m: 16, strategy: Output Stationary})
macro_195: MacroOp({op_type: MacroOpType.STORE, seq: 195, dep_tag: DependencyTag({ld_tag: -1, tu_tag: 194, st_tag: 191}), src_type: MemType.UNI_SRAM, dst_type: MemType.DRAM, dims: 16x256, comment: Store Output_C_Tile[n=1,m=16]})
macro_196: MacroOp({op_type: MacroOpType.LOAD, seq: 196, dep_tag: DependencyTag({ld_tag: 193, tu_tag: 194, st_tag: -1}), src_type: MemType.DRAM, dst_type: MemType.UNI_SRAM, dims: 768x256, comment: Load Weight_B_Tile[n=1,m=17]})
macro_197: MacroOp({op_type: MacroOpType.LOAD, seq: 197, dep_tag: DependencyTag({ld_tag: 196, tu_tag: 194, st_tag: -1}), src_type: MemType.DRAM, dst_type: MemType.UNI_SRAM, dims: 16x768, comment: Load Input_A_Tile[n=1,m=17]})
macro_198: MacroOp({op_type: MacroOpType.CONV, seq: 198, dep_tag: DependencyTag({ld_tag: 197, tu_tag: 194, st_tag: -1}), op_name: GEMM_Tile[n=1,m=17], dims: 16x256x768, tile_m: 16, strategy: Output Stationary})
macro_199: MacroOp({op_type: MacroOpType.STORE, seq: 199, dep_tag: DependencyTag({ld_tag: -1, tu_tag: 198, st_tag: 195}), src_type: MemType.UNI_SRAM, dst_type: MemType.DRAM, dims: 16x256, comment: Store Output_C_Tile[n=1,m=17]})
macro_200: MacroOp({op_type: MacroOpType.LOAD, seq: 200, dep_tag: DependencyTag({ld_tag: 197, tu_tag: 198, st_tag: -1}), src_type: MemType.DRAM, dst_type: MemType.UNI_SRAM, dims: 768x256, comment: Load Weight_B_Tile[n=1,m=18]})
macro_201: MacroOp({op_type: MacroOpType.LOAD, seq: 201, dep_tag: DependencyTag({ld_tag: 200, tu_tag: 198, st_tag: -1}), src_type: MemType.DRAM, dst_type: MemType.UNI_SRAM, dims: 16x768, comment: Load Input_A_Tile[n=1,m=18]})
macro_202: MacroOp({op_type: MacroOpType.CONV, seq: 202, dep_tag: DependencyTag({ld_tag: 201, tu_tag: 198, st_tag: -1}), op_name: GEMM_Tile[n=1,m=18], dims: 16x256x768, tile_m: 16, strategy: Output Stationary})
macro_203: MacroOp({op_type: MacroOpType.STORE, seq: 203, dep_tag: DependencyTag({ld_tag: -1, tu_tag: 202, st_tag: 199}), src_type: MemType.UNI_SRAM, dst_type: MemType.DRAM, dims: 16x256, comment: Store Output_C_Tile[n=1,m=18]})
macro_204: MacroOp({op_type: MacroOpType.LOAD, seq: 204, dep_tag: DependencyTag({ld_tag: 201, tu_tag: 202, st_tag: -1}), src_type: MemType.DRAM, dst_type: MemType.UNI_SRAM, dims: 768x256, comment: Load Weight_B_Tile[n=1,m=19]})
macro_205: MacroOp({op_type: MacroOpType.LOAD, seq: 205, dep_tag: DependencyTag({ld_tag: 204, tu_tag: 202, st_tag: -1}), src_type: MemType.DRAM, dst_type: MemType.UNI_SRAM, dims: 16x768, comment: Load Input_A_Tile[n=1,m=19]})
macro_206: MacroOp({op_type: MacroOpType.CONV, seq: 206, dep_tag: DependencyTag({ld_tag: 205, tu_tag: 202, st_tag: -1}), op_name: GEMM_Tile[n=1,m=19], dims: 16x256x768, tile_m: 16, strategy: Output Stationary})
macro_207: MacroOp({op_type: MacroOpType.STORE, seq: 207, dep_tag: DependencyTag({ld_tag: -1, tu_tag: 206, st_tag: 203}), src_type: MemType.UNI_SRAM, dst_type: MemType.DRAM, dims: 16x256, comment: Store Output_C_Tile[n=1,m=19]})
macro_208: MacroOp({op_type: MacroOpType.LOAD, seq: 208, dep_tag: DependencyTag({ld_tag: 205, tu_tag: 206, st_tag: -1}), src_type: MemType.DRAM, dst_type: MemType.UNI_SRAM, dims: 768x256, comment: Load Weight_B_Tile[n=1,m=20]})
macro_209: MacroOp({op_type: MacroOpType.LOAD, seq: 209, dep_tag: DependencyTag({ld_tag: 208, tu_tag: 206, st_tag: -1}), src_type: MemType.DRAM, dst_type: MemType.UNI_SRAM, dims: 16x768, comment: Load Input_A_Tile[n=1,m=20]})
macro_210: MacroOp({op_type: MacroOpType.CONV, seq: 210, dep_tag: DependencyTag({ld_tag: 209, tu_tag: 206, st_tag: -1}), op_name: GEMM_Tile[n=1,m=20], dims: 16x256x768, tile_m: 16, strategy: Output Stationary})
macro_211: MacroOp({op_type: MacroOpType.STORE, seq: 211, dep_tag: DependencyTag({ld_tag: -1, tu_tag: 210, st_tag: 207}), src_type: MemType.UNI_SRAM, dst_type: MemType.DRAM, dims: 16x256, comment: Store Output_C_Tile[n=1,m=20]})
macro_212: MacroOp({op_type: MacroOpType.LOAD, seq: 212, dep_tag: DependencyTag({ld_tag: 209, tu_tag: 210, st_tag: -1}), src_type: MemType.DRAM, dst_type: MemType.UNI_SRAM, dims: 768x256, comment: Load Weight_B_Tile[n=1,m=21]})
macro_213: MacroOp({op_type: MacroOpType.LOAD, seq: 213, dep_tag: DependencyTag({ld_tag: 212, tu_tag: 210, st_tag: -1}), src_type: MemType.DRAM, dst_type: MemType.UNI_SRAM, dims: 16x768, comment: Load Input_A_Tile[n=1,m=21]})
macro_214: MacroOp({op_type: MacroOpType.CONV, seq: 214, dep_tag: DependencyTag({ld_tag: 213, tu_tag: 210, st_tag: -1}), op_name: GEMM_Tile[n=1,m=21], dims: 16x256x768, tile_m: 16, strategy: Output Stationary})
macro_215: MacroOp({op_type: MacroOpType.STORE, seq: 215, dep_tag: DependencyTag({ld_tag: -1, tu_tag: 214, st_tag: 211}), src_type: MemType.UNI_SRAM, dst_type: MemType.DRAM, dims: 16x256, comment: Store Output_C_Tile[n=1,m=21]})
macro_216: MacroOp({op_type: MacroOpType.LOAD, seq: 216, dep_tag: DependencyTag({ld_tag: 213, tu_tag: 214, st_tag: -1}), src_type: MemType.DRAM, dst_type: MemType.UNI_SRAM, dims: 768x256, comment: Load Weight_B_Tile[n=1,m=22]})
macro_217: MacroOp({op_type: MacroOpType.LOAD, seq: 217, dep_tag: DependencyTag({ld_tag: 216, tu_tag: 214, st_tag: -1}), src_type: MemType.DRAM, dst_type: MemType.UNI_SRAM, dims: 16x768, comment: Load Input_A_Tile[n=1,m=22]})
macro_218: MacroOp({op_type: MacroOpType.CONV, seq: 218, dep_tag: DependencyTag({ld_tag: 217, tu_tag: 214, st_tag: -1}), op_name: GEMM_Tile[n=1,m=22], dims: 16x256x768, tile_m: 16, strategy: Output Stationary})
macro_219: MacroOp({op_type: MacroOpType.STORE, seq: 219, dep_tag: DependencyTag({ld_tag: -1, tu_tag: 218, st_tag: 215}), src_type: MemType.UNI_SRAM, dst_type: MemType.DRAM, dims: 16x256, comment: Store Output_C_Tile[n=1,m=22]})
macro_220: MacroOp({op_type: MacroOpType.LOAD, seq: 220, dep_tag: DependencyTag({ld_tag: 217, tu_tag: 218, st_tag: -1}), src_type: MemType.DRAM, dst_type: MemType.UNI_SRAM, dims: 768x256, comment: Load Weight_B_Tile[n=1,m=23]})
macro_221: MacroOp({op_type: MacroOpType.LOAD, seq: 221, dep_tag: DependencyTag({ld_tag: 220, tu_tag: 218, st_tag: -1}), src_type: MemType.DRAM, dst_type: MemType.UNI_SRAM, dims: 16x768, comment: Load Input_A_Tile[n=1,m=23]})
macro_222: MacroOp({op_type: MacroOpType.CONV, seq: 222, dep_tag: DependencyTag({ld_tag: 221, tu_tag: 218, st_tag: -1}), op_name: GEMM_Tile[n=1,m=23], dims: 16x256x768, tile_m: 16, strategy: Output Stationary})
macro_223: MacroOp({op_type: MacroOpType.STORE, seq: 223, dep_tag: DependencyTag({ld_tag: -1, tu_tag: 222, st_tag: 219}), src_type: MemType.UNI_SRAM, dst_type: MemType.DRAM, dims: 16x256, comment: Store Output_C_Tile[n=1,m=23]})
macro_224: MacroOp({op_type: MacroOpType.LOAD, seq: 224, dep_tag: DependencyTag({ld_tag: 221, tu_tag: 222, st_tag: -1}), src_type: MemType.DRAM, dst_type: MemType.UNI_SRAM, dims: 768x256, comment: Load Weight_B_Tile[n=1,m=24]})
macro_225: MacroOp({op_type: MacroOpType.LOAD, seq: 225, dep_tag: DependencyTag({ld_tag: 224, tu_tag: 222, st_tag: -1}), src_type: MemType.DRAM, dst_type: MemType.UNI_SRAM, dims: 16x768, comment: Load Input_A_Tile[n=1,m=24]})
macro_226: MacroOp({op_type: MacroOpType.CONV, seq: 226, dep_tag: DependencyTag({ld_tag: 225, tu_tag: 222, st_tag: -1}), op_name: GEMM_Tile[n=1,m=24], dims: 16x256x768, tile_m: 16, strategy: Output Stationary})
macro_227: MacroOp({op_type: MacroOpType.STORE, seq: 227, dep_tag: DependencyTag({ld_tag: -1, tu_tag: 226, st_tag: 223}), src_type: MemType.UNI_SRAM, dst_type: MemType.DRAM, dims: 16x256, comment: Store Output_C_Tile[n=1,m=24]})
macro_228: MacroOp({op_type: MacroOpType.LOAD, seq: 228, dep_tag: DependencyTag({ld_tag: 225, tu_tag: 226, st_tag: -1}), src_type: MemType.DRAM, dst_type: MemType.UNI_SRAM, dims: 768x256, comment: Load Weight_B_Tile[n=1,m=25]})
macro_229: MacroOp({op_type: MacroOpType.LOAD, seq: 229, dep_tag: DependencyTag({ld_tag: 228, tu_tag: 226, st_tag: -1}), src_type: MemType.DRAM, dst_type: MemType.UNI_SRAM, dims: 16x768, comment: Load Input_A_Tile[n=1,m=25]})
macro_230: MacroOp({op_type: MacroOpType.CONV, seq: 230, dep_tag: DependencyTag({ld_tag: 229, tu_tag: 226, st_tag: -1}), op_name: GEMM_Tile[n=1,m=25], dims: 16x256x768, tile_m: 16, strategy: Output Stationary})
macro_231: MacroOp({op_type: MacroOpType.STORE, seq: 231, dep_tag: DependencyTag({ld_tag: -1, tu_tag: 230, st_tag: 227}), src_type: MemType.UNI_SRAM, dst_type: MemType.DRAM, dims: 16x256, comment: Store Output_C_Tile[n=1,m=25]})
macro_232: MacroOp({op_type: MacroOpType.LOAD, seq: 232, dep_tag: DependencyTag({ld_tag: 229, tu_tag: 230, st_tag: -1}), src_type: MemType.DRAM, dst_type: MemType.UNI_SRAM, dims: 768x256, comment: Load Weight_B_Tile[n=1,m=26]})
macro_233: MacroOp({op_type: MacroOpType.LOAD, seq: 233, dep_tag: DependencyTag({ld_tag: 232, tu_tag: 230, st_tag: -1}), src_type: MemType.DRAM, dst_type: MemType.UNI_SRAM, dims: 16x768, comment: Load Input_A_Tile[n=1,m=26]})
macro_234: MacroOp({op_type: MacroOpType.CONV, seq: 234, dep_tag: DependencyTag({ld_tag: 233, tu_tag: 230, st_tag: -1}), op_name: GEMM_Tile[n=1,m=26], dims: 16x256x768, tile_m: 16, strategy: Output Stationary})
macro_235: MacroOp({op_type: MacroOpType.STORE, seq: 235, dep_tag: DependencyTag({ld_tag: -1, tu_tag: 234, st_tag: 231}), src_type: MemType.UNI_SRAM, dst_type: MemType.DRAM, dims: 16x256, comment: Store Output_C_Tile[n=1,m=26]})
macro_236: MacroOp({op_type: MacroOpType.LOAD, seq: 236, dep_tag: DependencyTag({ld_tag: 233, tu_tag: 234, st_tag: -1}), src_type: MemType.DRAM, dst_type: MemType.UNI_SRAM, dims: 768x256, comment: Load Weight_B_Tile[n=1,m=27]})
macro_237: MacroOp({op_type: MacroOpType.LOAD, seq: 237, dep_tag: DependencyTag({ld_tag: 236, tu_tag: 234, st_tag: -1}), src_type: MemType.DRAM, dst_type: MemType.UNI_SRAM, dims: 16x768, comment: Load Input_A_Tile[n=1,m=27]})
macro_238: MacroOp({op_type: MacroOpType.CONV, seq: 238, dep_tag: DependencyTag({ld_tag: 237, tu_tag: 234, st_tag: -1}), op_name: GEMM_Tile[n=1,m=27], dims: 16x256x768, tile_m: 16, strategy: Output Stationary})
macro_239: MacroOp({op_type: MacroOpType.STORE, seq: 239, dep_tag: DependencyTag({ld_tag: -1, tu_tag: 238, st_tag: 235}), src_type: MemType.UNI_SRAM, dst_type: MemType.DRAM, dims: 16x256, comment: Store Output_C_Tile[n=1,m=27]})
macro_240: MacroOp({op_type: MacroOpType.LOAD, seq: 240, dep_tag: DependencyTag({ld_tag: 237, tu_tag: 238, st_tag: -1}), src_type: MemType.DRAM, dst_type: MemType.UNI_SRAM, dims: 768x256, comment: Load Weight_B_Tile[n=1,m=28]})
macro_241: MacroOp({op_type: MacroOpType.LOAD, seq: 241, dep_tag: DependencyTag({ld_tag: 240, tu_tag: 238, st_tag: -1}), src_type: MemType.DRAM, dst_type: MemType.UNI_SRAM, dims: 16x768, comment: Load Input_A_Tile[n=1,m=28]})
macro_242: MacroOp({op_type: MacroOpType.CONV, seq: 242, dep_tag: DependencyTag({ld_tag: 241, tu_tag: 238, st_tag: -1}), op_name: GEMM_Tile[n=1,m=28], dims: 16x256x768, tile_m: 16, strategy: Output Stationary})
macro_243: MacroOp({op_type: MacroOpType.STORE, seq: 243, dep_tag: DependencyTag({ld_tag: -1, tu_tag: 242, st_tag: 239}), src_type: MemType.UNI_SRAM, dst_type: MemType.DRAM, dims: 16x256, comment: Store Output_C_Tile[n=1,m=28]})
macro_244: MacroOp({op_type: MacroOpType.LOAD, seq: 244, dep_tag: DependencyTag({ld_tag: 241, tu_tag: 242, st_tag: -1}), src_type: MemType.DRAM, dst_type: MemType.UNI_SRAM, dims: 768x256, comment: Load Weight_B_Tile[n=1,m=29]})
macro_245: MacroOp({op_type: MacroOpType.LOAD, seq: 245, dep_tag: DependencyTag({ld_tag: 244, tu_tag: 242, st_tag: -1}), src_type: MemType.DRAM, dst_type: MemType.UNI_SRAM, dims: 16x768, comment: Load Input_A_Tile[n=1,m=29]})
macro_246: MacroOp({op_type: MacroOpType.CONV, seq: 246, dep_tag: DependencyTag({ld_tag: 245, tu_tag: 242, st_tag: -1}), op_name: GEMM_Tile[n=1,m=29], dims: 16x256x768, tile_m: 16, strategy: Output Stationary})
macro_247: MacroOp({op_type: MacroOpType.STORE, seq: 247, dep_tag: DependencyTag({ld_tag: -1, tu_tag: 246, st_tag: 243}), src_type: MemType.UNI_SRAM, dst_type: MemType.DRAM, dims: 16x256, comment: Store Output_C_Tile[n=1,m=29]})
macro_248: MacroOp({op_type: MacroOpType.LOAD, seq: 248, dep_tag: DependencyTag({ld_tag: 245, tu_tag: 246, st_tag: -1}), src_type: MemType.DRAM, dst_type: MemType.UNI_SRAM, dims: 768x256, comment: Load Weight_B_Tile[n=1,m=30]})
macro_249: MacroOp({op_type: MacroOpType.LOAD, seq: 249, dep_tag: DependencyTag({ld_tag: 248, tu_tag: 246, st_tag: -1}), src_type: MemType.DRAM, dst_type: MemType.UNI_SRAM, dims: 16x768, comment: Load Input_A_Tile[n=1,m=30]})
macro_250: MacroOp({op_type: MacroOpType.CONV, seq: 250, dep_tag: DependencyTag({ld_tag: 249, tu_tag: 246, st_tag: -1}), op_name: GEMM_Tile[n=1,m=30], dims: 16x256x768, tile_m: 16, strategy: Output Stationary})
macro_251: MacroOp({op_type: MacroOpType.STORE, seq: 251, dep_tag: DependencyTag({ld_tag: -1, tu_tag: 250, st_tag: 247}), src_type: MemType.UNI_SRAM, dst_type: MemType.DRAM, dims: 16x256, comment: Store Output_C_Tile[n=1,m=30]})
macro_252: MacroOp({op_type: MacroOpType.LOAD, seq: 252, dep_tag: DependencyTag({ld_tag: 249, tu_tag: 250, st_tag: -1}), src_type: MemType.DRAM, dst_type: MemType.UNI_SRAM, dims: 768x256, comment: Load Weight_B_Tile[n=1,m=31]})
macro_253: MacroOp({op_type: MacroOpType.LOAD, seq: 253, dep_tag: DependencyTag({ld_tag: 252, tu_tag: 250, st_tag: -1}), src_type: MemType.DRAM, dst_type: MemType.UNI_SRAM, dims: 16x768, comment: Load Input_A_Tile[n=1,m=31]})
macro_254: MacroOp({op_type: MacroOpType.CONV, seq: 254, dep_tag: DependencyTag({ld_tag: 253, tu_tag: 250, st_tag: -1}), op_name: GEMM_Tile[n=1,m=31], dims: 16x256x768, tile_m: 16, strategy: Output Stationary})
macro_255: MacroOp({op_type: MacroOpType.STORE, seq: 255, dep_tag: DependencyTag({ld_tag: -1, tu_tag: 254, st_tag: 251}), src_type: MemType.UNI_SRAM, dst_type: MemType.DRAM, dims: 16x256, comment: Store Output_C_Tile[n=1,m=31]})

[Layer Start] Attn_Score_Head0 (512x512x64)
macro_256: MacroOp({op_type: MacroOpType.LOAD, seq: 256, dep_tag: DependencyTag({ld_tag: 253, tu_tag: 254, st_tag: -1}), src_type: MemType.DRAM, dst_type: MemType.UNI_SRAM, dims: 64x512, comment: Load Weight_B_Tile[n=0,m=0]})
macro_257: MacroOp({op_type: MacroOpType.LOAD, seq: 257, dep_tag: DependencyTag({ld_tag: 256, tu_tag: 254, st_tag: -1}), src_type: MemType.DRAM, dst_type: MemType.UNI_SRAM, dims: 16x64, comment: Load Input_A_Tile[n=0,m=0]})
macro_258: MacroOp({op_type: MacroOpType.CONV, seq: 258, dep_tag: DependencyTag({ld_tag: 257, tu_tag: 254, st_tag: -1}), op_name: GEMM_Tile[n=0,m=0], dims: 16x512x64, tile_m: 16, strategy: Output Stationary})
macro_259: MacroOp({op_type: MacroOpType.LOAD, seq: 259, dep_tag: DependencyTag({ld_tag: 257, tu_tag: 258, st_tag: -1}), src_type: MemType.DRAM, dst_type: MemType.UNI_SRAM, dims: 64x512, comment: Load Weight_B_Tile[n=0,m=1]})
macro_260: MacroOp({op_type: MacroOpType.LOAD, seq: 260, dep_tag: DependencyTag({ld_tag: 259, tu_tag: 258, st_tag: -1}), src_type: MemType.DRAM, dst_type: MemType.UNI_SRAM, dims: 16x64, comment: Load Input_A_Tile[n=0,m=1]})
macro_261: MacroOp({op_type: MacroOpType.CONV, seq: 261, dep_tag: DependencyTag({ld_tag: 260, tu_tag: 258, st_tag: -1}), op_name: GEMM_Tile[n=0,m=1], dims: 16x512x64, tile_m: 16, strategy: Output Stationary})
macro_262: MacroOp({op_type: MacroOpType.LOAD, seq: 262, dep_tag: DependencyTag({ld_tag: 260, tu_tag: 261, st_tag: -1}), src_type: MemType.DRAM, dst_type: MemType.UNI_SRAM, dims: 64x512, comment: Load Weight_B_Tile[n=0,m=2]})
macro_263: MacroOp({op_type: MacroOpType.LOAD, seq: 263, dep_tag: DependencyTag({ld_tag: 262, tu_tag: 261, st_tag: -1}), src_type: MemType.DRAM, dst_type: MemType.UNI_SRAM, dims: 16x64, comment: Load Input_A_Tile[n=0,m=2]})
macro_264: MacroOp({op_type: MacroOpType.CONV, seq: 264, dep_tag: DependencyTag({ld_tag: 263, tu_tag: 261, st_tag: -1}), op_name: GEMM_Tile[n=0,m=2], dims: 16x512x64, tile_m: 16, strategy: Output Stationary})
macro_265: MacroOp({op_type: MacroOpType.LOAD, seq: 265, dep_tag: DependencyTag({ld_tag: 263, tu_tag: 264, st_tag: -1}), src_type: MemType.DRAM, dst_type: MemType.UNI_SRAM, dims: 64x512, comment: Load Weight_B_Tile[n=0,m=3]})
macro_266: MacroOp({op_type: MacroOpType.LOAD, seq: 266, dep_tag: DependencyTag({ld_tag: 265, tu_tag: 264, st_tag: -1}), src_type: MemType.DRAM, dst_type: MemType.UNI_SRAM, dims: 16x64, comment: Load Input_A_Tile[n=0,m=3]})
macro_267: MacroOp({op_type: MacroOpType.CONV, seq: 267, dep_tag: DependencyTag({ld_tag: 266, tu_tag: 264, st_tag: -1}), op_name: GEMM_Tile[n=0,m=3], dims: 16x512x64, tile_m: 16, strategy: Output Stationary})
macro_268: MacroOp({op_type: MacroOpType.LOAD, seq: 268, dep_tag: DependencyTag({ld_tag: 266, tu_tag: 267, st_tag: -1}), src_type: MemType.DRAM, dst_type: MemType.UNI_SRAM, dims: 64x512, comment: Load Weight_B_Tile[n=0,m=4]})
macro_269: MacroOp({op_type: MacroOpType.LOAD, seq: 269, dep_tag: DependencyTag({ld_tag: 268, tu_tag: 267, st_tag: -1}), src_type: MemType.DRAM, dst_type: MemType.UNI_SRAM, dims: 16x64, comment: Load Input_A_Tile[n=0,m=4]})
macro_270: MacroOp({op_type: MacroOpType.CONV, seq: 270, dep_tag: DependencyTag({ld_tag: 269, tu_tag: 267, st_tag: -1}), op_name: GEMM_Tile[n=0,m=4], dims: 16x512x64, tile_m: 16, strategy: Output Stationary})
macro_271: MacroOp({op_type: MacroOpType.LOAD, seq: 271, dep_tag: DependencyTag({ld_tag: 269, tu_tag: 270, st_tag: -1}), src_type: MemType.DRAM, dst_type: MemType.UNI_SRAM, dims: 64x512, comment: Load Weight_B_Tile[n=0,m=5]})
macro_272: MacroOp({op_type: MacroOpType.LOAD, seq: 272, dep_tag: DependencyTag({ld_tag: 271, tu_tag: 270, st_tag: -1}), src_type: MemType.DRAM, dst_type: MemType.UNI_SRAM, dims: 16x64, comment: Load Input_A_Tile[n=0,m=5]})
macro_273: MacroOp({op_type: MacroOpType.CONV, seq: 273, dep_tag: DependencyTag({ld_tag: 272, tu_tag: 270, st_tag: -1}), op_name: GEMM_Tile[n=0,m=5], dims: 16x512x64, tile_m: 16, strategy: Output Stationary})
macro_274: MacroOp({op_type: MacroOpType.LOAD, seq: 274, dep_tag: DependencyTag({ld_tag: 272, tu_tag: 273, st_tag: -1}), src_type: MemType.DRAM, dst_type: MemType.UNI_SRAM, dims: 64x512, comment: Load Weight_B_Tile[n=0,m=6]})
macro_275: MacroOp({op_type: MacroOpType.LOAD, seq: 275, dep_tag: DependencyTag({ld_tag: 274, tu_tag: 273, st_tag: -1}), src_type: MemType.DRAM, dst_type: MemType.UNI_SRAM, dims: 16x64, comment: Load Input_A_Tile[n=0,m=6]})
macro_276: MacroOp({op_type: MacroOpType.CONV, seq: 276, dep_tag: DependencyTag({ld_tag: 275, tu_tag: 273, st_tag: -1}), op_name: GEMM_Tile[n=0,m=6], dims: 16x512x64, tile_m: 16, strategy: Output Stationary})
macro_277: MacroOp({op_type: MacroOpType.LOAD, seq: 277, dep_tag: DependencyTag({ld_tag: 275, tu_tag: 276, st_tag: -1}), src_type: MemType.DRAM, dst_type: MemType.UNI_SRAM, dims: 64x512, comment: Load Weight_B_Tile[n=0,m=7]})
macro_278: MacroOp({op_type: MacroOpType.LOAD, seq: 278, dep_tag: DependencyTag({ld_tag: 277, tu_tag: 276, st_tag: -1}), src_type: MemType.DRAM, dst_type: MemType.UNI_SRAM, dims: 16x64, comment: Load Input_A_Tile[n=0,m=7]})
macro_279: MacroOp({op_type: MacroOpType.CONV, seq: 279, dep_tag: DependencyTag({ld_tag: 278, tu_tag: 276, st_tag: -1}), op_name: GEMM_Tile[n=0,m=7], dims: 16x512x64, tile_m: 16, strategy: Output Stationary})
macro_280: MacroOp({op_type: MacroOpType.LOAD, seq: 280, dep_tag: DependencyTag({ld_tag: 278, tu_tag: 279, st_tag: -1}), src_type: MemType.DRAM, dst_type: MemType.UNI_SRAM, dims: 64x512, comment: Load Weight_B_Tile[n=0,m=8]})
macro_281: MacroOp({op_type: MacroOpType.LOAD, seq: 281, dep_tag: DependencyTag({ld_tag: 280, tu_tag: 279, st_tag: -1}), src_type: MemType.DRAM, dst_type: MemType.UNI_SRAM, dims: 16x64, comment: Load Input_A_Tile[n=0,m=8]})
macro_282: MacroOp({op_type: MacroOpType.CONV, seq: 282, dep_tag: DependencyTag({ld_tag: 281, tu_tag: 279, st_tag: -1}), op_name: GEMM_Tile[n=0,m=8], dims: 16x512x64, tile_m: 16, strategy: Output Stationary})
macro_283: MacroOp({op_type: MacroOpType.LOAD, seq: 283, dep_tag: DependencyTag({ld_tag: 281, tu_tag: 282, st_tag: -1}), src_type: MemType.DRAM, dst_type: MemType.UNI_SRAM, dims: 64x512, comment: Load Weight_B_Tile[n=0,m=9]})
macro_284: MacroOp({op_type: MacroOpType.LOAD, seq: 284, dep_tag: DependencyTag({ld_tag: 283, tu_tag: 282, st_tag: -1}), src_type: MemType.DRAM, dst_type: MemType.UNI_SRAM, dims: 16x64, comment: Load Input_A_Tile[n=0,m=9]})
macro_285: MacroOp({op_type: MacroOpType.CONV, seq: 285, dep_tag: DependencyTag({ld_tag: 284, tu_tag: 282, st_tag: -1}), op_name: GEMM_Tile[n=0,m=9], dims: 16x512x64, tile_m: 16, strategy: Output Stationary})
macro_286: MacroOp({op_type: MacroOpType.LOAD, seq: 286, dep_tag: DependencyTag({ld_tag: 284, tu_tag: 285, st_tag: -1}), src_type: MemType.DRAM, dst_type: MemType.UNI_SRAM, dims: 64x512, comment: Load Weight_B_Tile[n=0,m=10]})
macro_287: MacroOp({op_type: MacroOpType.LOAD, seq: 287, dep_tag: DependencyTag({ld_tag: 286, tu_tag: 285, st_tag: -1}), src_type: MemType.DRAM, dst_type: MemType.UNI_SRAM, dims: 16x64, comment: Load Input_A_Tile[n=0,m=10]})
macro_288: MacroOp({op_type: MacroOpType.CONV, seq: 288, dep_tag: DependencyTag({ld_tag: 287, tu_tag: 285, st_tag: -1}), op_name: GEMM_Tile[n=0,m=10], dims: 16x512x64, tile_m: 16, strategy: Output Stationary})
macro_289: MacroOp({op_type: MacroOpType.LOAD, seq: 289, dep_tag: DependencyTag({ld_tag: 287, tu_tag: 288, st_tag: -1}), src_type: MemType.DRAM, dst_type: MemType.UNI_SRAM, dims: 64x512, comment: Load Weight_B_Tile[n=0,m=11]})
macro_290: MacroOp({op_type: MacroOpType.LOAD, seq: 290, dep_tag: DependencyTag({ld_tag: 289, tu_tag: 288, st_tag: -1}), src_type: MemType.DRAM, dst_type: MemType.UNI_SRAM, dims: 16x64, comment: Load Input_A_Tile[n=0,m=11]})
macro_291: MacroOp({op_type: MacroOpType.CONV, seq: 291, dep_tag: DependencyTag({ld_tag: 290, tu_tag: 288, st_tag: -1}), op_name: GEMM_Tile[n=0,m=11], dims: 16x512x64, tile_m: 16, strategy: Output Stationary})
macro_292: MacroOp({op_type: MacroOpType.LOAD, seq: 292, dep_tag: DependencyTag({ld_tag: 290, tu_tag: 291, st_tag: -1}), src_type: MemType.DRAM, dst_type: MemType.UNI_SRAM, dims: 64x512, comment: Load Weight_B_Tile[n=0,m=12]})
macro_293: MacroOp({op_type: MacroOpType.LOAD, seq: 293, dep_tag: DependencyTag({ld_tag: 292, tu_tag: 291, st_tag: -1}), src_type: MemType.DRAM, dst_type: MemType.UNI_SRAM, dims: 16x64, comment: Load Input_A_Tile[n=0,m=12]})
macro_294: MacroOp({op_type: MacroOpType.CONV, seq: 294, dep_tag: DependencyTag({ld_tag: 293, tu_tag: 291, st_tag: -1}), op_name: GEMM_Tile[n=0,m=12], dims: 16x512x64, tile_m: 16, strategy: Output Stationary})
macro_295: MacroOp({op_type: MacroOpType.LOAD, seq: 295, dep_tag: DependencyTag({ld_tag: 293, tu_tag: 294, st_tag: -1}), src_type: MemType.DRAM, dst_type: MemType.UNI_SRAM, dims: 64x512, comment: Load Weight_B_Tile[n=0,m=13]})
macro_296: MacroOp({op_type: MacroOpType.LOAD, seq: 296, dep_tag: DependencyTag({ld_tag: 295, tu_tag: 294, st_tag: -1}), src_type: MemType.DRAM, dst_type: MemType.UNI_SRAM, dims: 16x64, comment: Load Input_A_Tile[n=0,m=13]})
macro_297: MacroOp({op_type: MacroOpType.CONV, seq: 297, dep_tag: DependencyTag({ld_tag: 296, tu_tag: 294, st_tag: -1}), op_name: GEMM_Tile[n=0,m=13], dims: 16x512x64, tile_m: 16, strategy: Output Stationary})
macro_298: MacroOp({op_type: MacroOpType.LOAD, seq: 298, dep_tag: DependencyTag({ld_tag: 296, tu_tag: 297, st_tag: -1}), src_type: MemType.DRAM, dst_type: MemType.UNI_SRAM, dims: 64x512, comment: Load Weight_B_Tile[n=0,m=14]})
macro_299: MacroOp({op_type: MacroOpType.LOAD, seq: 299, dep_tag: DependencyTag({ld_tag: 298, tu_tag: 297, st_tag: -1}), src_type: MemType.DRAM, dst_type: MemType.UNI_SRAM, dims: 16x64, comment: Load Input_A_Tile[n=0,m=14]})
macro_300: MacroOp({op_type: MacroOpType.CONV, seq: 300, dep_tag: DependencyTag({ld_tag: 299, tu_tag: 297, st_tag: -1}), op_name: GEMM_Tile[n=0,m=14], dims: 16x512x64, tile_m: 16, strategy: Output Stationary})
macro_301: MacroOp({op_type: MacroOpType.LOAD, seq: 301, dep_tag: DependencyTag({ld_tag: 299, tu_tag: 300, st_tag: -1}), src_type: MemType.DRAM, dst_type: MemType.UNI_SRAM, dims: 64x512, comment: Load Weight_B_Tile[n=0,m=15]})
macro_302: MacroOp({op_type: MacroOpType.LOAD, seq: 302, dep_tag: DependencyTag({ld_tag: 301, tu_tag: 300, st_tag: -1}), src_type: MemType.DRAM, dst_type: MemType.UNI_SRAM, dims: 16x64, comment: Load Input_A_Tile[n=0,m=15]})
macro_303: MacroOp({op_type: MacroOpType.CONV, seq: 303, dep_tag: DependencyTag({ld_tag: 302, tu_tag: 300, st_tag: -1}), op_name: GEMM_Tile[n=0,m=15], dims: 16x512x64, tile_m: 16, strategy: Output Stationary})
macro_304: MacroOp({op_type: MacroOpType.LOAD, seq: 304, dep_tag: DependencyTag({ld_tag: 302, tu_tag: 303, st_tag: -1}), src_type: MemType.DRAM, dst_type: MemType.UNI_SRAM, dims: 64x512, comment: Load Weight_B_Tile[n=0,m=16]})
macro_305: MacroOp({op_type: MacroOpType.LOAD, seq: 305, dep_tag: DependencyTag({ld_tag: 304, tu_tag: 303, st_tag: -1}), src_type: MemType.DRAM, dst_type: MemType.UNI_SRAM, dims: 16x64, comment: Load Input_A_Tile[n=0,m=16]})
macro_306: MacroOp({op_type: MacroOpType.CONV, seq: 306, dep_tag: DependencyTag({ld_tag: 305, tu_tag: 303, st_tag: -1}), op_name: GEMM_Tile[n=0,m=16], dims: 16x512x64, tile_m: 16, strategy: Output Stationary})
macro_307: MacroOp({op_type: MacroOpType.LOAD, seq: 307, dep_tag: DependencyTag({ld_tag: 305, tu_tag: 306, st_tag: -1}), src_type: MemType.DRAM, dst_type: MemType.UNI_SRAM, dims: 64x512, comment: Load Weight_B_Tile[n=0,m=17]})
macro_308: MacroOp({op_type: MacroOpType.LOAD, seq: 308, dep_tag: DependencyTag({ld_tag: 307, tu_tag: 306, st_tag: -1}), src_type: MemType.DRAM, dst_type: MemType.UNI_SRAM, dims: 16x64, comment: Load Input_A_Tile[n=0,m=17]})
macro_309: MacroOp({op_type: MacroOpType.CONV, seq: 309, dep_tag: DependencyTag({ld_tag: 308, tu_tag: 306, st_tag: -1}), op_name: GEMM_Tile[n=0,m=17], dims: 16x512x64, tile_m: 16, strategy: Output Stationary})
macro_310: MacroOp({op_type: MacroOpType.LOAD, seq: 310, dep_tag: DependencyTag({ld_tag: 308, tu_tag: 309, st_tag: -1}), src_type: MemType.DRAM, dst_type: MemType.UNI_SRAM, dims: 64x512, comment: Load Weight_B_Tile[n=0,m=18]})
macro_311: MacroOp({op_type: MacroOpType.LOAD, seq: 311, dep_tag: DependencyTag({ld_tag: 310, tu_tag: 309, st_tag: -1}), src_type: MemType.DRAM, dst_type: MemType.UNI_SRAM, dims: 16x64, comment: Load Input_A_Tile[n=0,m=18]})
macro_312: MacroOp({op_type: MacroOpType.CONV, seq: 312, dep_tag: DependencyTag({ld_tag: 311, tu_tag: 309, st_tag: -1}), op_name: GEMM_Tile[n=0,m=18], dims: 16x512x64, tile_m: 16, strategy: Output Stationary})
macro_313: MacroOp({op_type: MacroOpType.LOAD, seq: 313, dep_tag: DependencyTag({ld_tag: 311, tu_tag: 312, st_tag: -1}), src_type: MemType.DRAM, dst_type: MemType.UNI_SRAM, dims: 64x512, comment: Load Weight_B_Tile[n=0,m=19]})
macro_314: MacroOp({op_type: MacroOpType.LOAD, seq: 314, dep_tag: DependencyTag({ld_tag: 313, tu_tag: 312, st_tag: -1}), src_type: MemType.DRAM, dst_type: MemType.UNI_SRAM, dims: 16x64, comment: Load Input_A_Tile[n=0,m=19]})
macro_315: MacroOp({op_type: MacroOpType.CONV, seq: 315, dep_tag: DependencyTag({ld_tag: 314, tu_tag: 312, st_tag: -1}), op_name: GEMM_Tile[n=0,m=19], dims: 16x512x64, tile_m: 16, strategy: Output Stationary})
macro_316: MacroOp({op_type: MacroOpType.LOAD, seq: 316, dep_tag: DependencyTag({ld_tag: 314, tu_tag: 315, st_tag: -1}), src_type: MemType.DRAM, dst_type: MemType.UNI_SRAM, dims: 64x512, comment: Load Weight_B_Tile[n=0,m=20]})
macro_317: MacroOp({op_type: MacroOpType.LOAD, seq: 317, dep_tag: DependencyTag({ld_tag: 316, tu_tag: 315, st_tag: -1}), src_type: MemType.DRAM, dst_type: MemType.UNI_SRAM, dims: 16x64, comment: Load Input_A_Tile[n=0,m=20]})
macro_318: MacroOp({op_type: MacroOpType.CONV, seq: 318, dep_tag: DependencyTag({ld_tag: 317, tu_tag: 315, st_tag: -1}), op_name: GEMM_Tile[n=0,m=20], dims: 16x512x64, tile_m: 16, strategy: Output Stationary})
macro_319: MacroOp({op_type: MacroOpType.LOAD, seq: 319, dep_tag: DependencyTag({ld_tag: 317, tu_tag: 318, st_tag: -1}), src_type: MemType.DRAM, dst_type: MemType.UNI_SRAM, dims: 64x512, comment: Load Weight_B_Tile[n=0,m=21]})
macro_320: MacroOp({op_type: MacroOpType.LOAD, seq: 320, dep_tag: DependencyTag({ld_tag: 319, tu_tag: 318, st_tag: -1}), src_type: MemType.DRAM, dst_type: MemType.UNI_SRAM, dims: 16x64, comment: Load Input_A_Tile[n=0,m=21]})
macro_321: MacroOp({op_type: MacroOpType.CONV, seq: 321, dep_tag: DependencyTag({ld_tag: 320, tu_tag: 318, st_tag: -1}), op_name: GEMM_Tile[n=0,m=21], dims: 16x512x64, tile_m: 16, strategy: Output Stationary})
macro_322: MacroOp({op_type: MacroOpType.LOAD, seq: 322, dep_tag: DependencyTag({ld_tag: 320, tu_tag: 321, st_tag: -1}), src_type: MemType.DRAM, dst_type: MemType.UNI_SRAM, dims: 64x512, comment: Load Weight_B_Tile[n=0,m=22]})
macro_323: MacroOp({op_type: MacroOpType.LOAD, seq: 323, dep_tag: DependencyTag({ld_tag: 322, tu_tag: 321, st_tag: -1}), src_type: MemType.DRAM, dst_type: MemType.UNI_SRAM, dims: 16x64, comment: Load Input_A_Tile[n=0,m=22]})
macro_324: MacroOp({op_type: MacroOpType.CONV, seq: 324, dep_tag: DependencyTag({ld_tag: 323, tu_tag: 321, st_tag: -1}), op_name: GEMM_Tile[n=0,m=22], dims: 16x512x64, tile_m: 16, strategy: Output Stationary})
macro_325: MacroOp({op_type: MacroOpType.LOAD, seq: 325, dep_tag: DependencyTag({ld_tag: 323, tu_tag: 324, st_tag: -1}), src_type: MemType.DRAM, dst_type: MemType.UNI_SRAM, dims: 64x512, comment: Load Weight_B_Tile[n=0,m=23]})
macro_326: MacroOp({op_type: MacroOpType.LOAD, seq: 326, dep_tag: DependencyTag({ld_tag: 325, tu_tag: 324, st_tag: -1}), src_type: MemType.DRAM, dst_type: MemType.UNI_SRAM, dims: 16x64, comment: Load Input_A_Tile[n=0,m=23]})
macro_327: MacroOp({op_type: MacroOpType.CONV, seq: 327, dep_tag: DependencyTag({ld_tag: 326, tu_tag: 324, st_tag: -1}), op_name: GEMM_Tile[n=0,m=23], dims: 16x512x64, tile_m: 16, strategy: Output Stationary})
macro_328: MacroOp({op_type: MacroOpType.LOAD, seq: 328, dep_tag: DependencyTag({ld_tag: 326, tu_tag: 327, st_tag: -1}), src_type: MemType.DRAM, dst_type: MemType.UNI_SRAM, dims: 64x512, comment: Load Weight_B_Tile[n=0,m=24]})
macro_329: MacroOp({op_type: MacroOpType.LOAD, seq: 329, dep_tag: DependencyTag({ld_tag: 328, tu_tag: 327, st_tag: -1}), src_type: MemType.DRAM, dst_type: MemType.UNI_SRAM, dims: 16x64, comment: Load Input_A_Tile[n=0,m=24]})
macro_330: MacroOp({op_type: MacroOpType.CONV, seq: 330, dep_tag: DependencyTag({ld_tag: 329, tu_tag: 327, st_tag: -1}), op_name: GEMM_Tile[n=0,m=24], dims: 16x512x64, tile_m: 16, strategy: Output Stationary})
macro_331: MacroOp({op_type: MacroOpType.LOAD, seq: 331, dep_tag: DependencyTag({ld_tag: 329, tu_tag: 330, st_tag: -1}), src_type: MemType.DRAM, dst_type: MemType.UNI_SRAM, dims: 64x512, comment: Load Weight_B_Tile[n=0,m=25]})
macro_332: MacroOp({op_type: MacroOpType.LOAD, seq: 332, dep_tag: DependencyTag({ld_tag: 331, tu_tag: 330, st_tag: -1}), src_type: MemType.DRAM, dst_type: MemType.UNI_SRAM, dims: 16x64, comment: Load Input_A_Tile[n=0,m=25]})
macro_333: MacroOp({op_type: MacroOpType.CONV, seq: 333, dep_tag: DependencyTag({ld_tag: 332, tu_tag: 330, st_tag: -1}), op_name: GEMM_Tile[n=0,m=25], dims: 16x512x64, tile_m: 16, strategy: Output Stationary})
macro_334: MacroOp({op_type: MacroOpType.LOAD, seq: 334, dep_tag: DependencyTag({ld_tag: 332, tu_tag: 333, st_tag: -1}), src_type: MemType.DRAM, dst_type: MemType.UNI_SRAM, dims: 64x512, comment: Load Weight_B_Tile[n=0,m=26]})
macro_335: MacroOp({op_type: MacroOpType.LOAD, seq: 335, dep_tag: DependencyTag({ld_tag: 334, tu_tag: 333, st_tag: -1}), src_type: MemType.DRAM, dst_type: MemType.UNI_SRAM, dims: 16x64, comment: Load Input_A_Tile[n=0,m=26]})
macro_336: MacroOp({op_type: MacroOpType.CONV, seq: 336, dep_tag: DependencyTag({ld_tag: 335, tu_tag: 333, st_tag: -1}), op_name: GEMM_Tile[n=0,m=26], dims: 16x512x64, tile_m: 16, strategy: Output Stationary})
macro_337: MacroOp({op_type: MacroOpType.LOAD, seq: 337, dep_tag: DependencyTag({ld_tag: 335, tu_tag: 336, st_tag: -1}), src_type: MemType.DRAM, dst_type: MemType.UNI_SRAM, dims: 64x512, comment: Load Weight_B_Tile[n=0,m=27]})
macro_338: MacroOp({op_type: MacroOpType.LOAD, seq: 338, dep_tag: DependencyTag({ld_tag: 337, tu_tag: 336, st_tag: -1}), src_type: MemType.DRAM, dst_type: MemType.UNI_SRAM, dims: 16x64, comment: Load Input_A_Tile[n=0,m=27]})
macro_339: MacroOp({op_type: MacroOpType.CONV, seq: 339, dep_tag: DependencyTag({ld_tag: 338, tu_tag: 336, st_tag: -1}), op_name: GEMM_Tile[n=0,m=27], dims: 16x512x64, tile_m: 16, strategy: Output Stationary})
macro_340: MacroOp({op_type: MacroOpType.LOAD, seq: 340, dep_tag: DependencyTag({ld_tag: 338, tu_tag: 339, st_tag: -1}), src_type: MemType.DRAM, dst_type: MemType.UNI_SRAM, dims: 64x512, comment: Load Weight_B_Tile[n=0,m=28]})
macro_341: MacroOp({op_type: MacroOpType.LOAD, seq: 341, dep_tag: DependencyTag({ld_tag: 340, tu_tag: 339, st_tag: -1}), src_type: MemType.DRAM, dst_type: MemType.UNI_SRAM, dims: 16x64, comment: Load Input_A_Tile[n=0,m=28]})
macro_342: MacroOp({op_type: MacroOpType.CONV, seq: 342, dep_tag: DependencyTag({ld_tag: 341, tu_tag: 339, st_tag: -1}), op_name: GEMM_Tile[n=0,m=28], dims: 16x512x64, tile_m: 16, strategy: Output Stationary})
macro_343: MacroOp({op_type: MacroOpType.LOAD, seq: 343, dep_tag: DependencyTag({ld_tag: 341, tu_tag: 342, st_tag: -1}), src_type: MemType.DRAM, dst_type: MemType.UNI_SRAM, dims: 64x512, comment: Load Weight_B_Tile[n=0,m=29]})
macro_344: MacroOp({op_type: MacroOpType.LOAD, seq: 344, dep_tag: DependencyTag({ld_tag: 343, tu_tag: 342, st_tag: -1}), src_type: MemType.DRAM, dst_type: MemType.UNI_SRAM, dims: 16x64, comment: Load Input_A_Tile[n=0,m=29]})
macro_345: MacroOp({op_type: MacroOpType.CONV, seq: 345, dep_tag: DependencyTag({ld_tag: 344, tu_tag: 342, st_tag: -1}), op_name: GEMM_Tile[n=0,m=29], dims: 16x512x64, tile_m: 16, strategy: Output Stationary})
macro_346: MacroOp({op_type: MacroOpType.LOAD, seq: 346, dep_tag: DependencyTag({ld_tag: 344, tu_tag: 345, st_tag: -1}), src_type: MemType.DRAM, dst_type: MemType.UNI_SRAM, dims: 64x512, comment: Load Weight_B_Tile[n=0,m=30]})
macro_347: MacroOp({op_type: MacroOpType.LOAD, seq: 347, dep_tag: DependencyTag({ld_tag: 346, tu_tag: 345, st_tag: -1}), src_type: MemType.DRAM, dst_type: MemType.UNI_SRAM, dims: 16x64, comment: Load Input_A_Tile[n=0,m=30]})
macro_348: MacroOp({op_type: MacroOpType.CONV, seq: 348, dep_tag: DependencyTag({ld_tag: 347, tu_tag: 345, st_tag: -1}), op_name: GEMM_Tile[n=0,m=30], dims: 16x512x64, tile_m: 16, strategy: Output Stationary})
macro_349: MacroOp({op_type: MacroOpType.LOAD, seq: 349, dep_tag: DependencyTag({ld_tag: 347, tu_tag: 348, st_tag: -1}), src_type: MemType.DRAM, dst_type: MemType.UNI_SRAM, dims: 64x512, comment: Load Weight_B_Tile[n=0,m=31]})
macro_350: MacroOp({op_type: MacroOpType.LOAD, seq: 350, dep_tag: DependencyTag({ld_tag: 349, tu_tag: 348, st_tag: -1}), src_type: MemType.DRAM, dst_type: MemType.UNI_SRAM, dims: 16x64, comment: Load Input_A_Tile[n=0,m=31]})
macro_351: MacroOp({op_type: MacroOpType.CONV, seq: 351, dep_tag: DependencyTag({ld_tag: 350, tu_tag: 348, st_tag: -1}), op_name: GEMM_Tile[n=0,m=31], dims: 16x512x64, tile_m: 16, strategy: Output Stationary})
macro_352: MacroOp({op_type: MacroOpType.VECTOR, seq: 352, dep_tag: DependencyTag({ld_tag: -1, tu_tag: 351, st_tag: -1}), op_name: Vector_Softmax, dims: 512x512, src_type: MemType.VRF, dst_type: MemType.VRF})

[Layer Start] Attn_Context_Head0 (512x64x512)
macro_353: MacroOp({op_type: MacroOpType.LOAD, seq: 353, dep_tag: DependencyTag({ld_tag: 350, tu_tag: 352, st_tag: -1}), src_type: MemType.DRAM, dst_type: MemType.UNI_SRAM, dims: 512x64, comment: Load Weight_B_Tile[n=0,m=0]})
macro_354: MacroOp({op_type: MacroOpType.CONV, seq: 354, dep_tag: DependencyTag({ld_tag: 353, tu_tag: 352, st_tag: -1}), op_name: GEMM_Tile[n=0,m=0], dims: 16x64x512, tile_m: 16, strategy: Output Stationary})
macro_355: MacroOp({op_type: MacroOpType.STORE, seq: 355, dep_tag: DependencyTag({ld_tag: -1, tu_tag: 354, st_tag: 255}), src_type: MemType.UNI_SRAM, dst_type: MemType.DRAM, dims: 16x64, comment: Store Output_C_Tile[n=0,m=0]})
macro_356: MacroOp({op_type: MacroOpType.LOAD, seq: 356, dep_tag: DependencyTag({ld_tag: 353, tu_tag: 354, st_tag: -1}), src_type: MemType.DRAM, dst_type: MemType.UNI_SRAM, dims: 512x64, comment: Load Weight_B_Tile[n=0,m=1]})
macro_357: MacroOp({op_type: MacroOpType.CONV, seq: 357, dep_tag: DependencyTag({ld_tag: 356, tu_tag: 354, st_tag: -1}), op_name: GEMM_Tile[n=0,m=1], dims: 16x64x512, tile_m: 16, strategy: Output Stationary})
macro_358: MacroOp({op_type: MacroOpType.STORE, seq: 358, dep_tag: DependencyTag({ld_tag: -1, tu_tag: 357, st_tag: 355}), src_type: MemType.UNI_SRAM, dst_type: MemType.DRAM, dims: 16x64, comment: Store Output_C_Tile[n=0,m=1]})
macro_359: MacroOp({op_type: MacroOpType.LOAD, seq: 359, dep_tag: DependencyTag({ld_tag: 356, tu_tag: 357, st_tag: -1}), src_type: MemType.DRAM, dst_type: MemType.UNI_SRAM, dims: 512x64, comment: Load Weight_B_Tile[n=0,m=2]})
macro_360: MacroOp({op_type: MacroOpType.CONV, seq: 360, dep_tag: DependencyTag({ld_tag: 359, tu_tag: 357, st_tag: -1}), op_name: GEMM_Tile[n=0,m=2], dims: 16x64x512, tile_m: 16, strategy: Output Stationary})
macro_361: MacroOp({op_type: MacroOpType.STORE, seq: 361, dep_tag: DependencyTag({ld_tag: -1, tu_tag: 360, st_tag: 358}), src_type: MemType.UNI_SRAM, dst_type: MemType.DRAM, dims: 16x64, comment: Store Output_C_Tile[n=0,m=2]})
macro_362: MacroOp({op_type: MacroOpType.LOAD, seq: 362, dep_tag: DependencyTag({ld_tag: 359, tu_tag: 360, st_tag: -1}), src_type: MemType.DRAM, dst_type: MemType.UNI_SRAM, dims: 512x64, comment: Load Weight_B_Tile[n=0,m=3]})
macro_363: MacroOp({op_type: MacroOpType.CONV, seq: 363, dep_tag: DependencyTag({ld_tag: 362, tu_tag: 360, st_tag: -1}), op_name: GEMM_Tile[n=0,m=3], dims: 16x64x512, tile_m: 16, strategy: Output Stationary})
macro_364: MacroOp({op_type: MacroOpType.STORE, seq: 364, dep_tag: DependencyTag({ld_tag: -1, tu_tag: 363, st_tag: 361}), src_type: MemType.UNI_SRAM, dst_type: MemType.DRAM, dims: 16x64, comment: Store Output_C_Tile[n=0,m=3]})
macro_365: MacroOp({op_type: MacroOpType.LOAD, seq: 365, dep_tag: DependencyTag({ld_tag: 362, tu_tag: 363, st_tag: -1}), src_type: MemType.DRAM, dst_type: MemType.UNI_SRAM, dims: 512x64, comment: Load Weight_B_Tile[n=0,m=4]})
macro_366: MacroOp({op_type: MacroOpType.CONV, seq: 366, dep_tag: DependencyTag({ld_tag: 365, tu_tag: 363, st_tag: -1}), op_name: GEMM_Tile[n=0,m=4], dims: 16x64x512, tile_m: 16, strategy: Output Stationary})
macro_367: MacroOp({op_type: MacroOpType.STORE, seq: 367, dep_tag: DependencyTag({ld_tag: -1, tu_tag: 366, st_tag: 364}), src_type: MemType.UNI_SRAM, dst_type: MemType.DRAM, dims: 16x64, comment: Store Output_C_Tile[n=0,m=4]})
macro_368: MacroOp({op_type: MacroOpType.LOAD, seq: 368, dep_tag: DependencyTag({ld_tag: 365, tu_tag: 366, st_tag: -1}), src_type: MemType.DRAM, dst_type: MemType.UNI_SRAM, dims: 512x64, comment: Load Weight_B_Tile[n=0,m=5]})
macro_369: MacroOp({op_type: MacroOpType.CONV, seq: 369, dep_tag: DependencyTag({ld_tag: 368, tu_tag: 366, st_tag: -1}), op_name: GEMM_Tile[n=0,m=5], dims: 16x64x512, tile_m: 16, strategy: Output Stationary})
macro_370: MacroOp({op_type: MacroOpType.STORE, seq: 370, dep_tag: DependencyTag({ld_tag: -1, tu_tag: 369, st_tag: 367}), src_type: MemType.UNI_SRAM, dst_type: MemType.DRAM, dims: 16x64, comment: Store Output_C_Tile[n=0,m=5]})
macro_371: MacroOp({op_type: MacroOpType.LOAD, seq: 371, dep_tag: DependencyTag({ld_tag: 368, tu_tag: 369, st_tag: -1}), src_type: MemType.DRAM, dst_type: MemType.UNI_SRAM, dims: 512x64, comment: Load Weight_B_Tile[n=0,m=6]})
macro_372: MacroOp({op_type: MacroOpType.CONV, seq: 372, dep_tag: DependencyTag({ld_tag: 371, tu_tag: 369, st_tag: -1}), op_name: GEMM_Tile[n=0,m=6], dims: 16x64x512, tile_m: 16, strategy: Output Stationary})
macro_373: MacroOp({op_type: MacroOpType.STORE, seq: 373, dep_tag: DependencyTag({ld_tag: -1, tu_tag: 372, st_tag: 370}), src_type: MemType.UNI_SRAM, dst_type: MemType.DRAM, dims: 16x64, comment: Store Output_C_Tile[n=0,m=6]})
macro_374: MacroOp({op_type: MacroOpType.LOAD, seq: 374, dep_tag: DependencyTag({ld_tag: 371, tu_tag: 372, st_tag: -1}), src_type: MemType.DRAM, dst_type: MemType.UNI_SRAM, dims: 512x64, comment: Load Weight_B_Tile[n=0,m=7]})
macro_375: MacroOp({op_type: MacroOpType.CONV, seq: 375, dep_tag: DependencyTag({ld_tag: 374, tu_tag: 372, st_tag: -1}), op_name: GEMM_Tile[n=0,m=7], dims: 16x64x512, tile_m: 16, strategy: Output Stationary})
macro_376: MacroOp({op_type: MacroOpType.STORE, seq: 376, dep_tag: DependencyTag({ld_tag: -1, tu_tag: 375, st_tag: 373}), src_type: MemType.UNI_SRAM, dst_type: MemType.DRAM, dims: 16x64, comment: Store Output_C_Tile[n=0,m=7]})
macro_377: MacroOp({op_type: MacroOpType.LOAD, seq: 377, dep_tag: DependencyTag({ld_tag: 374, tu_tag: 375, st_tag: -1}), src_type: MemType.DRAM, dst_type: MemType.UNI_SRAM, dims: 512x64, comment: Load Weight_B_Tile[n=0,m=8]})
macro_378: MacroOp({op_type: MacroOpType.CONV, seq: 378, dep_tag: DependencyTag({ld_tag: 377, tu_tag: 375, st_tag: -1}), op_name: GEMM_Tile[n=0,m=8], dims: 16x64x512, tile_m: 16, strategy: Output Stationary})
macro_379: MacroOp({op_type: MacroOpType.STORE, seq: 379, dep_tag: DependencyTag({ld_tag: -1, tu_tag: 378, st_tag: 376}), src_type: MemType.UNI_SRAM, dst_type: MemType.DRAM, dims: 16x64, comment: Store Output_C_Tile[n=0,m=8]})
macro_380: MacroOp({op_type: MacroOpType.LOAD, seq: 380, dep_tag: DependencyTag({ld_tag: 377, tu_tag: 378, st_tag: -1}), src_type: MemType.DRAM, dst_type: MemType.UNI_SRAM, dims: 512x64, comment: Load Weight_B_Tile[n=0,m=9]})
macro_381: MacroOp({op_type: MacroOpType.CONV, seq: 381, dep_tag: DependencyTag({ld_tag: 380, tu_tag: 378, st_tag: -1}), op_name: GEMM_Tile[n=0,m=9], dims: 16x64x512, tile_m: 16, strategy: Output Stationary})
macro_382: MacroOp({op_type: MacroOpType.STORE, seq: 382, dep_tag: DependencyTag({ld_tag: -1, tu_tag: 381, st_tag: 379}), src_type: MemType.UNI_SRAM, dst_type: MemType.DRAM, dims: 16x64, comment: Store Output_C_Tile[n=0,m=9]})
macro_383: MacroOp({op_type: MacroOpType.LOAD, seq: 383, dep_tag: DependencyTag({ld_tag: 380, tu_tag: 381, st_tag: -1}), src_type: MemType.DRAM, dst_type: MemType.UNI_SRAM, dims: 512x64, comment: Load Weight_B_Tile[n=0,m=10]})
macro_384: MacroOp({op_type: MacroOpType.CONV, seq: 384, dep_tag: DependencyTag({ld_tag: 383, tu_tag: 381, st_tag: -1}), op_name: GEMM_Tile[n=0,m=10], dims: 16x64x512, tile_m: 16, strategy: Output Stationary})
macro_385: MacroOp({op_type: MacroOpType.STORE, seq: 385, dep_tag: DependencyTag({ld_tag: -1, tu_tag: 384, st_tag: 382}), src_type: MemType.UNI_SRAM, dst_type: MemType.DRAM, dims: 16x64, comment: Store Output_C_Tile[n=0,m=10]})
macro_386: MacroOp({op_type: MacroOpType.LOAD, seq: 386, dep_tag: DependencyTag({ld_tag: 383, tu_tag: 384, st_tag: -1}), src_type: MemType.DRAM, dst_type: MemType.UNI_SRAM, dims: 512x64, comment: Load Weight_B_Tile[n=0,m=11]})
macro_387: MacroOp({op_type: MacroOpType.CONV, seq: 387, dep_tag: DependencyTag({ld_tag: 386, tu_tag: 384, st_tag: -1}), op_name: GEMM_Tile[n=0,m=11], dims: 16x64x512, tile_m: 16, strategy: Output Stationary})
macro_388: MacroOp({op_type: MacroOpType.STORE, seq: 388, dep_tag: DependencyTag({ld_tag: -1, tu_tag: 387, st_tag: 385}), src_type: MemType.UNI_SRAM, dst_type: MemType.DRAM, dims: 16x64, comment: Store Output_C_Tile[n=0,m=11]})
macro_389: MacroOp({op_type: MacroOpType.LOAD, seq: 389, dep_tag: DependencyTag({ld_tag: 386, tu_tag: 387, st_tag: -1}), src_type: MemType.DRAM, dst_type: MemType.UNI_SRAM, dims: 512x64, comment: Load Weight_B_Tile[n=0,m=12]})
macro_390: MacroOp({op_type: MacroOpType.CONV, seq: 390, dep_tag: DependencyTag({ld_tag: 389, tu_tag: 387, st_tag: -1}), op_name: GEMM_Tile[n=0,m=12], dims: 16x64x512, tile_m: 16, strategy: Output Stationary})
macro_391: MacroOp({op_type: MacroOpType.STORE, seq: 391, dep_tag: DependencyTag({ld_tag: -1, tu_tag: 390, st_tag: 388}), src_type: MemType.UNI_SRAM, dst_type: MemType.DRAM, dims: 16x64, comment: Store Output_C_Tile[n=0,m=12]})
macro_392: MacroOp({op_type: MacroOpType.LOAD, seq: 392, dep_tag: DependencyTag({ld_tag: 389, tu_tag: 390, st_tag: -1}), src_type: MemType.DRAM, dst_type: MemType.UNI_SRAM, dims: 512x64, comment: Load Weight_B_Tile[n=0,m=13]})
macro_393: MacroOp({op_type: MacroOpType.CONV, seq: 393, dep_tag: DependencyTag({ld_tag: 392, tu_tag: 390, st_tag: -1}), op_name: GEMM_Tile[n=0,m=13], dims: 16x64x512, tile_m: 16, strategy: Output Stationary})
macro_394: MacroOp({op_type: MacroOpType.STORE, seq: 394, dep_tag: DependencyTag({ld_tag: -1, tu_tag: 393, st_tag: 391}), src_type: MemType.UNI_SRAM, dst_type: MemType.DRAM, dims: 16x64, comment: Store Output_C_Tile[n=0,m=13]})
macro_395: MacroOp({op_type: MacroOpType.LOAD, seq: 395, dep_tag: DependencyTag({ld_tag: 392, tu_tag: 393, st_tag: -1}), src_type: MemType.DRAM, dst_type: MemType.UNI_SRAM, dims: 512x64, comment: Load Weight_B_Tile[n=0,m=14]})
macro_396: MacroOp({op_type: MacroOpType.CONV, seq: 396, dep_tag: DependencyTag({ld_tag: 395, tu_tag: 393, st_tag: -1}), op_name: GEMM_Tile[n=0,m=14], dims: 16x64x512, tile_m: 16, strategy: Output Stationary})
macro_397: MacroOp({op_type: MacroOpType.STORE, seq: 397, dep_tag: DependencyTag({ld_tag: -1, tu_tag: 396, st_tag: 394}), src_type: MemType.UNI_SRAM, dst_type: MemType.DRAM, dims: 16x64, comment: Store Output_C_Tile[n=0,m=14]})
macro_398: MacroOp({op_type: MacroOpType.LOAD, seq: 398, dep_tag: DependencyTag({ld_tag: 395, tu_tag: 396, st_tag: -1}), src_type: MemType.DRAM, dst_type: MemType.UNI_SRAM, dims: 512x64, comment: Load Weight_B_Tile[n=0,m=15]})
macro_399: MacroOp({op_type: MacroOpType.CONV, seq: 399, dep_tag: DependencyTag({ld_tag: 398, tu_tag: 396, st_tag: -1}), op_name: GEMM_Tile[n=0,m=15], dims: 16x64x512, tile_m: 16, strategy: Output Stationary})
macro_400: MacroOp({op_type: MacroOpType.STORE, seq: 400, dep_tag: DependencyTag({ld_tag: -1, tu_tag: 399, st_tag: 397}), src_type: MemType.UNI_SRAM, dst_type: MemType.DRAM, dims: 16x64, comment: Store Output_C_Tile[n=0,m=15]})
macro_401: MacroOp({op_type: MacroOpType.LOAD, seq: 401, dep_tag: DependencyTag({ld_tag: 398, tu_tag: 399, st_tag: -1}), src_type: MemType.DRAM, dst_type: MemType.UNI_SRAM, dims: 512x64, comment: Load Weight_B_Tile[n=0,m=16]})
macro_402: MacroOp({op_type: MacroOpType.CONV, seq: 402, dep_tag: DependencyTag({ld_tag: 401, tu_tag: 399, st_tag: -1}), op_name: GEMM_Tile[n=0,m=16], dims: 16x64x512, tile_m: 16, strategy: Output Stationary})
macro_403: MacroOp({op_type: MacroOpType.STORE, seq: 403, dep_tag: DependencyTag({ld_tag: -1, tu_tag: 402, st_tag: 400}), src_type: MemType.UNI_SRAM, dst_type: MemType.DRAM, dims: 16x64, comment: Store Output_C_Tile[n=0,m=16]})
macro_404: MacroOp({op_type: MacroOpType.LOAD, seq: 404, dep_tag: DependencyTag({ld_tag: 401, tu_tag: 402, st_tag: -1}), src_type: MemType.DRAM, dst_type: MemType.UNI_SRAM, dims: 512x64, comment: Load Weight_B_Tile[n=0,m=17]})
macro_405: MacroOp({op_type: MacroOpType.CONV, seq: 405, dep_tag: DependencyTag({ld_tag: 404, tu_tag: 402, st_tag: -1}), op_name: GEMM_Tile[n=0,m=17], dims: 16x64x512, tile_m: 16, strategy: Output Stationary})
macro_406: MacroOp({op_type: MacroOpType.STORE, seq: 406, dep_tag: DependencyTag({ld_tag: -1, tu_tag: 405, st_tag: 403}), src_type: MemType.UNI_SRAM, dst_type: MemType.DRAM, dims: 16x64, comment: Store Output_C_Tile[n=0,m=17]})
macro_407: MacroOp({op_type: MacroOpType.LOAD, seq: 407, dep_tag: DependencyTag({ld_tag: 404, tu_tag: 405, st_tag: -1}), src_type: MemType.DRAM, dst_type: MemType.UNI_SRAM, dims: 512x64, comment: Load Weight_B_Tile[n=0,m=18]})
macro_408: MacroOp({op_type: MacroOpType.CONV, seq: 408, dep_tag: DependencyTag({ld_tag: 407, tu_tag: 405, st_tag: -1}), op_name: GEMM_Tile[n=0,m=18], dims: 16x64x512, tile_m: 16, strategy: Output Stationary})
macro_409: MacroOp({op_type: MacroOpType.STORE, seq: 409, dep_tag: DependencyTag({ld_tag: -1, tu_tag: 408, st_tag: 406}), src_type: MemType.UNI_SRAM, dst_type: MemType.DRAM, dims: 16x64, comment: Store Output_C_Tile[n=0,m=18]})
macro_410: MacroOp({op_type: MacroOpType.LOAD, seq: 410, dep_tag: DependencyTag({ld_tag: 407, tu_tag: 408, st_tag: -1}), src_type: MemType.DRAM, dst_type: MemType.UNI_SRAM, dims: 512x64, comment: Load Weight_B_Tile[n=0,m=19]})
macro_411: MacroOp({op_type: MacroOpType.CONV, seq: 411, dep_tag: DependencyTag({ld_tag: 410, tu_tag: 408, st_tag: -1}), op_name: GEMM_Tile[n=0,m=19], dims: 16x64x512, tile_m: 16, strategy: Output Stationary})
macro_412: MacroOp({op_type: MacroOpType.STORE, seq: 412, dep_tag: DependencyTag({ld_tag: -1, tu_tag: 411, st_tag: 409}), src_type: MemType.UNI_SRAM, dst_type: MemType.DRAM, dims: 16x64, comment: Store Output_C_Tile[n=0,m=19]})
macro_413: MacroOp({op_type: MacroOpType.LOAD, seq: 413, dep_tag: DependencyTag({ld_tag: 410, tu_tag: 411, st_tag: -1}), src_type: MemType.DRAM, dst_type: MemType.UNI_SRAM, dims: 512x64, comment: Load Weight_B_Tile[n=0,m=20]})
macro_414: MacroOp({op_type: MacroOpType.CONV, seq: 414, dep_tag: DependencyTag({ld_tag: 413, tu_tag: 411, st_tag: -1}), op_name: GEMM_Tile[n=0,m=20], dims: 16x64x512, tile_m: 16, strategy: Output Stationary})
macro_415: MacroOp({op_type: MacroOpType.STORE, seq: 415, dep_tag: DependencyTag({ld_tag: -1, tu_tag: 414, st_tag: 412}), src_type: MemType.UNI_SRAM, dst_type: MemType.DRAM, dims: 16x64, comment: Store Output_C_Tile[n=0,m=20]})
macro_416: MacroOp({op_type: MacroOpType.LOAD, seq: 416, dep_tag: DependencyTag({ld_tag: 413, tu_tag: 414, st_tag: -1}), src_type: MemType.DRAM, dst_type: MemType.UNI_SRAM, dims: 512x64, comment: Load Weight_B_Tile[n=0,m=21]})
macro_417: MacroOp({op_type: MacroOpType.CONV, seq: 417, dep_tag: DependencyTag({ld_tag: 416, tu_tag: 414, st_tag: -1}), op_name: GEMM_Tile[n=0,m=21], dims: 16x64x512, tile_m: 16, strategy: Output Stationary})
macro_418: MacroOp({op_type: MacroOpType.STORE, seq: 418, dep_tag: DependencyTag({ld_tag: -1, tu_tag: 417, st_tag: 415}), src_type: MemType.UNI_SRAM, dst_type: MemType.DRAM, dims: 16x64, comment: Store Output_C_Tile[n=0,m=21]})
macro_419: MacroOp({op_type: MacroOpType.LOAD, seq: 419, dep_tag: DependencyTag({ld_tag: 416, tu_tag: 417, st_tag: -1}), src_type: MemType.DRAM, dst_type: MemType.UNI_SRAM, dims: 512x64, comment: Load Weight_B_Tile[n=0,m=22]})
macro_420: MacroOp({op_type: MacroOpType.CONV, seq: 420, dep_tag: DependencyTag({ld_tag: 419, tu_tag: 417, st_tag: -1}), op_name: GEMM_Tile[n=0,m=22], dims: 16x64x512, tile_m: 16, strategy: Output Stationary})
macro_421: MacroOp({op_type: MacroOpType.STORE, seq: 421, dep_tag: DependencyTag({ld_tag: -1, tu_tag: 420, st_tag: 418}), src_type: MemType.UNI_SRAM, dst_type: MemType.DRAM, dims: 16x64, comment: Store Output_C_Tile[n=0,m=22]})
macro_422: MacroOp({op_type: MacroOpType.LOAD, seq: 422, dep_tag: DependencyTag({ld_tag: 419, tu_tag: 420, st_tag: -1}), src_type: MemType.DRAM, dst_type: MemType.UNI_SRAM, dims: 512x64, comment: Load Weight_B_Tile[n=0,m=23]})
macro_423: MacroOp({op_type: MacroOpType.CONV, seq: 423, dep_tag: DependencyTag({ld_tag: 422, tu_tag: 420, st_tag: -1}), op_name: GEMM_Tile[n=0,m=23], dims: 16x64x512, tile_m: 16, strategy: Output Stationary})
macro_424: MacroOp({op_type: MacroOpType.STORE, seq: 424, dep_tag: DependencyTag({ld_tag: -1, tu_tag: 423, st_tag: 421}), src_type: MemType.UNI_SRAM, dst_type: MemType.DRAM, dims: 16x64, comment: Store Output_C_Tile[n=0,m=23]})
macro_425: MacroOp({op_type: MacroOpType.LOAD, seq: 425, dep_tag: DependencyTag({ld_tag: 422, tu_tag: 423, st_tag: -1}), src_type: MemType.DRAM, dst_type: MemType.UNI_SRAM, dims: 512x64, comment: Load Weight_B_Tile[n=0,m=24]})
macro_426: MacroOp({op_type: MacroOpType.CONV, seq: 426, dep_tag: DependencyTag({ld_tag: 425, tu_tag: 423, st_tag: -1}), op_name: GEMM_Tile[n=0,m=24], dims: 16x64x512, tile_m: 16, strategy: Output Stationary})
macro_427: MacroOp({op_type: MacroOpType.STORE, seq: 427, dep_tag: DependencyTag({ld_tag: -1, tu_tag: 426, st_tag: 424}), src_type: MemType.UNI_SRAM, dst_type: MemType.DRAM, dims: 16x64, comment: Store Output_C_Tile[n=0,m=24]})
macro_428: MacroOp({op_type: MacroOpType.LOAD, seq: 428, dep_tag: DependencyTag({ld_tag: 425, tu_tag: 426, st_tag: -1}), src_type: MemType.DRAM, dst_type: MemType.UNI_SRAM, dims: 512x64, comment: Load Weight_B_Tile[n=0,m=25]})
macro_429: MacroOp({op_type: MacroOpType.CONV, seq: 429, dep_tag: DependencyTag({ld_tag: 428, tu_tag: 426, st_tag: -1}), op_name: GEMM_Tile[n=0,m=25], dims: 16x64x512, tile_m: 16, strategy: Output Stationary})
macro_430: MacroOp({op_type: MacroOpType.STORE, seq: 430, dep_tag: DependencyTag({ld_tag: -1, tu_tag: 429, st_tag: 427}), src_type: MemType.UNI_SRAM, dst_type: MemType.DRAM, dims: 16x64, comment: Store Output_C_Tile[n=0,m=25]})
macro_431: MacroOp({op_type: MacroOpType.LOAD, seq: 431, dep_tag: DependencyTag({ld_tag: 428, tu_tag: 429, st_tag: -1}), src_type: MemType.DRAM, dst_type: MemType.UNI_SRAM, dims: 512x64, comment: Load Weight_B_Tile[n=0,m=26]})
macro_432: MacroOp({op_type: MacroOpType.CONV, seq: 432, dep_tag: DependencyTag({ld_tag: 431, tu_tag: 429, st_tag: -1}), op_name: GEMM_Tile[n=0,m=26], dims: 16x64x512, tile_m: 16, strategy: Output Stationary})
macro_433: MacroOp({op_type: MacroOpType.STORE, seq: 433, dep_tag: DependencyTag({ld_tag: -1, tu_tag: 432, st_tag: 430}), src_type: MemType.UNI_SRAM, dst_type: MemType.DRAM, dims: 16x64, comment: Store Output_C_Tile[n=0,m=26]})
macro_434: MacroOp({op_type: MacroOpType.LOAD, seq: 434, dep_tag: DependencyTag({ld_tag: 431, tu_tag: 432, st_tag: -1}), src_type: MemType.DRAM, dst_type: MemType.UNI_SRAM, dims: 512x64, comment: Load Weight_B_Tile[n=0,m=27]})
macro_435: MacroOp({op_type: MacroOpType.CONV, seq: 435, dep_tag: DependencyTag({ld_tag: 434, tu_tag: 432, st_tag: -1}), op_name: GEMM_Tile[n=0,m=27], dims: 16x64x512, tile_m: 16, strategy: Output Stationary})
macro_436: MacroOp({op_type: MacroOpType.STORE, seq: 436, dep_tag: DependencyTag({ld_tag: -1, tu_tag: 435, st_tag: 433}), src_type: MemType.UNI_SRAM, dst_type: MemType.DRAM, dims: 16x64, comment: Store Output_C_Tile[n=0,m=27]})
macro_437: MacroOp({op_type: MacroOpType.LOAD, seq: 437, dep_tag: DependencyTag({ld_tag: 434, tu_tag: 435, st_tag: -1}), src_type: MemType.DRAM, dst_type: MemType.UNI_SRAM, dims: 512x64, comment: Load Weight_B_Tile[n=0,m=28]})
macro_438: MacroOp({op_type: MacroOpType.CONV, seq: 438, dep_tag: DependencyTag({ld_tag: 437, tu_tag: 435, st_tag: -1}), op_name: GEMM_Tile[n=0,m=28], dims: 16x64x512, tile_m: 16, strategy: Output Stationary})
macro_439: MacroOp({op_type: MacroOpType.STORE, seq: 439, dep_tag: DependencyTag({ld_tag: -1, tu_tag: 438, st_tag: 436}), src_type: MemType.UNI_SRAM, dst_type: MemType.DRAM, dims: 16x64, comment: Store Output_C_Tile[n=0,m=28]})
macro_440: MacroOp({op_type: MacroOpType.LOAD, seq: 440, dep_tag: DependencyTag({ld_tag: 437, tu_tag: 438, st_tag: -1}), src_type: MemType.DRAM, dst_type: MemType.UNI_SRAM, dims: 512x64, comment: Load Weight_B_Tile[n=0,m=29]})
macro_441: MacroOp({op_type: MacroOpType.CONV, seq: 441, dep_tag: DependencyTag({ld_tag: 440, tu_tag: 438, st_tag: -1}), op_name: GEMM_Tile[n=0,m=29], dims: 16x64x512, tile_m: 16, strategy: Output Stationary})
macro_442: MacroOp({op_type: MacroOpType.STORE, seq: 442, dep_tag: DependencyTag({ld_tag: -1, tu_tag: 441, st_tag: 439}), src_type: MemType.UNI_SRAM, dst_type: MemType.DRAM, dims: 16x64, comment: Store Output_C_Tile[n=0,m=29]})
macro_443: MacroOp({op_type: MacroOpType.LOAD, seq: 443, dep_tag: DependencyTag({ld_tag: 440, tu_tag: 441, st_tag: -1}), src_type: MemType.DRAM, dst_type: MemType.UNI_SRAM, dims: 512x64, comment: Load Weight_B_Tile[n=0,m=30]})
macro_444: MacroOp({op_type: MacroOpType.CONV, seq: 444, dep_tag: DependencyTag({ld_tag: 443, tu_tag: 441, st_tag: -1}), op_name: GEMM_Tile[n=0,m=30], dims: 16x64x512, tile_m: 16, strategy: Output Stationary})
macro_445: MacroOp({op_type: MacroOpType.STORE, seq: 445, dep_tag: DependencyTag({ld_tag: -1, tu_tag: 444, st_tag: 442}), src_type: MemType.UNI_SRAM, dst_type: MemType.DRAM, dims: 16x64, comment: Store Output_C_Tile[n=0,m=30]})
macro_446: MacroOp({op_type: MacroOpType.LOAD, seq: 446, dep_tag: DependencyTag({ld_tag: 443, tu_tag: 444, st_tag: -1}), src_type: MemType.DRAM, dst_type: MemType.UNI_SRAM, dims: 512x64, comment: Load Weight_B_Tile[n=0,m=31]})
macro_447: MacroOp({op_type: MacroOpType.CONV, seq: 447, dep_tag: DependencyTag({ld_tag: 446, tu_tag: 444, st_tag: -1}), op_name: GEMM_Tile[n=0,m=31], dims: 16x64x512, tile_m: 16, strategy: Output Stationary})
macro_448: MacroOp({op_type: MacroOpType.STORE, seq: 448, dep_tag: DependencyTag({ld_tag: -1, tu_tag: 447, st_tag: 445}), src_type: MemType.UNI_SRAM, dst_type: MemType.DRAM, dims: 16x64, comment: Store Output_C_Tile[n=0,m=31]})
macro_449: MacroOp({op_type: MacroOpType.LOAD, seq: 449, dep_tag: DependencyTag({ld_tag: 446, tu_tag: 447, st_tag: -1}), src_type: MemType.DRAM, dst_type: MemType.UNI_SRAM, dims: 512x768, comment: Load Residual_Input})
macro_450: MacroOp({op_type: MacroOpType.VECTOR, seq: 450, dep_tag: DependencyTag({ld_tag: -1, tu_tag: 447, st_tag: -1}), op_name: Add_Norm, dims: 512x768, src_type: MemType.VRF, dst_type: MemType.VRF})
macro_451: MacroOp({op_type: MacroOpType.STORE, seq: 451, dep_tag: DependencyTag({ld_tag: -1, tu_tag: 450, st_tag: 448}), src_type: MemType.VRF, dst_type: MemType.DRAM, dims: 512x768, comment: Store Norm_Output})

[Layer Start] FFN_Up_Proj (512x3072x768)
macro_452: MacroOp({op_type: MacroOpType.LOAD, seq: 452, dep_tag: DependencyTag({ld_tag: 449, tu_tag: 450, st_tag: -1}), src_type: MemType.DRAM, dst_type: MemType.UNI_SRAM, dims: 768x512, comment: Load Weight_B_Tile[n=0,m=0]})
macro_453: MacroOp({op_type: MacroOpType.LOAD, seq: 453, dep_tag: DependencyTag({ld_tag: 452, tu_tag: 450, st_tag: -1}), src_type: MemType.DRAM, dst_type: MemType.UNI_SRAM, dims: 16x768, comment: Load Input_A_Tile[n=0,m=0]})
macro_454: MacroOp({op_type: MacroOpType.CONV, seq: 454, dep_tag: DependencyTag({ld_tag: 453, tu_tag: 450, st_tag: -1}), op_name: GEMM_Tile[n=0,m=0], dims: 16x512x768, tile_m: 16, strategy: Output Stationary})
macro_455: MacroOp({op_type: MacroOpType.LOAD, seq: 455, dep_tag: DependencyTag({ld_tag: 453, tu_tag: 454, st_tag: -1}), src_type: MemType.DRAM, dst_type: MemType.UNI_SRAM, dims: 768x512, comment: Load Weight_B_Tile[n=0,m=1]})
macro_456: MacroOp({op_type: MacroOpType.LOAD, seq: 456, dep_tag: DependencyTag({ld_tag: 455, tu_tag: 454, st_tag: -1}), src_type: MemType.DRAM, dst_type: MemType.UNI_SRAM, dims: 16x768, comment: Load Input_A_Tile[n=0,m=1]})
macro_457: MacroOp({op_type: MacroOpType.CONV, seq: 457, dep_tag: DependencyTag({ld_tag: 456, tu_tag: 454, st_tag: -1}), op_name: GEMM_Tile[n=0,m=1], dims: 16x512x768, tile_m: 16, strategy: Output Stationary})
macro_458: MacroOp({op_type: MacroOpType.LOAD, seq: 458, dep_tag: DependencyTag({ld_tag: 456, tu_tag: 457, st_tag: -1}), src_type: MemType.DRAM, dst_type: MemType.UNI_SRAM, dims: 768x512, comment: Load Weight_B_Tile[n=0,m=2]})
macro_459: MacroOp({op_type: MacroOpType.LOAD, seq: 459, dep_tag: DependencyTag({ld_tag: 458, tu_tag: 457, st_tag: -1}), src_type: MemType.DRAM, dst_type: MemType.UNI_SRAM, dims: 16x768, comment: Load Input_A_Tile[n=0,m=2]})
macro_460: MacroOp({op_type: MacroOpType.CONV, seq: 460, dep_tag: DependencyTag({ld_tag: 459, tu_tag: 457, st_tag: -1}), op_name: GEMM_Tile[n=0,m=2], dims: 16x512x768, tile_m: 16, strategy: Output Stationary})
macro_461: MacroOp({op_type: MacroOpType.LOAD, seq: 461, dep_tag: DependencyTag({ld_tag: 459, tu_tag: 460, st_tag: -1}), src_type: MemType.DRAM, dst_type: MemType.UNI_SRAM, dims: 768x512, comment: Load Weight_B_Tile[n=0,m=3]})
macro_462: MacroOp({op_type: MacroOpType.LOAD, seq: 462, dep_tag: DependencyTag({ld_tag: 461, tu_tag: 460, st_tag: -1}), src_type: MemType.DRAM, dst_type: MemType.UNI_SRAM, dims: 16x768, comment: Load Input_A_Tile[n=0,m=3]})
macro_463: MacroOp({op_type: MacroOpType.CONV, seq: 463, dep_tag: DependencyTag({ld_tag: 462, tu_tag: 460, st_tag: -1}), op_name: GEMM_Tile[n=0,m=3], dims: 16x512x768, tile_m: 16, strategy: Output Stationary})
macro_464: MacroOp({op_type: MacroOpType.LOAD, seq: 464, dep_tag: DependencyTag({ld_tag: 462, tu_tag: 463, st_tag: -1}), src_type: MemType.DRAM, dst_type: MemType.UNI_SRAM, dims: 768x512, comment: Load Weight_B_Tile[n=0,m=4]})
macro_465: MacroOp({op_type: MacroOpType.LOAD, seq: 465, dep_tag: DependencyTag({ld_tag: 464, tu_tag: 463, st_tag: -1}), src_type: MemType.DRAM, dst_type: MemType.UNI_SRAM, dims: 16x768, comment: Load Input_A_Tile[n=0,m=4]})
macro_466: MacroOp({op_type: MacroOpType.CONV, seq: 466, dep_tag: DependencyTag({ld_tag: 465, tu_tag: 463, st_tag: -1}), op_name: GEMM_Tile[n=0,m=4], dims: 16x512x768, tile_m: 16, strategy: Output Stationary})
macro_467: MacroOp({op_type: MacroOpType.LOAD, seq: 467, dep_tag: DependencyTag({ld_tag: 465, tu_tag: 466, st_tag: -1}), src_type: MemType.DRAM, dst_type: MemType.UNI_SRAM, dims: 768x512, comment: Load Weight_B_Tile[n=0,m=5]})
macro_468: MacroOp({op_type: MacroOpType.LOAD, seq: 468, dep_tag: DependencyTag({ld_tag: 467, tu_tag: 466, st_tag: -1}), src_type: MemType.DRAM, dst_type: MemType.UNI_SRAM, dims: 16x768, comment: Load Input_A_Tile[n=0,m=5]})
macro_469: MacroOp({op_type: MacroOpType.CONV, seq: 469, dep_tag: DependencyTag({ld_tag: 468, tu_tag: 466, st_tag: -1}), op_name: GEMM_Tile[n=0,m=5], dims: 16x512x768, tile_m: 16, strategy: Output Stationary})
macro_470: MacroOp({op_type: MacroOpType.LOAD, seq: 470, dep_tag: DependencyTag({ld_tag: 468, tu_tag: 469, st_tag: -1}), src_type: MemType.DRAM, dst_type: MemType.UNI_SRAM, dims: 768x512, comment: Load Weight_B_Tile[n=0,m=6]})
macro_471: MacroOp({op_type: MacroOpType.LOAD, seq: 471, dep_tag: DependencyTag({ld_tag: 470, tu_tag: 469, st_tag: -1}), src_type: MemType.DRAM, dst_type: MemType.UNI_SRAM, dims: 16x768, comment: Load Input_A_Tile[n=0,m=6]})
macro_472: MacroOp({op_type: MacroOpType.CONV, seq: 472, dep_tag: DependencyTag({ld_tag: 471, tu_tag: 469, st_tag: -1}), op_name: GEMM_Tile[n=0,m=6], dims: 16x512x768, tile_m: 16, strategy: Output Stationary})
macro_473: MacroOp({op_type: MacroOpType.LOAD, seq: 473, dep_tag: DependencyTag({ld_tag: 471, tu_tag: 472, st_tag: -1}), src_type: MemType.DRAM, dst_type: MemType.UNI_SRAM, dims: 768x512, comment: Load Weight_B_Tile[n=0,m=7]})
macro_474: MacroOp({op_type: MacroOpType.LOAD, seq: 474, dep_tag: DependencyTag({ld_tag: 473, tu_tag: 472, st_tag: -1}), src_type: MemType.DRAM, dst_type: MemType.UNI_SRAM, dims: 16x768, comment: Load Input_A_Tile[n=0,m=7]})
macro_475: MacroOp({op_type: MacroOpType.CONV, seq: 475, dep_tag: DependencyTag({ld_tag: 474, tu_tag: 472, st_tag: -1}), op_name: GEMM_Tile[n=0,m=7], dims: 16x512x768, tile_m: 16, strategy: Output Stationary})
macro_476: MacroOp({op_type: MacroOpType.LOAD, seq: 476, dep_tag: DependencyTag({ld_tag: 474, tu_tag: 475, st_tag: -1}), src_type: MemType.DRAM, dst_type: MemType.UNI_SRAM, dims: 768x512, comment: Load Weight_B_Tile[n=0,m=8]})
macro_477: MacroOp({op_type: MacroOpType.LOAD, seq: 477, dep_tag: DependencyTag({ld_tag: 476, tu_tag: 475, st_tag: -1}), src_type: MemType.DRAM, dst_type: MemType.UNI_SRAM, dims: 16x768, comment: Load Input_A_Tile[n=0,m=8]})
macro_478: MacroOp({op_type: MacroOpType.CONV, seq: 478, dep_tag: DependencyTag({ld_tag: 477, tu_tag: 475, st_tag: -1}), op_name: GEMM_Tile[n=0,m=8], dims: 16x512x768, tile_m: 16, strategy: Output Stationary})
macro_479: MacroOp({op_type: MacroOpType.LOAD, seq: 479, dep_tag: DependencyTag({ld_tag: 477, tu_tag: 478, st_tag: -1}), src_type: MemType.DRAM, dst_type: MemType.UNI_SRAM, dims: 768x512, comment: Load Weight_B_Tile[n=0,m=9]})
macro_480: MacroOp({op_type: MacroOpType.LOAD, seq: 480, dep_tag: DependencyTag({ld_tag: 479, tu_tag: 478, st_tag: -1}), src_type: MemType.DRAM, dst_type: MemType.UNI_SRAM, dims: 16x768, comment: Load Input_A_Tile[n=0,m=9]})
macro_481: MacroOp({op_type: MacroOpType.CONV, seq: 481, dep_tag: DependencyTag({ld_tag: 480, tu_tag: 478, st_tag: -1}), op_name: GEMM_Tile[n=0,m=9], dims: 16x512x768, tile_m: 16, strategy: Output Stationary})
macro_482: MacroOp({op_type: MacroOpType.LOAD, seq: 482, dep_tag: DependencyTag({ld_tag: 480, tu_tag: 481, st_tag: -1}), src_type: MemType.DRAM, dst_type: MemType.UNI_SRAM, dims: 768x512, comment: Load Weight_B_Tile[n=0,m=10]})
macro_483: MacroOp({op_type: MacroOpType.LOAD, seq: 483, dep_tag: DependencyTag({ld_tag: 482, tu_tag: 481, st_tag: -1}), src_type: MemType.DRAM, dst_type: MemType.UNI_SRAM, dims: 16x768, comment: Load Input_A_Tile[n=0,m=10]})
macro_484: MacroOp({op_type: MacroOpType.CONV, seq: 484, dep_tag: DependencyTag({ld_tag: 483, tu_tag: 481, st_tag: -1}), op_name: GEMM_Tile[n=0,m=10], dims: 16x512x768, tile_m: 16, strategy: Output Stationary})
macro_485: MacroOp({op_type: MacroOpType.LOAD, seq: 485, dep_tag: DependencyTag({ld_tag: 483, tu_tag: 484, st_tag: -1}), src_type: MemType.DRAM, dst_type: MemType.UNI_SRAM, dims: 768x512, comment: Load Weight_B_Tile[n=0,m=11]})
macro_486: MacroOp({op_type: MacroOpType.LOAD, seq: 486, dep_tag: DependencyTag({ld_tag: 485, tu_tag: 484, st_tag: -1}), src_type: MemType.DRAM, dst_type: MemType.UNI_SRAM, dims: 16x768, comment: Load Input_A_Tile[n=0,m=11]})
macro_487: MacroOp({op_type: MacroOpType.CONV, seq: 487, dep_tag: DependencyTag({ld_tag: 486, tu_tag: 484, st_tag: -1}), op_name: GEMM_Tile[n=0,m=11], dims: 16x512x768, tile_m: 16, strategy: Output Stationary})
macro_488: MacroOp({op_type: MacroOpType.LOAD, seq: 488, dep_tag: DependencyTag({ld_tag: 486, tu_tag: 487, st_tag: -1}), src_type: MemType.DRAM, dst_type: MemType.UNI_SRAM, dims: 768x512, comment: Load Weight_B_Tile[n=0,m=12]})
macro_489: MacroOp({op_type: MacroOpType.LOAD, seq: 489, dep_tag: DependencyTag({ld_tag: 488, tu_tag: 487, st_tag: -1}), src_type: MemType.DRAM, dst_type: MemType.UNI_SRAM, dims: 16x768, comment: Load Input_A_Tile[n=0,m=12]})
macro_490: MacroOp({op_type: MacroOpType.CONV, seq: 490, dep_tag: DependencyTag({ld_tag: 489, tu_tag: 487, st_tag: -1}), op_name: GEMM_Tile[n=0,m=12], dims: 16x512x768, tile_m: 16, strategy: Output Stationary})
macro_491: MacroOp({op_type: MacroOpType.LOAD, seq: 491, dep_tag: DependencyTag({ld_tag: 489, tu_tag: 490, st_tag: -1}), src_type: MemType.DRAM, dst_type: MemType.UNI_SRAM, dims: 768x512, comment: Load Weight_B_Tile[n=0,m=13]})
macro_492: MacroOp({op_type: MacroOpType.LOAD, seq: 492, dep_tag: DependencyTag({ld_tag: 491, tu_tag: 490, st_tag: -1}), src_type: MemType.DRAM, dst_type: MemType.UNI_SRAM, dims: 16x768, comment: Load Input_A_Tile[n=0,m=13]})
macro_493: MacroOp({op_type: MacroOpType.CONV, seq: 493, dep_tag: DependencyTag({ld_tag: 492, tu_tag: 490, st_tag: -1}), op_name: GEMM_Tile[n=0,m=13], dims: 16x512x768, tile_m: 16, strategy: Output Stationary})
macro_494: MacroOp({op_type: MacroOpType.LOAD, seq: 494, dep_tag: DependencyTag({ld_tag: 492, tu_tag: 493, st_tag: -1}), src_type: MemType.DRAM, dst_type: MemType.UNI_SRAM, dims: 768x512, comment: Load Weight_B_Tile[n=0,m=14]})
macro_495: MacroOp({op_type: MacroOpType.LOAD, seq: 495, dep_tag: DependencyTag({ld_tag: 494, tu_tag: 493, st_tag: -1}), src_type: MemType.DRAM, dst_type: MemType.UNI_SRAM, dims: 16x768, comment: Load Input_A_Tile[n=0,m=14]})
macro_496: MacroOp({op_type: MacroOpType.CONV, seq: 496, dep_tag: DependencyTag({ld_tag: 495, tu_tag: 493, st_tag: -1}), op_name: GEMM_Tile[n=0,m=14], dims: 16x512x768, tile_m: 16, strategy: Output Stationary})
macro_497: MacroOp({op_type: MacroOpType.LOAD, seq: 497, dep_tag: DependencyTag({ld_tag: 495, tu_tag: 496, st_tag: -1}), src_type: MemType.DRAM, dst_type: MemType.UNI_SRAM, dims: 768x512, comment: Load Weight_B_Tile[n=0,m=15]})
macro_498: MacroOp({op_type: MacroOpType.LOAD, seq: 498, dep_tag: DependencyTag({ld_tag: 497, tu_tag: 496, st_tag: -1}), src_type: MemType.DRAM, dst_type: MemType.UNI_SRAM, dims: 16x768, comment: Load Input_A_Tile[n=0,m=15]})
macro_499: MacroOp({op_type: MacroOpType.CONV, seq: 499, dep_tag: DependencyTag({ld_tag: 498, tu_tag: 496, st_tag: -1}), op_name: GEMM_Tile[n=0,m=15], dims: 16x512x768, tile_m: 16, strategy: Output Stationary})
macro_500: MacroOp({op_type: MacroOpType.LOAD, seq: 500, dep_tag: DependencyTag({ld_tag: 498, tu_tag: 499, st_tag: -1}), src_type: MemType.DRAM, dst_type: MemType.UNI_SRAM, dims: 768x512, comment: Load Weight_B_Tile[n=0,m=16]})
macro_501: MacroOp({op_type: MacroOpType.LOAD, seq: 501, dep_tag: DependencyTag({ld_tag: 500, tu_tag: 499, st_tag: -1}), src_type: MemType.DRAM, dst_type: MemType.UNI_SRAM, dims: 16x768, comment: Load Input_A_Tile[n=0,m=16]})
macro_502: MacroOp({op_type: MacroOpType.CONV, seq: 502, dep_tag: DependencyTag({ld_tag: 501, tu_tag: 499, st_tag: -1}), op_name: GEMM_Tile[n=0,m=16], dims: 16x512x768, tile_m: 16, strategy: Output Stationary})
macro_503: MacroOp({op_type: MacroOpType.LOAD, seq: 503, dep_tag: DependencyTag({ld_tag: 501, tu_tag: 502, st_tag: -1}), src_type: MemType.DRAM, dst_type: MemType.UNI_SRAM, dims: 768x512, comment: Load Weight_B_Tile[n=0,m=17]})
macro_504: MacroOp({op_type: MacroOpType.LOAD, seq: 504, dep_tag: DependencyTag({ld_tag: 503, tu_tag: 502, st_tag: -1}), src_type: MemType.DRAM, dst_type: MemType.UNI_SRAM, dims: 16x768, comment: Load Input_A_Tile[n=0,m=17]})
macro_505: MacroOp({op_type: MacroOpType.CONV, seq: 505, dep_tag: DependencyTag({ld_tag: 504, tu_tag: 502, st_tag: -1}), op_name: GEMM_Tile[n=0,m=17], dims: 16x512x768, tile_m: 16, strategy: Output Stationary})
macro_506: MacroOp({op_type: MacroOpType.LOAD, seq: 506, dep_tag: DependencyTag({ld_tag: 504, tu_tag: 505, st_tag: -1}), src_type: MemType.DRAM, dst_type: MemType.UNI_SRAM, dims: 768x512, comment: Load Weight_B_Tile[n=0,m=18]})
macro_507: MacroOp({op_type: MacroOpType.LOAD, seq: 507, dep_tag: DependencyTag({ld_tag: 506, tu_tag: 505, st_tag: -1}), src_type: MemType.DRAM, dst_type: MemType.UNI_SRAM, dims: 16x768, comment: Load Input_A_Tile[n=0,m=18]})
macro_508: MacroOp({op_type: MacroOpType.CONV, seq: 508, dep_tag: DependencyTag({ld_tag: 507, tu_tag: 505, st_tag: -1}), op_name: GEMM_Tile[n=0,m=18], dims: 16x512x768, tile_m: 16, strategy: Output Stationary})
macro_509: MacroOp({op_type: MacroOpType.LOAD, seq: 509, dep_tag: DependencyTag({ld_tag: 507, tu_tag: 508, st_tag: -1}), src_type: MemType.DRAM, dst_type: MemType.UNI_SRAM, dims: 768x512, comment: Load Weight_B_Tile[n=0,m=19]})
macro_510: MacroOp({op_type: MacroOpType.LOAD, seq: 510, dep_tag: DependencyTag({ld_tag: 509, tu_tag: 508, st_tag: -1}), src_type: MemType.DRAM, dst_type: MemType.UNI_SRAM, dims: 16x768, comment: Load Input_A_Tile[n=0,m=19]})
macro_511: MacroOp({op_type: MacroOpType.CONV, seq: 511, dep_tag: DependencyTag({ld_tag: 510, tu_tag: 508, st_tag: -1}), op_name: GEMM_Tile[n=0,m=19], dims: 16x512x768, tile_m: 16, strategy: Output Stationary})
macro_512: MacroOp({op_type: MacroOpType.LOAD, seq: 512, dep_tag: DependencyTag({ld_tag: 510, tu_tag: 511, st_tag: -1}), src_type: MemType.DRAM, dst_type: MemType.UNI_SRAM, dims: 768x512, comment: Load Weight_B_Tile[n=0,m=20]})
macro_513: MacroOp({op_type: MacroOpType.LOAD, seq: 513, dep_tag: DependencyTag({ld_tag: 512, tu_tag: 511, st_tag: -1}), src_type: MemType.DRAM, dst_type: MemType.UNI_SRAM, dims: 16x768, comment: Load Input_A_Tile[n=0,m=20]})
macro_514: MacroOp({op_type: MacroOpType.CONV, seq: 514, dep_tag: DependencyTag({ld_tag: 513, tu_tag: 511, st_tag: -1}), op_name: GEMM_Tile[n=0,m=20], dims: 16x512x768, tile_m: 16, strategy: Output Stationary})
macro_515: MacroOp({op_type: MacroOpType.LOAD, seq: 515, dep_tag: DependencyTag({ld_tag: 513, tu_tag: 514, st_tag: -1}), src_type: MemType.DRAM, dst_type: MemType.UNI_SRAM, dims: 768x512, comment: Load Weight_B_Tile[n=0,m=21]})
macro_516: MacroOp({op_type: MacroOpType.LOAD, seq: 516, dep_tag: DependencyTag({ld_tag: 515, tu_tag: 514, st_tag: -1}), src_type: MemType.DRAM, dst_type: MemType.UNI_SRAM, dims: 16x768, comment: Load Input_A_Tile[n=0,m=21]})
macro_517: MacroOp({op_type: MacroOpType.CONV, seq: 517, dep_tag: DependencyTag({ld_tag: 516, tu_tag: 514, st_tag: -1}), op_name: GEMM_Tile[n=0,m=21], dims: 16x512x768, tile_m: 16, strategy: Output Stationary})
macro_518: MacroOp({op_type: MacroOpType.LOAD, seq: 518, dep_tag: DependencyTag({ld_tag: 516, tu_tag: 517, st_tag: -1}), src_type: MemType.DRAM, dst_type: MemType.UNI_SRAM, dims: 768x512, comment: Load Weight_B_Tile[n=0,m=22]})
macro_519: MacroOp({op_type: MacroOpType.LOAD, seq: 519, dep_tag: DependencyTag({ld_tag: 518, tu_tag: 517, st_tag: -1}), src_type: MemType.DRAM, dst_type: MemType.UNI_SRAM, dims: 16x768, comment: Load Input_A_Tile[n=0,m=22]})
macro_520: MacroOp({op_type: MacroOpType.CONV, seq: 520, dep_tag: DependencyTag({ld_tag: 519, tu_tag: 517, st_tag: -1}), op_name: GEMM_Tile[n=0,m=22], dims: 16x512x768, tile_m: 16, strategy: Output Stationary})
macro_521: MacroOp({op_type: MacroOpType.LOAD, seq: 521, dep_tag: DependencyTag({ld_tag: 519, tu_tag: 520, st_tag: -1}), src_type: MemType.DRAM, dst_type: MemType.UNI_SRAM, dims: 768x512, comment: Load Weight_B_Tile[n=0,m=23]})
macro_522: MacroOp({op_type: MacroOpType.LOAD, seq: 522, dep_tag: DependencyTag({ld_tag: 521, tu_tag: 520, st_tag: -1}), src_type: MemType.DRAM, dst_type: MemType.UNI_SRAM, dims: 16x768, comment: Load Input_A_Tile[n=0,m=23]})
macro_523: MacroOp({op_type: MacroOpType.CONV, seq: 523, dep_tag: DependencyTag({ld_tag: 522, tu_tag: 520, st_tag: -1}), op_name: GEMM_Tile[n=0,m=23], dims: 16x512x768, tile_m: 16, strategy: Output Stationary})
macro_524: MacroOp({op_type: MacroOpType.LOAD, seq: 524, dep_tag: DependencyTag({ld_tag: 522, tu_tag: 523, st_tag: -1}), src_type: MemType.DRAM, dst_type: MemType.UNI_SRAM, dims: 768x512, comment: Load Weight_B_Tile[n=0,m=24]})
macro_525: MacroOp({op_type: MacroOpType.LOAD, seq: 525, dep_tag: DependencyTag({ld_tag: 524, tu_tag: 523, st_tag: -1}), src_type: MemType.DRAM, dst_type: MemType.UNI_SRAM, dims: 16x768, comment: Load Input_A_Tile[n=0,m=24]})
macro_526: MacroOp({op_type: MacroOpType.CONV, seq: 526, dep_tag: DependencyTag({ld_tag: 525, tu_tag: 523, st_tag: -1}), op_name: GEMM_Tile[n=0,m=24], dims: 16x512x768, tile_m: 16, strategy: Output Stationary})
macro_527: MacroOp({op_type: MacroOpType.LOAD, seq: 527, dep_tag: DependencyTag({ld_tag: 525, tu_tag: 526, st_tag: -1}), src_type: MemType.DRAM, dst_type: MemType.UNI_SRAM, dims: 768x512, comment: Load Weight_B_Tile[n=0,m=25]})
macro_528: MacroOp({op_type: MacroOpType.LOAD, seq: 528, dep_tag: DependencyTag({ld_tag: 527, tu_tag: 526, st_tag: -1}), src_type: MemType.DRAM, dst_type: MemType.UNI_SRAM, dims: 16x768, comment: Load Input_A_Tile[n=0,m=25]})
macro_529: MacroOp({op_type: MacroOpType.CONV, seq: 529, dep_tag: DependencyTag({ld_tag: 528, tu_tag: 526, st_tag: -1}), op_name: GEMM_Tile[n=0,m=25], dims: 16x512x768, tile_m: 16, strategy: Output Stationary})
macro_530: MacroOp({op_type: MacroOpType.LOAD, seq: 530, dep_tag: DependencyTag({ld_tag: 528, tu_tag: 529, st_tag: -1}), src_type: MemType.DRAM, dst_type: MemType.UNI_SRAM, dims: 768x512, comment: Load Weight_B_Tile[n=0,m=26]})
macro_531: MacroOp({op_type: MacroOpType.LOAD, seq: 531, dep_tag: DependencyTag({ld_tag: 530, tu_tag: 529, st_tag: -1}), src_type: MemType.DRAM, dst_type: MemType.UNI_SRAM, dims: 16x768, comment: Load Input_A_Tile[n=0,m=26]})
macro_532: MacroOp({op_type: MacroOpType.CONV, seq: 532, dep_tag: DependencyTag({ld_tag: 531, tu_tag: 529, st_tag: -1}), op_name: GEMM_Tile[n=0,m=26], dims: 16x512x768, tile_m: 16, strategy: Output Stationary})
macro_533: MacroOp({op_type: MacroOpType.LOAD, seq: 533, dep_tag: DependencyTag({ld_tag: 531, tu_tag: 532, st_tag: -1}), src_type: MemType.DRAM, dst_type: MemType.UNI_SRAM, dims: 768x512, comment: Load Weight_B_Tile[n=0,m=27]})
macro_534: MacroOp({op_type: MacroOpType.LOAD, seq: 534, dep_tag: DependencyTag({ld_tag: 533, tu_tag: 532, st_tag: -1}), src_type: MemType.DRAM, dst_type: MemType.UNI_SRAM, dims: 16x768, comment: Load Input_A_Tile[n=0,m=27]})
macro_535: MacroOp({op_type: MacroOpType.CONV, seq: 535, dep_tag: DependencyTag({ld_tag: 534, tu_tag: 532, st_tag: -1}), op_name: GEMM_Tile[n=0,m=27], dims: 16x512x768, tile_m: 16, strategy: Output Stationary})
macro_536: MacroOp({op_type: MacroOpType.LOAD, seq: 536, dep_tag: DependencyTag({ld_tag: 534, tu_tag: 535, st_tag: -1}), src_type: MemType.DRAM, dst_type: MemType.UNI_SRAM, dims: 768x512, comment: Load Weight_B_Tile[n=0,m=28]})
macro_537: MacroOp({op_type: MacroOpType.LOAD, seq: 537, dep_tag: DependencyTag({ld_tag: 536, tu_tag: 535, st_tag: -1}), src_type: MemType.DRAM, dst_type: MemType.UNI_SRAM, dims: 16x768, comment: Load Input_A_Tile[n=0,m=28]})
macro_538: MacroOp({op_type: MacroOpType.CONV, seq: 538, dep_tag: DependencyTag({ld_tag: 537, tu_tag: 535, st_tag: -1}), op_name: GEMM_Tile[n=0,m=28], dims: 16x512x768, tile_m: 16, strategy: Output Stationary})
macro_539: MacroOp({op_type: MacroOpType.LOAD, seq: 539, dep_tag: DependencyTag({ld_tag: 537, tu_tag: 538, st_tag: -1}), src_type: MemType.DRAM, dst_type: MemType.UNI_SRAM, dims: 768x512, comment: Load Weight_B_Tile[n=0,m=29]})
macro_540: MacroOp({op_type: MacroOpType.LOAD, seq: 540, dep_tag: DependencyTag({ld_tag: 539, tu_tag: 538, st_tag: -1}), src_type: MemType.DRAM, dst_type: MemType.UNI_SRAM, dims: 16x768, comment: Load Input_A_Tile[n=0,m=29]})
macro_541: MacroOp({op_type: MacroOpType.CONV, seq: 541, dep_tag: DependencyTag({ld_tag: 540, tu_tag: 538, st_tag: -1}), op_name: GEMM_Tile[n=0,m=29], dims: 16x512x768, tile_m: 16, strategy: Output Stationary})
macro_542: MacroOp({op_type: MacroOpType.LOAD, seq: 542, dep_tag: DependencyTag({ld_tag: 540, tu_tag: 541, st_tag: -1}), src_type: MemType.DRAM, dst_type: MemType.UNI_SRAM, dims: 768x512, comment: Load Weight_B_Tile[n=0,m=30]})
macro_543: MacroOp({op_type: MacroOpType.LOAD, seq: 543, dep_tag: DependencyTag({ld_tag: 542, tu_tag: 541, st_tag: -1}), src_type: MemType.DRAM, dst_type: MemType.UNI_SRAM, dims: 16x768, comment: Load Input_A_Tile[n=0,m=30]})
macro_544: MacroOp({op_type: MacroOpType.CONV, seq: 544, dep_tag: DependencyTag({ld_tag: 543, tu_tag: 541, st_tag: -1}), op_name: GEMM_Tile[n=0,m=30], dims: 16x512x768, tile_m: 16, strategy: Output Stationary})
macro_545: MacroOp({op_type: MacroOpType.LOAD, seq: 545, dep_tag: DependencyTag({ld_tag: 543, tu_tag: 544, st_tag: -1}), src_type: MemType.DRAM, dst_type: MemType.UNI_SRAM, dims: 768x512, comment: Load Weight_B_Tile[n=0,m=31]})
macro_546: MacroOp({op_type: MacroOpType.LOAD, seq: 546, dep_tag: DependencyTag({ld_tag: 545, tu_tag: 544, st_tag: -1}), src_type: MemType.DRAM, dst_type: MemType.UNI_SRAM, dims: 16x768, comment: Load Input_A_Tile[n=0,m=31]})
macro_547: MacroOp({op_type: MacroOpType.CONV, seq: 547, dep_tag: DependencyTag({ld_tag: 546, tu_tag: 544, st_tag: -1}), op_name: GEMM_Tile[n=0,m=31], dims: 16x512x768, tile_m: 16, strategy: Output Stationary})
macro_548: MacroOp({op_type: MacroOpType.LOAD, seq: 548, dep_tag: DependencyTag({ld_tag: 546, tu_tag: 547, st_tag: -1}), src_type: MemType.DRAM, dst_type: MemType.UNI_SRAM, dims: 768x512, comment: Load Weight_B_Tile[n=1,m=0]})
macro_549: MacroOp({op_type: MacroOpType.LOAD, seq: 549, dep_tag: DependencyTag({ld_tag: 548, tu_tag: 547, st_tag: -1}), src_type: MemType.DRAM, dst_type: MemType.UNI_SRAM, dims: 16x768, comment: Load Input_A_Tile[n=1,m=0]})
macro_550: MacroOp({op_type: MacroOpType.CONV, seq: 550, dep_tag: DependencyTag({ld_tag: 549, tu_tag: 547, st_tag: -1}), op_name: GEMM_Tile[n=1,m=0], dims: 16x512x768, tile_m: 16, strategy: Output Stationary})
macro_551: MacroOp({op_type: MacroOpType.LOAD, seq: 551, dep_tag: DependencyTag({ld_tag: 549, tu_tag: 550, st_tag: -1}), src_type: MemType.DRAM, dst_type: MemType.UNI_SRAM, dims: 768x512, comment: Load Weight_B_Tile[n=1,m=1]})
macro_552: MacroOp({op_type: MacroOpType.LOAD, seq: 552, dep_tag: DependencyTag({ld_tag: 551, tu_tag: 550, st_tag: -1}), src_type: MemType.DRAM, dst_type: MemType.UNI_SRAM, dims: 16x768, comment: Load Input_A_Tile[n=1,m=1]})
macro_553: MacroOp({op_type: MacroOpType.CONV, seq: 553, dep_tag: DependencyTag({ld_tag: 552, tu_tag: 550, st_tag: -1}), op_name: GEMM_Tile[n=1,m=1], dims: 16x512x768, tile_m: 16, strategy: Output Stationary})
macro_554: MacroOp({op_type: MacroOpType.LOAD, seq: 554, dep_tag: DependencyTag({ld_tag: 552, tu_tag: 553, st_tag: -1}), src_type: MemType.DRAM, dst_type: MemType.UNI_SRAM, dims: 768x512, comment: Load Weight_B_Tile[n=1,m=2]})
macro_555: MacroOp({op_type: MacroOpType.LOAD, seq: 555, dep_tag: DependencyTag({ld_tag: 554, tu_tag: 553, st_tag: -1}), src_type: MemType.DRAM, dst_type: MemType.UNI_SRAM, dims: 16x768, comment: Load Input_A_Tile[n=1,m=2]})
macro_556: MacroOp({op_type: MacroOpType.CONV, seq: 556, dep_tag: DependencyTag({ld_tag: 555, tu_tag: 553, st_tag: -1}), op_name: GEMM_Tile[n=1,m=2], dims: 16x512x768, tile_m: 16, strategy: Output Stationary})
macro_557: MacroOp({op_type: MacroOpType.LOAD, seq: 557, dep_tag: DependencyTag({ld_tag: 555, tu_tag: 556, st_tag: -1}), src_type: MemType.DRAM, dst_type: MemType.UNI_SRAM, dims: 768x512, comment: Load Weight_B_Tile[n=1,m=3]})
macro_558: MacroOp({op_type: MacroOpType.LOAD, seq: 558, dep_tag: DependencyTag({ld_tag: 557, tu_tag: 556, st_tag: -1}), src_type: MemType.DRAM, dst_type: MemType.UNI_SRAM, dims: 16x768, comment: Load Input_A_Tile[n=1,m=3]})
macro_559: MacroOp({op_type: MacroOpType.CONV, seq: 559, dep_tag: DependencyTag({ld_tag: 558, tu_tag: 556, st_tag: -1}), op_name: GEMM_Tile[n=1,m=3], dims: 16x512x768, tile_m: 16, strategy: Output Stationary})
macro_560: MacroOp({op_type: MacroOpType.LOAD, seq: 560, dep_tag: DependencyTag({ld_tag: 558, tu_tag: 559, st_tag: -1}), src_type: MemType.DRAM, dst_type: MemType.UNI_SRAM, dims: 768x512, comment: Load Weight_B_Tile[n=1,m=4]})
macro_561: MacroOp({op_type: MacroOpType.LOAD, seq: 561, dep_tag: DependencyTag({ld_tag: 560, tu_tag: 559, st_tag: -1}), src_type: MemType.DRAM, dst_type: MemType.UNI_SRAM, dims: 16x768, comment: Load Input_A_Tile[n=1,m=4]})
macro_562: MacroOp({op_type: MacroOpType.CONV, seq: 562, dep_tag: DependencyTag({ld_tag: 561, tu_tag: 559, st_tag: -1}), op_name: GEMM_Tile[n=1,m=4], dims: 16x512x768, tile_m: 16, strategy: Output Stationary})
macro_563: MacroOp({op_type: MacroOpType.LOAD, seq: 563, dep_tag: DependencyTag({ld_tag: 561, tu_tag: 562, st_tag: -1}), src_type: MemType.DRAM, dst_type: MemType.UNI_SRAM, dims: 768x512, comment: Load Weight_B_Tile[n=1,m=5]})
macro_564: MacroOp({op_type: MacroOpType.LOAD, seq: 564, dep_tag: DependencyTag({ld_tag: 563, tu_tag: 562, st_tag: -1}), src_type: MemType.DRAM, dst_type: MemType.UNI_SRAM, dims: 16x768, comment: Load Input_A_Tile[n=1,m=5]})
macro_565: MacroOp({op_type: MacroOpType.CONV, seq: 565, dep_tag: DependencyTag({ld_tag: 564, tu_tag: 562, st_tag: -1}), op_name: GEMM_Tile[n=1,m=5], dims: 16x512x768, tile_m: 16, strategy: Output Stationary})
macro_566: MacroOp({op_type: MacroOpType.LOAD, seq: 566, dep_tag: DependencyTag({ld_tag: 564, tu_tag: 565, st_tag: -1}), src_type: MemType.DRAM, dst_type: MemType.UNI_SRAM, dims: 768x512, comment: Load Weight_B_Tile[n=1,m=6]})
macro_567: MacroOp({op_type: MacroOpType.LOAD, seq: 567, dep_tag: DependencyTag({ld_tag: 566, tu_tag: 565, st_tag: -1}), src_type: MemType.DRAM, dst_type: MemType.UNI_SRAM, dims: 16x768, comment: Load Input_A_Tile[n=1,m=6]})
macro_568: MacroOp({op_type: MacroOpType.CONV, seq: 568, dep_tag: DependencyTag({ld_tag: 567, tu_tag: 565, st_tag: -1}), op_name: GEMM_Tile[n=1,m=6], dims: 16x512x768, tile_m: 16, strategy: Output Stationary})
macro_569: MacroOp({op_type: MacroOpType.LOAD, seq: 569, dep_tag: DependencyTag({ld_tag: 567, tu_tag: 568, st_tag: -1}), src_type: MemType.DRAM, dst_type: MemType.UNI_SRAM, dims: 768x512, comment: Load Weight_B_Tile[n=1,m=7]})
macro_570: MacroOp({op_type: MacroOpType.LOAD, seq: 570, dep_tag: DependencyTag({ld_tag: 569, tu_tag: 568, st_tag: -1}), src_type: MemType.DRAM, dst_type: MemType.UNI_SRAM, dims: 16x768, comment: Load Input_A_Tile[n=1,m=7]})
macro_571: MacroOp({op_type: MacroOpType.CONV, seq: 571, dep_tag: DependencyTag({ld_tag: 570, tu_tag: 568, st_tag: -1}), op_name: GEMM_Tile[n=1,m=7], dims: 16x512x768, tile_m: 16, strategy: Output Stationary})
macro_572: MacroOp({op_type: MacroOpType.LOAD, seq: 572, dep_tag: DependencyTag({ld_tag: 570, tu_tag: 571, st_tag: -1}), src_type: MemType.DRAM, dst_type: MemType.UNI_SRAM, dims: 768x512, comment: Load Weight_B_Tile[n=1,m=8]})
macro_573: MacroOp({op_type: MacroOpType.LOAD, seq: 573, dep_tag: DependencyTag({ld_tag: 572, tu_tag: 571, st_tag: -1}), src_type: MemType.DRAM, dst_type: MemType.UNI_SRAM, dims: 16x768, comment: Load Input_A_Tile[n=1,m=8]})
macro_574: MacroOp({op_type: MacroOpType.CONV, seq: 574, dep_tag: DependencyTag({ld_tag: 573, tu_tag: 571, st_tag: -1}), op_name: GEMM_Tile[n=1,m=8], dims: 16x512x768, tile_m: 16, strategy: Output Stationary})
macro_575: MacroOp({op_type: MacroOpType.LOAD, seq: 575, dep_tag: DependencyTag({ld_tag: 573, tu_tag: 574, st_tag: -1}), src_type: MemType.DRAM, dst_type: MemType.UNI_SRAM, dims: 768x512, comment: Load Weight_B_Tile[n=1,m=9]})
macro_576: MacroOp({op_type: MacroOpType.LOAD, seq: 576, dep_tag: DependencyTag({ld_tag: 575, tu_tag: 574, st_tag: -1}), src_type: MemType.DRAM, dst_type: MemType.UNI_SRAM, dims: 16x768, comment: Load Input_A_Tile[n=1,m=9]})
macro_577: MacroOp({op_type: MacroOpType.CONV, seq: 577, dep_tag: DependencyTag({ld_tag: 576, tu_tag: 574, st_tag: -1}), op_name: GEMM_Tile[n=1,m=9], dims: 16x512x768, tile_m: 16, strategy: Output Stationary})
macro_578: MacroOp({op_type: MacroOpType.LOAD, seq: 578, dep_tag: DependencyTag({ld_tag: 576, tu_tag: 577, st_tag: -1}), src_type: MemType.DRAM, dst_type: MemType.UNI_SRAM, dims: 768x512, comment: Load Weight_B_Tile[n=1,m=10]})
macro_579: MacroOp({op_type: MacroOpType.LOAD, seq: 579, dep_tag: DependencyTag({ld_tag: 578, tu_tag: 577, st_tag: -1}), src_type: MemType.DRAM, dst_type: MemType.UNI_SRAM, dims: 16x768, comment: Load Input_A_Tile[n=1,m=10]})
macro_580: MacroOp({op_type: MacroOpType.CONV, seq: 580, dep_tag: DependencyTag({ld_tag: 579, tu_tag: 577, st_tag: -1}), op_name: GEMM_Tile[n=1,m=10], dims: 16x512x768, tile_m: 16, strategy: Output Stationary})
macro_581: MacroOp({op_type: MacroOpType.LOAD, seq: 581, dep_tag: DependencyTag({ld_tag: 579, tu_tag: 580, st_tag: -1}), src_type: MemType.DRAM, dst_type: MemType.UNI_SRAM, dims: 768x512, comment: Load Weight_B_Tile[n=1,m=11]})
macro_582: MacroOp({op_type: MacroOpType.LOAD, seq: 582, dep_tag: DependencyTag({ld_tag: 581, tu_tag: 580, st_tag: -1}), src_type: MemType.DRAM, dst_type: MemType.UNI_SRAM, dims: 16x768, comment: Load Input_A_Tile[n=1,m=11]})
macro_583: MacroOp({op_type: MacroOpType.CONV, seq: 583, dep_tag: DependencyTag({ld_tag: 582, tu_tag: 580, st_tag: -1}), op_name: GEMM_Tile[n=1,m=11], dims: 16x512x768, tile_m: 16, strategy: Output Stationary})
macro_584: MacroOp({op_type: MacroOpType.LOAD, seq: 584, dep_tag: DependencyTag({ld_tag: 582, tu_tag: 583, st_tag: -1}), src_type: MemType.DRAM, dst_type: MemType.UNI_SRAM, dims: 768x512, comment: Load Weight_B_Tile[n=1,m=12]})
macro_585: MacroOp({op_type: MacroOpType.LOAD, seq: 585, dep_tag: DependencyTag({ld_tag: 584, tu_tag: 583, st_tag: -1}), src_type: MemType.DRAM, dst_type: MemType.UNI_SRAM, dims: 16x768, comment: Load Input_A_Tile[n=1,m=12]})
macro_586: MacroOp({op_type: MacroOpType.CONV, seq: 586, dep_tag: DependencyTag({ld_tag: 585, tu_tag: 583, st_tag: -1}), op_name: GEMM_Tile[n=1,m=12], dims: 16x512x768, tile_m: 16, strategy: Output Stationary})
macro_587: MacroOp({op_type: MacroOpType.LOAD, seq: 587, dep_tag: DependencyTag({ld_tag: 585, tu_tag: 586, st_tag: -1}), src_type: MemType.DRAM, dst_type: MemType.UNI_SRAM, dims: 768x512, comment: Load Weight_B_Tile[n=1,m=13]})
macro_588: MacroOp({op_type: MacroOpType.LOAD, seq: 588, dep_tag: DependencyTag({ld_tag: 587, tu_tag: 586, st_tag: -1}), src_type: MemType.DRAM, dst_type: MemType.UNI_SRAM, dims: 16x768, comment: Load Input_A_Tile[n=1,m=13]})
macro_589: MacroOp({op_type: MacroOpType.CONV, seq: 589, dep_tag: DependencyTag({ld_tag: 588, tu_tag: 586, st_tag: -1}), op_name: GEMM_Tile[n=1,m=13], dims: 16x512x768, tile_m: 16, strategy: Output Stationary})
macro_590: MacroOp({op_type: MacroOpType.LOAD, seq: 590, dep_tag: DependencyTag({ld_tag: 588, tu_tag: 589, st_tag: -1}), src_type: MemType.DRAM, dst_type: MemType.UNI_SRAM, dims: 768x512, comment: Load Weight_B_Tile[n=1,m=14]})
macro_591: MacroOp({op_type: MacroOpType.LOAD, seq: 591, dep_tag: DependencyTag({ld_tag: 590, tu_tag: 589, st_tag: -1}), src_type: MemType.DRAM, dst_type: MemType.UNI_SRAM, dims: 16x768, comment: Load Input_A_Tile[n=1,m=14]})
macro_592: MacroOp({op_type: MacroOpType.CONV, seq: 592, dep_tag: DependencyTag({ld_tag: 591, tu_tag: 589, st_tag: -1}), op_name: GEMM_Tile[n=1,m=14], dims: 16x512x768, tile_m: 16, strategy: Output Stationary})
macro_593: MacroOp({op_type: MacroOpType.LOAD, seq: 593, dep_tag: DependencyTag({ld_tag: 591, tu_tag: 592, st_tag: -1}), src_type: MemType.DRAM, dst_type: MemType.UNI_SRAM, dims: 768x512, comment: Load Weight_B_Tile[n=1,m=15]})
macro_594: MacroOp({op_type: MacroOpType.LOAD, seq: 594, dep_tag: DependencyTag({ld_tag: 593, tu_tag: 592, st_tag: -1}), src_type: MemType.DRAM, dst_type: MemType.UNI_SRAM, dims: 16x768, comment: Load Input_A_Tile[n=1,m=15]})
macro_595: MacroOp({op_type: MacroOpType.CONV, seq: 595, dep_tag: DependencyTag({ld_tag: 594, tu_tag: 592, st_tag: -1}), op_name: GEMM_Tile[n=1,m=15], dims: 16x512x768, tile_m: 16, strategy: Output Stationary})
macro_596: MacroOp({op_type: MacroOpType.LOAD, seq: 596, dep_tag: DependencyTag({ld_tag: 594, tu_tag: 595, st_tag: -1}), src_type: MemType.DRAM, dst_type: MemType.UNI_SRAM, dims: 768x512, comment: Load Weight_B_Tile[n=1,m=16]})
macro_597: MacroOp({op_type: MacroOpType.LOAD, seq: 597, dep_tag: DependencyTag({ld_tag: 596, tu_tag: 595, st_tag: -1}), src_type: MemType.DRAM, dst_type: MemType.UNI_SRAM, dims: 16x768, comment: Load Input_A_Tile[n=1,m=16]})
macro_598: MacroOp({op_type: MacroOpType.CONV, seq: 598, dep_tag: DependencyTag({ld_tag: 597, tu_tag: 595, st_tag: -1}), op_name: GEMM_Tile[n=1,m=16], dims: 16x512x768, tile_m: 16, strategy: Output Stationary})
macro_599: MacroOp({op_type: MacroOpType.LOAD, seq: 599, dep_tag: DependencyTag({ld_tag: 597, tu_tag: 598, st_tag: -1}), src_type: MemType.DRAM, dst_type: MemType.UNI_SRAM, dims: 768x512, comment: Load Weight_B_Tile[n=1,m=17]})
macro_600: MacroOp({op_type: MacroOpType.LOAD, seq: 600, dep_tag: DependencyTag({ld_tag: 599, tu_tag: 598, st_tag: -1}), src_type: MemType.DRAM, dst_type: MemType.UNI_SRAM, dims: 16x768, comment: Load Input_A_Tile[n=1,m=17]})
macro_601: MacroOp({op_type: MacroOpType.CONV, seq: 601, dep_tag: DependencyTag({ld_tag: 600, tu_tag: 598, st_tag: -1}), op_name: GEMM_Tile[n=1,m=17], dims: 16x512x768, tile_m: 16, strategy: Output Stationary})
macro_602: MacroOp({op_type: MacroOpType.LOAD, seq: 602, dep_tag: DependencyTag({ld_tag: 600, tu_tag: 601, st_tag: -1}), src_type: MemType.DRAM, dst_type: MemType.UNI_SRAM, dims: 768x512, comment: Load Weight_B_Tile[n=1,m=18]})
macro_603: MacroOp({op_type: MacroOpType.LOAD, seq: 603, dep_tag: DependencyTag({ld_tag: 602, tu_tag: 601, st_tag: -1}), src_type: MemType.DRAM, dst_type: MemType.UNI_SRAM, dims: 16x768, comment: Load Input_A_Tile[n=1,m=18]})
macro_604: MacroOp({op_type: MacroOpType.CONV, seq: 604, dep_tag: DependencyTag({ld_tag: 603, tu_tag: 601, st_tag: -1}), op_name: GEMM_Tile[n=1,m=18], dims: 16x512x768, tile_m: 16, strategy: Output Stationary})
macro_605: MacroOp({op_type: MacroOpType.LOAD, seq: 605, dep_tag: DependencyTag({ld_tag: 603, tu_tag: 604, st_tag: -1}), src_type: MemType.DRAM, dst_type: MemType.UNI_SRAM, dims: 768x512, comment: Load Weight_B_Tile[n=1,m=19]})
macro_606: MacroOp({op_type: MacroOpType.LOAD, seq: 606, dep_tag: DependencyTag({ld_tag: 605, tu_tag: 604, st_tag: -1}), src_type: MemType.DRAM, dst_type: MemType.UNI_SRAM, dims: 16x768, comment: Load Input_A_Tile[n=1,m=19]})
macro_607: MacroOp({op_type: MacroOpType.CONV, seq: 607, dep_tag: DependencyTag({ld_tag: 606, tu_tag: 604, st_tag: -1}), op_name: GEMM_Tile[n=1,m=19], dims: 16x512x768, tile_m: 16, strategy: Output Stationary})
macro_608: MacroOp({op_type: MacroOpType.LOAD, seq: 608, dep_tag: DependencyTag({ld_tag: 606, tu_tag: 607, st_tag: -1}), src_type: MemType.DRAM, dst_type: MemType.UNI_SRAM, dims: 768x512, comment: Load Weight_B_Tile[n=1,m=20]})
macro_609: MacroOp({op_type: MacroOpType.LOAD, seq: 609, dep_tag: DependencyTag({ld_tag: 608, tu_tag: 607, st_tag: -1}), src_type: MemType.DRAM, dst_type: MemType.UNI_SRAM, dims: 16x768, comment: Load Input_A_Tile[n=1,m=20]})
macro_610: MacroOp({op_type: MacroOpType.CONV, seq: 610, dep_tag: DependencyTag({ld_tag: 609, tu_tag: 607, st_tag: -1}), op_name: GEMM_Tile[n=1,m=20], dims: 16x512x768, tile_m: 16, strategy: Output Stationary})
macro_611: MacroOp({op_type: MacroOpType.LOAD, seq: 611, dep_tag: DependencyTag({ld_tag: 609, tu_tag: 610, st_tag: -1}), src_type: MemType.DRAM, dst_type: MemType.UNI_SRAM, dims: 768x512, comment: Load Weight_B_Tile[n=1,m=21]})
macro_612: MacroOp({op_type: MacroOpType.LOAD, seq: 612, dep_tag: DependencyTag({ld_tag: 611, tu_tag: 610, st_tag: -1}), src_type: MemType.DRAM, dst_type: MemType.UNI_SRAM, dims: 16x768, comment: Load Input_A_Tile[n=1,m=21]})
macro_613: MacroOp({op_type: MacroOpType.CONV, seq: 613, dep_tag: DependencyTag({ld_tag: 612, tu_tag: 610, st_tag: -1}), op_name: GEMM_Tile[n=1,m=21], dims: 16x512x768, tile_m: 16, strategy: Output Stationary})
macro_614: MacroOp({op_type: MacroOpType.LOAD, seq: 614, dep_tag: DependencyTag({ld_tag: 612, tu_tag: 613, st_tag: -1}), src_type: MemType.DRAM, dst_type: MemType.UNI_SRAM, dims: 768x512, comment: Load Weight_B_Tile[n=1,m=22]})
macro_615: MacroOp({op_type: MacroOpType.LOAD, seq: 615, dep_tag: DependencyTag({ld_tag: 614, tu_tag: 613, st_tag: -1}), src_type: MemType.DRAM, dst_type: MemType.UNI_SRAM, dims: 16x768, comment: Load Input_A_Tile[n=1,m=22]})
macro_616: MacroOp({op_type: MacroOpType.CONV, seq: 616, dep_tag: DependencyTag({ld_tag: 615, tu_tag: 613, st_tag: -1}), op_name: GEMM_Tile[n=1,m=22], dims: 16x512x768, tile_m: 16, strategy: Output Stationary})
macro_617: MacroOp({op_type: MacroOpType.LOAD, seq: 617, dep_tag: DependencyTag({ld_tag: 615, tu_tag: 616, st_tag: -1}), src_type: MemType.DRAM, dst_type: MemType.UNI_SRAM, dims: 768x512, comment: Load Weight_B_Tile[n=1,m=23]})
macro_618: MacroOp({op_type: MacroOpType.LOAD, seq: 618, dep_tag: DependencyTag({ld_tag: 617, tu_tag: 616, st_tag: -1}), src_type: MemType.DRAM, dst_type: MemType.UNI_SRAM, dims: 16x768, comment: Load Input_A_Tile[n=1,m=23]})
macro_619: MacroOp({op_type: MacroOpType.CONV, seq: 619, dep_tag: DependencyTag({ld_tag: 618, tu_tag: 616, st_tag: -1}), op_name: GEMM_Tile[n=1,m=23], dims: 16x512x768, tile_m: 16, strategy: Output Stationary})
macro_620: MacroOp({op_type: MacroOpType.LOAD, seq: 620, dep_tag: DependencyTag({ld_tag: 618, tu_tag: 619, st_tag: -1}), src_type: MemType.DRAM, dst_type: MemType.UNI_SRAM, dims: 768x512, comment: Load Weight_B_Tile[n=1,m=24]})
macro_621: MacroOp({op_type: MacroOpType.LOAD, seq: 621, dep_tag: DependencyTag({ld_tag: 620, tu_tag: 619, st_tag: -1}), src_type: MemType.DRAM, dst_type: MemType.UNI_SRAM, dims: 16x768, comment: Load Input_A_Tile[n=1,m=24]})
macro_622: MacroOp({op_type: MacroOpType.CONV, seq: 622, dep_tag: DependencyTag({ld_tag: 621, tu_tag: 619, st_tag: -1}), op_name: GEMM_Tile[n=1,m=24], dims: 16x512x768, tile_m: 16, strategy: Output Stationary})
macro_623: MacroOp({op_type: MacroOpType.LOAD, seq: 623, dep_tag: DependencyTag({ld_tag: 621, tu_tag: 622, st_tag: -1}), src_type: MemType.DRAM, dst_type: MemType.UNI_SRAM, dims: 768x512, comment: Load Weight_B_Tile[n=1,m=25]})
macro_624: MacroOp({op_type: MacroOpType.LOAD, seq: 624, dep_tag: DependencyTag({ld_tag: 623, tu_tag: 622, st_tag: -1}), src_type: MemType.DRAM, dst_type: MemType.UNI_SRAM, dims: 16x768, comment: Load Input_A_Tile[n=1,m=25]})
macro_625: MacroOp({op_type: MacroOpType.CONV, seq: 625, dep_tag: DependencyTag({ld_tag: 624, tu_tag: 622, st_tag: -1}), op_name: GEMM_Tile[n=1,m=25], dims: 16x512x768, tile_m: 16, strategy: Output Stationary})
macro_626: MacroOp({op_type: MacroOpType.LOAD, seq: 626, dep_tag: DependencyTag({ld_tag: 624, tu_tag: 625, st_tag: -1}), src_type: MemType.DRAM, dst_type: MemType.UNI_SRAM, dims: 768x512, comment: Load Weight_B_Tile[n=1,m=26]})
macro_627: MacroOp({op_type: MacroOpType.LOAD, seq: 627, dep_tag: DependencyTag({ld_tag: 626, tu_tag: 625, st_tag: -1}), src_type: MemType.DRAM, dst_type: MemType.UNI_SRAM, dims: 16x768, comment: Load Input_A_Tile[n=1,m=26]})
macro_628: MacroOp({op_type: MacroOpType.CONV, seq: 628, dep_tag: DependencyTag({ld_tag: 627, tu_tag: 625, st_tag: -1}), op_name: GEMM_Tile[n=1,m=26], dims: 16x512x768, tile_m: 16, strategy: Output Stationary})
macro_629: MacroOp({op_type: MacroOpType.LOAD, seq: 629, dep_tag: DependencyTag({ld_tag: 627, tu_tag: 628, st_tag: -1}), src_type: MemType.DRAM, dst_type: MemType.UNI_SRAM, dims: 768x512, comment: Load Weight_B_Tile[n=1,m=27]})
macro_630: MacroOp({op_type: MacroOpType.LOAD, seq: 630, dep_tag: DependencyTag({ld_tag: 629, tu_tag: 628, st_tag: -1}), src_type: MemType.DRAM, dst_type: MemType.UNI_SRAM, dims: 16x768, comment: Load Input_A_Tile[n=1,m=27]})
macro_631: MacroOp({op_type: MacroOpType.CONV, seq: 631, dep_tag: DependencyTag({ld_tag: 630, tu_tag: 628, st_tag: -1}), op_name: GEMM_Tile[n=1,m=27], dims: 16x512x768, tile_m: 16, strategy: Output Stationary})
macro_632: MacroOp({op_type: MacroOpType.LOAD, seq: 632, dep_tag: DependencyTag({ld_tag: 630, tu_tag: 631, st_tag: -1}), src_type: MemType.DRAM, dst_type: MemType.UNI_SRAM, dims: 768x512, comment: Load Weight_B_Tile[n=1,m=28]})
macro_633: MacroOp({op_type: MacroOpType.LOAD, seq: 633, dep_tag: DependencyTag({ld_tag: 632, tu_tag: 631, st_tag: -1}), src_type: MemType.DRAM, dst_type: MemType.UNI_SRAM, dims: 16x768, comment: Load Input_A_Tile[n=1,m=28]})
macro_634: MacroOp({op_type: MacroOpType.CONV, seq: 634, dep_tag: DependencyTag({ld_tag: 633, tu_tag: 631, st_tag: -1}), op_name: GEMM_Tile[n=1,m=28], dims: 16x512x768, tile_m: 16, strategy: Output Stationary})
macro_635: MacroOp({op_type: MacroOpType.LOAD, seq: 635, dep_tag: DependencyTag({ld_tag: 633, tu_tag: 634, st_tag: -1}), src_type: MemType.DRAM, dst_type: MemType.UNI_SRAM, dims: 768x512, comment: Load Weight_B_Tile[n=1,m=29]})
macro_636: MacroOp({op_type: MacroOpType.LOAD, seq: 636, dep_tag: DependencyTag({ld_tag: 635, tu_tag: 634, st_tag: -1}), src_type: MemType.DRAM, dst_type: MemType.UNI_SRAM, dims: 16x768, comment: Load Input_A_Tile[n=1,m=29]})
macro_637: MacroOp({op_type: MacroOpType.CONV, seq: 637, dep_tag: DependencyTag({ld_tag: 636, tu_tag: 634, st_tag: -1}), op_name: GEMM_Tile[n=1,m=29], dims: 16x512x768, tile_m: 16, strategy: Output Stationary})
macro_638: MacroOp({op_type: MacroOpType.LOAD, seq: 638, dep_tag: DependencyTag({ld_tag: 636, tu_tag: 637, st_tag: -1}), src_type: MemType.DRAM, dst_type: MemType.UNI_SRAM, dims: 768x512, comment: Load Weight_B_Tile[n=1,m=30]})
macro_639: MacroOp({op_type: MacroOpType.LOAD, seq: 639, dep_tag: DependencyTag({ld_tag: 638, tu_tag: 637, st_tag: -1}), src_type: MemType.DRAM, dst_type: MemType.UNI_SRAM, dims: 16x768, comment: Load Input_A_Tile[n=1,m=30]})
macro_640: MacroOp({op_type: MacroOpType.CONV, seq: 640, dep_tag: DependencyTag({ld_tag: 639, tu_tag: 637, st_tag: -1}), op_name: GEMM_Tile[n=1,m=30], dims: 16x512x768, tile_m: 16, strategy: Output Stationary})
macro_641: MacroOp({op_type: MacroOpType.LOAD, seq: 641, dep_tag: DependencyTag({ld_tag: 639, tu_tag: 640, st_tag: -1}), src_type: MemType.DRAM, dst_type: MemType.UNI_SRAM, dims: 768x512, comment: Load Weight_B_Tile[n=1,m=31]})
macro_642: MacroOp({op_type: MacroOpType.LOAD, seq: 642, dep_tag: DependencyTag({ld_tag: 641, tu_tag: 640, st_tag: -1}), src_type: MemType.DRAM, dst_type: MemType.UNI_SRAM, dims: 16x768, comment: Load Input_A_Tile[n=1,m=31]})
macro_643: MacroOp({op_type: MacroOpType.CONV, seq: 643, dep_tag: DependencyTag({ld_tag: 642, tu_tag: 640, st_tag: -1}), op_name: GEMM_Tile[n=1,m=31], dims: 16x512x768, tile_m: 16, strategy: Output Stationary})
macro_644: MacroOp({op_type: MacroOpType.LOAD, seq: 644, dep_tag: DependencyTag({ld_tag: 642, tu_tag: 643, st_tag: -1}), src_type: MemType.DRAM, dst_type: MemType.UNI_SRAM, dims: 768x512, comment: Load Weight_B_Tile[n=2,m=0]})
macro_645: MacroOp({op_type: MacroOpType.LOAD, seq: 645, dep_tag: DependencyTag({ld_tag: 644, tu_tag: 643, st_tag: -1}), src_type: MemType.DRAM, dst_type: MemType.UNI_SRAM, dims: 16x768, comment: Load Input_A_Tile[n=2,m=0]})
macro_646: MacroOp({op_type: MacroOpType.CONV, seq: 646, dep_tag: DependencyTag({ld_tag: 645, tu_tag: 643, st_tag: -1}), op_name: GEMM_Tile[n=2,m=0], dims: 16x512x768, tile_m: 16, strategy: Output Stationary})
macro_647: MacroOp({op_type: MacroOpType.LOAD, seq: 647, dep_tag: DependencyTag({ld_tag: 645, tu_tag: 646, st_tag: -1}), src_type: MemType.DRAM, dst_type: MemType.UNI_SRAM, dims: 768x512, comment: Load Weight_B_Tile[n=2,m=1]})
macro_648: MacroOp({op_type: MacroOpType.LOAD, seq: 648, dep_tag: DependencyTag({ld_tag: 647, tu_tag: 646, st_tag: -1}), src_type: MemType.DRAM, dst_type: MemType.UNI_SRAM, dims: 16x768, comment: Load Input_A_Tile[n=2,m=1]})
macro_649: MacroOp({op_type: MacroOpType.CONV, seq: 649, dep_tag: DependencyTag({ld_tag: 648, tu_tag: 646, st_tag: -1}), op_name: GEMM_Tile[n=2,m=1], dims: 16x512x768, tile_m: 16, strategy: Output Stationary})
macro_650: MacroOp({op_type: MacroOpType.LOAD, seq: 650, dep_tag: DependencyTag({ld_tag: 648, tu_tag: 649, st_tag: -1}), src_type: MemType.DRAM, dst_type: MemType.UNI_SRAM, dims: 768x512, comment: Load Weight_B_Tile[n=2,m=2]})
macro_651: MacroOp({op_type: MacroOpType.LOAD, seq: 651, dep_tag: DependencyTag({ld_tag: 650, tu_tag: 649, st_tag: -1}), src_type: MemType.DRAM, dst_type: MemType.UNI_SRAM, dims: 16x768, comment: Load Input_A_Tile[n=2,m=2]})
macro_652: MacroOp({op_type: MacroOpType.CONV, seq: 652, dep_tag: DependencyTag({ld_tag: 651, tu_tag: 649, st_tag: -1}), op_name: GEMM_Tile[n=2,m=2], dims: 16x512x768, tile_m: 16, strategy: Output Stationary})
macro_653: MacroOp({op_type: MacroOpType.LOAD, seq: 653, dep_tag: DependencyTag({ld_tag: 651, tu_tag: 652, st_tag: -1}), src_type: MemType.DRAM, dst_type: MemType.UNI_SRAM, dims: 768x512, comment: Load Weight_B_Tile[n=2,m=3]})
macro_654: MacroOp({op_type: MacroOpType.LOAD, seq: 654, dep_tag: DependencyTag({ld_tag: 653, tu_tag: 652, st_tag: -1}), src_type: MemType.DRAM, dst_type: MemType.UNI_SRAM, dims: 16x768, comment: Load Input_A_Tile[n=2,m=3]})
macro_655: MacroOp({op_type: MacroOpType.CONV, seq: 655, dep_tag: DependencyTag({ld_tag: 654, tu_tag: 652, st_tag: -1}), op_name: GEMM_Tile[n=2,m=3], dims: 16x512x768, tile_m: 16, strategy: Output Stationary})
macro_656: MacroOp({op_type: MacroOpType.LOAD, seq: 656, dep_tag: DependencyTag({ld_tag: 654, tu_tag: 655, st_tag: -1}), src_type: MemType.DRAM, dst_type: MemType.UNI_SRAM, dims: 768x512, comment: Load Weight_B_Tile[n=2,m=4]})
macro_657: MacroOp({op_type: MacroOpType.LOAD, seq: 657, dep_tag: DependencyTag({ld_tag: 656, tu_tag: 655, st_tag: -1}), src_type: MemType.DRAM, dst_type: MemType.UNI_SRAM, dims: 16x768, comment: Load Input_A_Tile[n=2,m=4]})
macro_658: MacroOp({op_type: MacroOpType.CONV, seq: 658, dep_tag: DependencyTag({ld_tag: 657, tu_tag: 655, st_tag: -1}), op_name: GEMM_Tile[n=2,m=4], dims: 16x512x768, tile_m: 16, strategy: Output Stationary})
macro_659: MacroOp({op_type: MacroOpType.LOAD, seq: 659, dep_tag: DependencyTag({ld_tag: 657, tu_tag: 658, st_tag: -1}), src_type: MemType.DRAM, dst_type: MemType.UNI_SRAM, dims: 768x512, comment: Load Weight_B_Tile[n=2,m=5]})
macro_660: MacroOp({op_type: MacroOpType.LOAD, seq: 660, dep_tag: DependencyTag({ld_tag: 659, tu_tag: 658, st_tag: -1}), src_type: MemType.DRAM, dst_type: MemType.UNI_SRAM, dims: 16x768, comment: Load Input_A_Tile[n=2,m=5]})
macro_661: MacroOp({op_type: MacroOpType.CONV, seq: 661, dep_tag: DependencyTag({ld_tag: 660, tu_tag: 658, st_tag: -1}), op_name: GEMM_Tile[n=2,m=5], dims: 16x512x768, tile_m: 16, strategy: Output Stationary})
macro_662: MacroOp({op_type: MacroOpType.LOAD, seq: 662, dep_tag: DependencyTag({ld_tag: 660, tu_tag: 661, st_tag: -1}), src_type: MemType.DRAM, dst_type: MemType.UNI_SRAM, dims: 768x512, comment: Load Weight_B_Tile[n=2,m=6]})
macro_663: MacroOp({op_type: MacroOpType.LOAD, seq: 663, dep_tag: DependencyTag({ld_tag: 662, tu_tag: 661, st_tag: -1}), src_type: MemType.DRAM, dst_type: MemType.UNI_SRAM, dims: 16x768, comment: Load Input_A_Tile[n=2,m=6]})
macro_664: MacroOp({op_type: MacroOpType.CONV, seq: 664, dep_tag: DependencyTag({ld_tag: 663, tu_tag: 661, st_tag: -1}), op_name: GEMM_Tile[n=2,m=6], dims: 16x512x768, tile_m: 16, strategy: Output Stationary})
macro_665: MacroOp({op_type: MacroOpType.LOAD, seq: 665, dep_tag: DependencyTag({ld_tag: 663, tu_tag: 664, st_tag: -1}), src_type: MemType.DRAM, dst_type: MemType.UNI_SRAM, dims: 768x512, comment: Load Weight_B_Tile[n=2,m=7]})
macro_666: MacroOp({op_type: MacroOpType.LOAD, seq: 666, dep_tag: DependencyTag({ld_tag: 665, tu_tag: 664, st_tag: -1}), src_type: MemType.DRAM, dst_type: MemType.UNI_SRAM, dims: 16x768, comment: Load Input_A_Tile[n=2,m=7]})
macro_667: MacroOp({op_type: MacroOpType.CONV, seq: 667, dep_tag: DependencyTag({ld_tag: 666, tu_tag: 664, st_tag: -1}), op_name: GEMM_Tile[n=2,m=7], dims: 16x512x768, tile_m: 16, strategy: Output Stationary})
macro_668: MacroOp({op_type: MacroOpType.LOAD, seq: 668, dep_tag: DependencyTag({ld_tag: 666, tu_tag: 667, st_tag: -1}), src_type: MemType.DRAM, dst_type: MemType.UNI_SRAM, dims: 768x512, comment: Load Weight_B_Tile[n=2,m=8]})
macro_669: MacroOp({op_type: MacroOpType.LOAD, seq: 669, dep_tag: DependencyTag({ld_tag: 668, tu_tag: 667, st_tag: -1}), src_type: MemType.DRAM, dst_type: MemType.UNI_SRAM, dims: 16x768, comment: Load Input_A_Tile[n=2,m=8]})
macro_670: MacroOp({op_type: MacroOpType.CONV, seq: 670, dep_tag: DependencyTag({ld_tag: 669, tu_tag: 667, st_tag: -1}), op_name: GEMM_Tile[n=2,m=8], dims: 16x512x768, tile_m: 16, strategy: Output Stationary})
macro_671: MacroOp({op_type: MacroOpType.LOAD, seq: 671, dep_tag: DependencyTag({ld_tag: 669, tu_tag: 670, st_tag: -1}), src_type: MemType.DRAM, dst_type: MemType.UNI_SRAM, dims: 768x512, comment: Load Weight_B_Tile[n=2,m=9]})
macro_672: MacroOp({op_type: MacroOpType.LOAD, seq: 672, dep_tag: DependencyTag({ld_tag: 671, tu_tag: 670, st_tag: -1}), src_type: MemType.DRAM, dst_type: MemType.UNI_SRAM, dims: 16x768, comment: Load Input_A_Tile[n=2,m=9]})
macro_673: MacroOp({op_type: MacroOpType.CONV, seq: 673, dep_tag: DependencyTag({ld_tag: 672, tu_tag: 670, st_tag: -1}), op_name: GEMM_Tile[n=2,m=9], dims: 16x512x768, tile_m: 16, strategy: Output Stationary})
macro_674: MacroOp({op_type: MacroOpType.LOAD, seq: 674, dep_tag: DependencyTag({ld_tag: 672, tu_tag: 673, st_tag: -1}), src_type: MemType.DRAM, dst_type: MemType.UNI_SRAM, dims: 768x512, comment: Load Weight_B_Tile[n=2,m=10]})
macro_675: MacroOp({op_type: MacroOpType.LOAD, seq: 675, dep_tag: DependencyTag({ld_tag: 674, tu_tag: 673, st_tag: -1}), src_type: MemType.DRAM, dst_type: MemType.UNI_SRAM, dims: 16x768, comment: Load Input_A_Tile[n=2,m=10]})
macro_676: MacroOp({op_type: MacroOpType.CONV, seq: 676, dep_tag: DependencyTag({ld_tag: 675, tu_tag: 673, st_tag: -1}), op_name: GEMM_Tile[n=2,m=10], dims: 16x512x768, tile_m: 16, strategy: Output Stationary})
macro_677: MacroOp({op_type: MacroOpType.LOAD, seq: 677, dep_tag: DependencyTag({ld_tag: 675, tu_tag: 676, st_tag: -1}), src_type: MemType.DRAM, dst_type: MemType.UNI_SRAM, dims: 768x512, comment: Load Weight_B_Tile[n=2,m=11]})
macro_678: MacroOp({op_type: MacroOpType.LOAD, seq: 678, dep_tag: DependencyTag({ld_tag: 677, tu_tag: 676, st_tag: -1}), src_type: MemType.DRAM, dst_type: MemType.UNI_SRAM, dims: 16x768, comment: Load Input_A_Tile[n=2,m=11]})
macro_679: MacroOp({op_type: MacroOpType.CONV, seq: 679, dep_tag: DependencyTag({ld_tag: 678, tu_tag: 676, st_tag: -1}), op_name: GEMM_Tile[n=2,m=11], dims: 16x512x768, tile_m: 16, strategy: Output Stationary})
macro_680: MacroOp({op_type: MacroOpType.LOAD, seq: 680, dep_tag: DependencyTag({ld_tag: 678, tu_tag: 679, st_tag: -1}), src_type: MemType.DRAM, dst_type: MemType.UNI_SRAM, dims: 768x512, comment: Load Weight_B_Tile[n=2,m=12]})
macro_681: MacroOp({op_type: MacroOpType.LOAD, seq: 681, dep_tag: DependencyTag({ld_tag: 680, tu_tag: 679, st_tag: -1}), src_type: MemType.DRAM, dst_type: MemType.UNI_SRAM, dims: 16x768, comment: Load Input_A_Tile[n=2,m=12]})
macro_682: MacroOp({op_type: MacroOpType.CONV, seq: 682, dep_tag: DependencyTag({ld_tag: 681, tu_tag: 679, st_tag: -1}), op_name: GEMM_Tile[n=2,m=12], dims: 16x512x768, tile_m: 16, strategy: Output Stationary})
macro_683: MacroOp({op_type: MacroOpType.LOAD, seq: 683, dep_tag: DependencyTag({ld_tag: 681, tu_tag: 682, st_tag: -1}), src_type: MemType.DRAM, dst_type: MemType.UNI_SRAM, dims: 768x512, comment: Load Weight_B_Tile[n=2,m=13]})
macro_684: MacroOp({op_type: MacroOpType.LOAD, seq: 684, dep_tag: DependencyTag({ld_tag: 683, tu_tag: 682, st_tag: -1}), src_type: MemType.DRAM, dst_type: MemType.UNI_SRAM, dims: 16x768, comment: Load Input_A_Tile[n=2,m=13]})
macro_685: MacroOp({op_type: MacroOpType.CONV, seq: 685, dep_tag: DependencyTag({ld_tag: 684, tu_tag: 682, st_tag: -1}), op_name: GEMM_Tile[n=2,m=13], dims: 16x512x768, tile_m: 16, strategy: Output Stationary})
macro_686: MacroOp({op_type: MacroOpType.LOAD, seq: 686, dep_tag: DependencyTag({ld_tag: 684, tu_tag: 685, st_tag: -1}), src_type: MemType.DRAM, dst_type: MemType.UNI_SRAM, dims: 768x512, comment: Load Weight_B_Tile[n=2,m=14]})
macro_687: MacroOp({op_type: MacroOpType.LOAD, seq: 687, dep_tag: DependencyTag({ld_tag: 686, tu_tag: 685, st_tag: -1}), src_type: MemType.DRAM, dst_type: MemType.UNI_SRAM, dims: 16x768, comment: Load Input_A_Tile[n=2,m=14]})
macro_688: MacroOp({op_type: MacroOpType.CONV, seq: 688, dep_tag: DependencyTag({ld_tag: 687, tu_tag: 685, st_tag: -1}), op_name: GEMM_Tile[n=2,m=14], dims: 16x512x768, tile_m: 16, strategy: Output Stationary})
macro_689: MacroOp({op_type: MacroOpType.LOAD, seq: 689, dep_tag: DependencyTag({ld_tag: 687, tu_tag: 688, st_tag: -1}), src_type: MemType.DRAM, dst_type: MemType.UNI_SRAM, dims: 768x512, comment: Load Weight_B_Tile[n=2,m=15]})
macro_690: MacroOp({op_type: MacroOpType.LOAD, seq: 690, dep_tag: DependencyTag({ld_tag: 689, tu_tag: 688, st_tag: -1}), src_type: MemType.DRAM, dst_type: MemType.UNI_SRAM, dims: 16x768, comment: Load Input_A_Tile[n=2,m=15]})
macro_691: MacroOp({op_type: MacroOpType.CONV, seq: 691, dep_tag: DependencyTag({ld_tag: 690, tu_tag: 688, st_tag: -1}), op_name: GEMM_Tile[n=2,m=15], dims: 16x512x768, tile_m: 16, strategy: Output Stationary})
macro_692: MacroOp({op_type: MacroOpType.LOAD, seq: 692, dep_tag: DependencyTag({ld_tag: 690, tu_tag: 691, st_tag: -1}), src_type: MemType.DRAM, dst_type: MemType.UNI_SRAM, dims: 768x512, comment: Load Weight_B_Tile[n=2,m=16]})
macro_693: MacroOp({op_type: MacroOpType.LOAD, seq: 693, dep_tag: DependencyTag({ld_tag: 692, tu_tag: 691, st_tag: -1}), src_type: MemType.DRAM, dst_type: MemType.UNI_SRAM, dims: 16x768, comment: Load Input_A_Tile[n=2,m=16]})
macro_694: MacroOp({op_type: MacroOpType.CONV, seq: 694, dep_tag: DependencyTag({ld_tag: 693, tu_tag: 691, st_tag: -1}), op_name: GEMM_Tile[n=2,m=16], dims: 16x512x768, tile_m: 16, strategy: Output Stationary})
macro_695: MacroOp({op_type: MacroOpType.LOAD, seq: 695, dep_tag: DependencyTag({ld_tag: 693, tu_tag: 694, st_tag: -1}), src_type: MemType.DRAM, dst_type: MemType.UNI_SRAM, dims: 768x512, comment: Load Weight_B_Tile[n=2,m=17]})
macro_696: MacroOp({op_type: MacroOpType.LOAD, seq: 696, dep_tag: DependencyTag({ld_tag: 695, tu_tag: 694, st_tag: -1}), src_type: MemType.DRAM, dst_type: MemType.UNI_SRAM, dims: 16x768, comment: Load Input_A_Tile[n=2,m=17]})
macro_697: MacroOp({op_type: MacroOpType.CONV, seq: 697, dep_tag: DependencyTag({ld_tag: 696, tu_tag: 694, st_tag: -1}), op_name: GEMM_Tile[n=2,m=17], dims: 16x512x768, tile_m: 16, strategy: Output Stationary})
macro_698: MacroOp({op_type: MacroOpType.LOAD, seq: 698, dep_tag: DependencyTag({ld_tag: 696, tu_tag: 697, st_tag: -1}), src_type: MemType.DRAM, dst_type: MemType.UNI_SRAM, dims: 768x512, comment: Load Weight_B_Tile[n=2,m=18]})
macro_699: MacroOp({op_type: MacroOpType.LOAD, seq: 699, dep_tag: DependencyTag({ld_tag: 698, tu_tag: 697, st_tag: -1}), src_type: MemType.DRAM, dst_type: MemType.UNI_SRAM, dims: 16x768, comment: Load Input_A_Tile[n=2,m=18]})
macro_700: MacroOp({op_type: MacroOpType.CONV, seq: 700, dep_tag: DependencyTag({ld_tag: 699, tu_tag: 697, st_tag: -1}), op_name: GEMM_Tile[n=2,m=18], dims: 16x512x768, tile_m: 16, strategy: Output Stationary})
macro_701: MacroOp({op_type: MacroOpType.LOAD, seq: 701, dep_tag: DependencyTag({ld_tag: 699, tu_tag: 700, st_tag: -1}), src_type: MemType.DRAM, dst_type: MemType.UNI_SRAM, dims: 768x512, comment: Load Weight_B_Tile[n=2,m=19]})
macro_702: MacroOp({op_type: MacroOpType.LOAD, seq: 702, dep_tag: DependencyTag({ld_tag: 701, tu_tag: 700, st_tag: -1}), src_type: MemType.DRAM, dst_type: MemType.UNI_SRAM, dims: 16x768, comment: Load Input_A_Tile[n=2,m=19]})
macro_703: MacroOp({op_type: MacroOpType.CONV, seq: 703, dep_tag: DependencyTag({ld_tag: 702, tu_tag: 700, st_tag: -1}), op_name: GEMM_Tile[n=2,m=19], dims: 16x512x768, tile_m: 16, strategy: Output Stationary})
macro_704: MacroOp({op_type: MacroOpType.LOAD, seq: 704, dep_tag: DependencyTag({ld_tag: 702, tu_tag: 703, st_tag: -1}), src_type: MemType.DRAM, dst_type: MemType.UNI_SRAM, dims: 768x512, comment: Load Weight_B_Tile[n=2,m=20]})
macro_705: MacroOp({op_type: MacroOpType.LOAD, seq: 705, dep_tag: DependencyTag({ld_tag: 704, tu_tag: 703, st_tag: -1}), src_type: MemType.DRAM, dst_type: MemType.UNI_SRAM, dims: 16x768, comment: Load Input_A_Tile[n=2,m=20]})
macro_706: MacroOp({op_type: MacroOpType.CONV, seq: 706, dep_tag: DependencyTag({ld_tag: 705, tu_tag: 703, st_tag: -1}), op_name: GEMM_Tile[n=2,m=20], dims: 16x512x768, tile_m: 16, strategy: Output Stationary})
macro_707: MacroOp({op_type: MacroOpType.LOAD, seq: 707, dep_tag: DependencyTag({ld_tag: 705, tu_tag: 706, st_tag: -1}), src_type: MemType.DRAM, dst_type: MemType.UNI_SRAM, dims: 768x512, comment: Load Weight_B_Tile[n=2,m=21]})
macro_708: MacroOp({op_type: MacroOpType.LOAD, seq: 708, dep_tag: DependencyTag({ld_tag: 707, tu_tag: 706, st_tag: -1}), src_type: MemType.DRAM, dst_type: MemType.UNI_SRAM, dims: 16x768, comment: Load Input_A_Tile[n=2,m=21]})
macro_709: MacroOp({op_type: MacroOpType.CONV, seq: 709, dep_tag: DependencyTag({ld_tag: 708, tu_tag: 706, st_tag: -1}), op_name: GEMM_Tile[n=2,m=21], dims: 16x512x768, tile_m: 16, strategy: Output Stationary})
macro_710: MacroOp({op_type: MacroOpType.LOAD, seq: 710, dep_tag: DependencyTag({ld_tag: 708, tu_tag: 709, st_tag: -1}), src_type: MemType.DRAM, dst_type: MemType.UNI_SRAM, dims: 768x512, comment: Load Weight_B_Tile[n=2,m=22]})
macro_711: MacroOp({op_type: MacroOpType.LOAD, seq: 711, dep_tag: DependencyTag({ld_tag: 710, tu_tag: 709, st_tag: -1}), src_type: MemType.DRAM, dst_type: MemType.UNI_SRAM, dims: 16x768, comment: Load Input_A_Tile[n=2,m=22]})
macro_712: MacroOp({op_type: MacroOpType.CONV, seq: 712, dep_tag: DependencyTag({ld_tag: 711, tu_tag: 709, st_tag: -1}), op_name: GEMM_Tile[n=2,m=22], dims: 16x512x768, tile_m: 16, strategy: Output Stationary})
macro_713: MacroOp({op_type: MacroOpType.LOAD, seq: 713, dep_tag: DependencyTag({ld_tag: 711, tu_tag: 712, st_tag: -1}), src_type: MemType.DRAM, dst_type: MemType.UNI_SRAM, dims: 768x512, comment: Load Weight_B_Tile[n=2,m=23]})
macro_714: MacroOp({op_type: MacroOpType.LOAD, seq: 714, dep_tag: DependencyTag({ld_tag: 713, tu_tag: 712, st_tag: -1}), src_type: MemType.DRAM, dst_type: MemType.UNI_SRAM, dims: 16x768, comment: Load Input_A_Tile[n=2,m=23]})
macro_715: MacroOp({op_type: MacroOpType.CONV, seq: 715, dep_tag: DependencyTag({ld_tag: 714, tu_tag: 712, st_tag: -1}), op_name: GEMM_Tile[n=2,m=23], dims: 16x512x768, tile_m: 16, strategy: Output Stationary})
macro_716: MacroOp({op_type: MacroOpType.LOAD, seq: 716, dep_tag: DependencyTag({ld_tag: 714, tu_tag: 715, st_tag: -1}), src_type: MemType.DRAM, dst_type: MemType.UNI_SRAM, dims: 768x512, comment: Load Weight_B_Tile[n=2,m=24]})
macro_717: MacroOp({op_type: MacroOpType.LOAD, seq: 717, dep_tag: DependencyTag({ld_tag: 716, tu_tag: 715, st_tag: -1}), src_type: MemType.DRAM, dst_type: MemType.UNI_SRAM, dims: 16x768, comment: Load Input_A_Tile[n=2,m=24]})
macro_718: MacroOp({op_type: MacroOpType.CONV, seq: 718, dep_tag: DependencyTag({ld_tag: 717, tu_tag: 715, st_tag: -1}), op_name: GEMM_Tile[n=2,m=24], dims: 16x512x768, tile_m: 16, strategy: Output Stationary})
macro_719: MacroOp({op_type: MacroOpType.LOAD, seq: 719, dep_tag: DependencyTag({ld_tag: 717, tu_tag: 718, st_tag: -1}), src_type: MemType.DRAM, dst_type: MemType.UNI_SRAM, dims: 768x512, comment: Load Weight_B_Tile[n=2,m=25]})
macro_720: MacroOp({op_type: MacroOpType.LOAD, seq: 720, dep_tag: DependencyTag({ld_tag: 719, tu_tag: 718, st_tag: -1}), src_type: MemType.DRAM, dst_type: MemType.UNI_SRAM, dims: 16x768, comment: Load Input_A_Tile[n=2,m=25]})
macro_721: MacroOp({op_type: MacroOpType.CONV, seq: 721, dep_tag: DependencyTag({ld_tag: 720, tu_tag: 718, st_tag: -1}), op_name: GEMM_Tile[n=2,m=25], dims: 16x512x768, tile_m: 16, strategy: Output Stationary})
macro_722: MacroOp({op_type: MacroOpType.LOAD, seq: 722, dep_tag: DependencyTag({ld_tag: 720, tu_tag: 721, st_tag: -1}), src_type: MemType.DRAM, dst_type: MemType.UNI_SRAM, dims: 768x512, comment: Load Weight_B_Tile[n=2,m=26]})
macro_723: MacroOp({op_type: MacroOpType.LOAD, seq: 723, dep_tag: DependencyTag({ld_tag: 722, tu_tag: 721, st_tag: -1}), src_type: MemType.DRAM, dst_type: MemType.UNI_SRAM, dims: 16x768, comment: Load Input_A_Tile[n=2,m=26]})
macro_724: MacroOp({op_type: MacroOpType.CONV, seq: 724, dep_tag: DependencyTag({ld_tag: 723, tu_tag: 721, st_tag: -1}), op_name: GEMM_Tile[n=2,m=26], dims: 16x512x768, tile_m: 16, strategy: Output Stationary})
macro_725: MacroOp({op_type: MacroOpType.LOAD, seq: 725, dep_tag: DependencyTag({ld_tag: 723, tu_tag: 724, st_tag: -1}), src_type: MemType.DRAM, dst_type: MemType.UNI_SRAM, dims: 768x512, comment: Load Weight_B_Tile[n=2,m=27]})
macro_726: MacroOp({op_type: MacroOpType.LOAD, seq: 726, dep_tag: DependencyTag({ld_tag: 725, tu_tag: 724, st_tag: -1}), src_type: MemType.DRAM, dst_type: MemType.UNI_SRAM, dims: 16x768, comment: Load Input_A_Tile[n=2,m=27]})
macro_727: MacroOp({op_type: MacroOpType.CONV, seq: 727, dep_tag: DependencyTag({ld_tag: 726, tu_tag: 724, st_tag: -1}), op_name: GEMM_Tile[n=2,m=27], dims: 16x512x768, tile_m: 16, strategy: Output Stationary})
macro_728: MacroOp({op_type: MacroOpType.LOAD, seq: 728, dep_tag: DependencyTag({ld_tag: 726, tu_tag: 727, st_tag: -1}), src_type: MemType.DRAM, dst_type: MemType.UNI_SRAM, dims: 768x512, comment: Load Weight_B_Tile[n=2,m=28]})
macro_729: MacroOp({op_type: MacroOpType.LOAD, seq: 729, dep_tag: DependencyTag({ld_tag: 728, tu_tag: 727, st_tag: -1}), src_type: MemType.DRAM, dst_type: MemType.UNI_SRAM, dims: 16x768, comment: Load Input_A_Tile[n=2,m=28]})
macro_730: MacroOp({op_type: MacroOpType.CONV, seq: 730, dep_tag: DependencyTag({ld_tag: 729, tu_tag: 727, st_tag: -1}), op_name: GEMM_Tile[n=2,m=28], dims: 16x512x768, tile_m: 16, strategy: Output Stationary})
macro_731: MacroOp({op_type: MacroOpType.LOAD, seq: 731, dep_tag: DependencyTag({ld_tag: 729, tu_tag: 730, st_tag: -1}), src_type: MemType.DRAM, dst_type: MemType.UNI_SRAM, dims: 768x512, comment: Load Weight_B_Tile[n=2,m=29]})
macro_732: MacroOp({op_type: MacroOpType.LOAD, seq: 732, dep_tag: DependencyTag({ld_tag: 731, tu_tag: 730, st_tag: -1}), src_type: MemType.DRAM, dst_type: MemType.UNI_SRAM, dims: 16x768, comment: Load Input_A_Tile[n=2,m=29]})
macro_733: MacroOp({op_type: MacroOpType.CONV, seq: 733, dep_tag: DependencyTag({ld_tag: 732, tu_tag: 730, st_tag: -1}), op_name: GEMM_Tile[n=2,m=29], dims: 16x512x768, tile_m: 16, strategy: Output Stationary})
macro_734: MacroOp({op_type: MacroOpType.LOAD, seq: 734, dep_tag: DependencyTag({ld_tag: 732, tu_tag: 733, st_tag: -1}), src_type: MemType.DRAM, dst_type: MemType.UNI_SRAM, dims: 768x512, comment: Load Weight_B_Tile[n=2,m=30]})
macro_735: MacroOp({op_type: MacroOpType.LOAD, seq: 735, dep_tag: DependencyTag({ld_tag: 734, tu_tag: 733, st_tag: -1}), src_type: MemType.DRAM, dst_type: MemType.UNI_SRAM, dims: 16x768, comment: Load Input_A_Tile[n=2,m=30]})
macro_736: MacroOp({op_type: MacroOpType.CONV, seq: 736, dep_tag: DependencyTag({ld_tag: 735, tu_tag: 733, st_tag: -1}), op_name: GEMM_Tile[n=2,m=30], dims: 16x512x768, tile_m: 16, strategy: Output Stationary})
macro_737: MacroOp({op_type: MacroOpType.LOAD, seq: 737, dep_tag: DependencyTag({ld_tag: 735, tu_tag: 736, st_tag: -1}), src_type: MemType.DRAM, dst_type: MemType.UNI_SRAM, dims: 768x512, comment: Load Weight_B_Tile[n=2,m=31]})
macro_738: MacroOp({op_type: MacroOpType.LOAD, seq: 738, dep_tag: DependencyTag({ld_tag: 737, tu_tag: 736, st_tag: -1}), src_type: MemType.DRAM, dst_type: MemType.UNI_SRAM, dims: 16x768, comment: Load Input_A_Tile[n=2,m=31]})
macro_739: MacroOp({op_type: MacroOpType.CONV, seq: 739, dep_tag: DependencyTag({ld_tag: 738, tu_tag: 736, st_tag: -1}), op_name: GEMM_Tile[n=2,m=31], dims: 16x512x768, tile_m: 16, strategy: Output Stationary})
macro_740: MacroOp({op_type: MacroOpType.LOAD, seq: 740, dep_tag: DependencyTag({ld_tag: 738, tu_tag: 739, st_tag: -1}), src_type: MemType.DRAM, dst_type: MemType.UNI_SRAM, dims: 768x512, comment: Load Weight_B_Tile[n=3,m=0]})
macro_741: MacroOp({op_type: MacroOpType.LOAD, seq: 741, dep_tag: DependencyTag({ld_tag: 740, tu_tag: 739, st_tag: -1}), src_type: MemType.DRAM, dst_type: MemType.UNI_SRAM, dims: 16x768, comment: Load Input_A_Tile[n=3,m=0]})
macro_742: MacroOp({op_type: MacroOpType.CONV, seq: 742, dep_tag: DependencyTag({ld_tag: 741, tu_tag: 739, st_tag: -1}), op_name: GEMM_Tile[n=3,m=0], dims: 16x512x768, tile_m: 16, strategy: Output Stationary})
macro_743: MacroOp({op_type: MacroOpType.LOAD, seq: 743, dep_tag: DependencyTag({ld_tag: 741, tu_tag: 742, st_tag: -1}), src_type: MemType.DRAM, dst_type: MemType.UNI_SRAM, dims: 768x512, comment: Load Weight_B_Tile[n=3,m=1]})
macro_744: MacroOp({op_type: MacroOpType.LOAD, seq: 744, dep_tag: DependencyTag({ld_tag: 743, tu_tag: 742, st_tag: -1}), src_type: MemType.DRAM, dst_type: MemType.UNI_SRAM, dims: 16x768, comment: Load Input_A_Tile[n=3,m=1]})
macro_745: MacroOp({op_type: MacroOpType.CONV, seq: 745, dep_tag: DependencyTag({ld_tag: 744, tu_tag: 742, st_tag: -1}), op_name: GEMM_Tile[n=3,m=1], dims: 16x512x768, tile_m: 16, strategy: Output Stationary})
macro_746: MacroOp({op_type: MacroOpType.LOAD, seq: 746, dep_tag: DependencyTag({ld_tag: 744, tu_tag: 745, st_tag: -1}), src_type: MemType.DRAM, dst_type: MemType.UNI_SRAM, dims: 768x512, comment: Load Weight_B_Tile[n=3,m=2]})
macro_747: MacroOp({op_type: MacroOpType.LOAD, seq: 747, dep_tag: DependencyTag({ld_tag: 746, tu_tag: 745, st_tag: -1}), src_type: MemType.DRAM, dst_type: MemType.UNI_SRAM, dims: 16x768, comment: Load Input_A_Tile[n=3,m=2]})
macro_748: MacroOp({op_type: MacroOpType.CONV, seq: 748, dep_tag: DependencyTag({ld_tag: 747, tu_tag: 745, st_tag: -1}), op_name: GEMM_Tile[n=3,m=2], dims: 16x512x768, tile_m: 16, strategy: Output Stationary})
macro_749: MacroOp({op_type: MacroOpType.LOAD, seq: 749, dep_tag: DependencyTag({ld_tag: 747, tu_tag: 748, st_tag: -1}), src_type: MemType.DRAM, dst_type: MemType.UNI_SRAM, dims: 768x512, comment: Load Weight_B_Tile[n=3,m=3]})
macro_750: MacroOp({op_type: MacroOpType.LOAD, seq: 750, dep_tag: DependencyTag({ld_tag: 749, tu_tag: 748, st_tag: -1}), src_type: MemType.DRAM, dst_type: MemType.UNI_SRAM, dims: 16x768, comment: Load Input_A_Tile[n=3,m=3]})
macro_751: MacroOp({op_type: MacroOpType.CONV, seq: 751, dep_tag: DependencyTag({ld_tag: 750, tu_tag: 748, st_tag: -1}), op_name: GEMM_Tile[n=3,m=3], dims: 16x512x768, tile_m: 16, strategy: Output Stationary})
macro_752: MacroOp({op_type: MacroOpType.LOAD, seq: 752, dep_tag: DependencyTag({ld_tag: 750, tu_tag: 751, st_tag: -1}), src_type: MemType.DRAM, dst_type: MemType.UNI_SRAM, dims: 768x512, comment: Load Weight_B_Tile[n=3,m=4]})
macro_753: MacroOp({op_type: MacroOpType.LOAD, seq: 753, dep_tag: DependencyTag({ld_tag: 752, tu_tag: 751, st_tag: -1}), src_type: MemType.DRAM, dst_type: MemType.UNI_SRAM, dims: 16x768, comment: Load Input_A_Tile[n=3,m=4]})
macro_754: MacroOp({op_type: MacroOpType.CONV, seq: 754, dep_tag: DependencyTag({ld_tag: 753, tu_tag: 751, st_tag: -1}), op_name: GEMM_Tile[n=3,m=4], dims: 16x512x768, tile_m: 16, strategy: Output Stationary})
macro_755: MacroOp({op_type: MacroOpType.LOAD, seq: 755, dep_tag: DependencyTag({ld_tag: 753, tu_tag: 754, st_tag: -1}), src_type: MemType.DRAM, dst_type: MemType.UNI_SRAM, dims: 768x512, comment: Load Weight_B_Tile[n=3,m=5]})
macro_756: MacroOp({op_type: MacroOpType.LOAD, seq: 756, dep_tag: DependencyTag({ld_tag: 755, tu_tag: 754, st_tag: -1}), src_type: MemType.DRAM, dst_type: MemType.UNI_SRAM, dims: 16x768, comment: Load Input_A_Tile[n=3,m=5]})
macro_757: MacroOp({op_type: MacroOpType.CONV, seq: 757, dep_tag: DependencyTag({ld_tag: 756, tu_tag: 754, st_tag: -1}), op_name: GEMM_Tile[n=3,m=5], dims: 16x512x768, tile_m: 16, strategy: Output Stationary})
macro_758: MacroOp({op_type: MacroOpType.LOAD, seq: 758, dep_tag: DependencyTag({ld_tag: 756, tu_tag: 757, st_tag: -1}), src_type: MemType.DRAM, dst_type: MemType.UNI_SRAM, dims: 768x512, comment: Load Weight_B_Tile[n=3,m=6]})
macro_759: MacroOp({op_type: MacroOpType.LOAD, seq: 759, dep_tag: DependencyTag({ld_tag: 758, tu_tag: 757, st_tag: -1}), src_type: MemType.DRAM, dst_type: MemType.UNI_SRAM, dims: 16x768, comment: Load Input_A_Tile[n=3,m=6]})
macro_760: MacroOp({op_type: MacroOpType.CONV, seq: 760, dep_tag: DependencyTag({ld_tag: 759, tu_tag: 757, st_tag: -1}), op_name: GEMM_Tile[n=3,m=6], dims: 16x512x768, tile_m: 16, strategy: Output Stationary})
macro_761: MacroOp({op_type: MacroOpType.LOAD, seq: 761, dep_tag: DependencyTag({ld_tag: 759, tu_tag: 760, st_tag: -1}), src_type: MemType.DRAM, dst_type: MemType.UNI_SRAM, dims: 768x512, comment: Load Weight_B_Tile[n=3,m=7]})
macro_762: MacroOp({op_type: MacroOpType.LOAD, seq: 762, dep_tag: DependencyTag({ld_tag: 761, tu_tag: 760, st_tag: -1}), src_type: MemType.DRAM, dst_type: MemType.UNI_SRAM, dims: 16x768, comment: Load Input_A_Tile[n=3,m=7]})
macro_763: MacroOp({op_type: MacroOpType.CONV, seq: 763, dep_tag: DependencyTag({ld_tag: 762, tu_tag: 760, st_tag: -1}), op_name: GEMM_Tile[n=3,m=7], dims: 16x512x768, tile_m: 16, strategy: Output Stationary})
macro_764: MacroOp({op_type: MacroOpType.LOAD, seq: 764, dep_tag: DependencyTag({ld_tag: 762, tu_tag: 763, st_tag: -1}), src_type: MemType.DRAM, dst_type: MemType.UNI_SRAM, dims: 768x512, comment: Load Weight_B_Tile[n=3,m=8]})
macro_765: MacroOp({op_type: MacroOpType.LOAD, seq: 765, dep_tag: DependencyTag({ld_tag: 764, tu_tag: 763, st_tag: -1}), src_type: MemType.DRAM, dst_type: MemType.UNI_SRAM, dims: 16x768, comment: Load Input_A_Tile[n=3,m=8]})
macro_766: MacroOp({op_type: MacroOpType.CONV, seq: 766, dep_tag: DependencyTag({ld_tag: 765, tu_tag: 763, st_tag: -1}), op_name: GEMM_Tile[n=3,m=8], dims: 16x512x768, tile_m: 16, strategy: Output Stationary})
macro_767: MacroOp({op_type: MacroOpType.LOAD, seq: 767, dep_tag: DependencyTag({ld_tag: 765, tu_tag: 766, st_tag: -1}), src_type: MemType.DRAM, dst_type: MemType.UNI_SRAM, dims: 768x512, comment: Load Weight_B_Tile[n=3,m=9]})
macro_768: MacroOp({op_type: MacroOpType.LOAD, seq: 768, dep_tag: DependencyTag({ld_tag: 767, tu_tag: 766, st_tag: -1}), src_type: MemType.DRAM, dst_type: MemType.UNI_SRAM, dims: 16x768, comment: Load Input_A_Tile[n=3,m=9]})
macro_769: MacroOp({op_type: MacroOpType.CONV, seq: 769, dep_tag: DependencyTag({ld_tag: 768, tu_tag: 766, st_tag: -1}), op_name: GEMM_Tile[n=3,m=9], dims: 16x512x768, tile_m: 16, strategy: Output Stationary})
macro_770: MacroOp({op_type: MacroOpType.LOAD, seq: 770, dep_tag: DependencyTag({ld_tag: 768, tu_tag: 769, st_tag: -1}), src_type: MemType.DRAM, dst_type: MemType.UNI_SRAM, dims: 768x512, comment: Load Weight_B_Tile[n=3,m=10]})
macro_771: MacroOp({op_type: MacroOpType.LOAD, seq: 771, dep_tag: DependencyTag({ld_tag: 770, tu_tag: 769, st_tag: -1}), src_type: MemType.DRAM, dst_type: MemType.UNI_SRAM, dims: 16x768, comment: Load Input_A_Tile[n=3,m=10]})
macro_772: MacroOp({op_type: MacroOpType.CONV, seq: 772, dep_tag: DependencyTag({ld_tag: 771, tu_tag: 769, st_tag: -1}), op_name: GEMM_Tile[n=3,m=10], dims: 16x512x768, tile_m: 16, strategy: Output Stationary})
macro_773: MacroOp({op_type: MacroOpType.LOAD, seq: 773, dep_tag: DependencyTag({ld_tag: 771, tu_tag: 772, st_tag: -1}), src_type: MemType.DRAM, dst_type: MemType.UNI_SRAM, dims: 768x512, comment: Load Weight_B_Tile[n=3,m=11]})
macro_774: MacroOp({op_type: MacroOpType.LOAD, seq: 774, dep_tag: DependencyTag({ld_tag: 773, tu_tag: 772, st_tag: -1}), src_type: MemType.DRAM, dst_type: MemType.UNI_SRAM, dims: 16x768, comment: Load Input_A_Tile[n=3,m=11]})
macro_775: MacroOp({op_type: MacroOpType.CONV, seq: 775, dep_tag: DependencyTag({ld_tag: 774, tu_tag: 772, st_tag: -1}), op_name: GEMM_Tile[n=3,m=11], dims: 16x512x768, tile_m: 16, strategy: Output Stationary})
macro_776: MacroOp({op_type: MacroOpType.LOAD, seq: 776, dep_tag: DependencyTag({ld_tag: 774, tu_tag: 775, st_tag: -1}), src_type: MemType.DRAM, dst_type: MemType.UNI_SRAM, dims: 768x512, comment: Load Weight_B_Tile[n=3,m=12]})
macro_777: MacroOp({op_type: MacroOpType.LOAD, seq: 777, dep_tag: DependencyTag({ld_tag: 776, tu_tag: 775, st_tag: -1}), src_type: MemType.DRAM, dst_type: MemType.UNI_SRAM, dims: 16x768, comment: Load Input_A_Tile[n=3,m=12]})
macro_778: MacroOp({op_type: MacroOpType.CONV, seq: 778, dep_tag: DependencyTag({ld_tag: 777, tu_tag: 775, st_tag: -1}), op_name: GEMM_Tile[n=3,m=12], dims: 16x512x768, tile_m: 16, strategy: Output Stationary})
macro_779: MacroOp({op_type: MacroOpType.LOAD, seq: 779, dep_tag: DependencyTag({ld_tag: 777, tu_tag: 778, st_tag: -1}), src_type: MemType.DRAM, dst_type: MemType.UNI_SRAM, dims: 768x512, comment: Load Weight_B_Tile[n=3,m=13]})
macro_780: MacroOp({op_type: MacroOpType.LOAD, seq: 780, dep_tag: DependencyTag({ld_tag: 779, tu_tag: 778, st_tag: -1}), src_type: MemType.DRAM, dst_type: MemType.UNI_SRAM, dims: 16x768, comment: Load Input_A_Tile[n=3,m=13]})
macro_781: MacroOp({op_type: MacroOpType.CONV, seq: 781, dep_tag: DependencyTag({ld_tag: 780, tu_tag: 778, st_tag: -1}), op_name: GEMM_Tile[n=3,m=13], dims: 16x512x768, tile_m: 16, strategy: Output Stationary})
macro_782: MacroOp({op_type: MacroOpType.LOAD, seq: 782, dep_tag: DependencyTag({ld_tag: 780, tu_tag: 781, st_tag: -1}), src_type: MemType.DRAM, dst_type: MemType.UNI_SRAM, dims: 768x512, comment: Load Weight_B_Tile[n=3,m=14]})
macro_783: MacroOp({op_type: MacroOpType.LOAD, seq: 783, dep_tag: DependencyTag({ld_tag: 782, tu_tag: 781, st_tag: -1}), src_type: MemType.DRAM, dst_type: MemType.UNI_SRAM, dims: 16x768, comment: Load Input_A_Tile[n=3,m=14]})
macro_784: MacroOp({op_type: MacroOpType.CONV, seq: 784, dep_tag: DependencyTag({ld_tag: 783, tu_tag: 781, st_tag: -1}), op_name: GEMM_Tile[n=3,m=14], dims: 16x512x768, tile_m: 16, strategy: Output Stationary})
macro_785: MacroOp({op_type: MacroOpType.LOAD, seq: 785, dep_tag: DependencyTag({ld_tag: 783, tu_tag: 784, st_tag: -1}), src_type: MemType.DRAM, dst_type: MemType.UNI_SRAM, dims: 768x512, comment: Load Weight_B_Tile[n=3,m=15]})
macro_786: MacroOp({op_type: MacroOpType.LOAD, seq: 786, dep_tag: DependencyTag({ld_tag: 785, tu_tag: 784, st_tag: -1}), src_type: MemType.DRAM, dst_type: MemType.UNI_SRAM, dims: 16x768, comment: Load Input_A_Tile[n=3,m=15]})
macro_787: MacroOp({op_type: MacroOpType.CONV, seq: 787, dep_tag: DependencyTag({ld_tag: 786, tu_tag: 784, st_tag: -1}), op_name: GEMM_Tile[n=3,m=15], dims: 16x512x768, tile_m: 16, strategy: Output Stationary})
macro_788: MacroOp({op_type: MacroOpType.LOAD, seq: 788, dep_tag: DependencyTag({ld_tag: 786, tu_tag: 787, st_tag: -1}), src_type: MemType.DRAM, dst_type: MemType.UNI_SRAM, dims: 768x512, comment: Load Weight_B_Tile[n=3,m=16]})
macro_789: MacroOp({op_type: MacroOpType.LOAD, seq: 789, dep_tag: DependencyTag({ld_tag: 788, tu_tag: 787, st_tag: -1}), src_type: MemType.DRAM, dst_type: MemType.UNI_SRAM, dims: 16x768, comment: Load Input_A_Tile[n=3,m=16]})
macro_790: MacroOp({op_type: MacroOpType.CONV, seq: 790, dep_tag: DependencyTag({ld_tag: 789, tu_tag: 787, st_tag: -1}), op_name: GEMM_Tile[n=3,m=16], dims: 16x512x768, tile_m: 16, strategy: Output Stationary})
macro_791: MacroOp({op_type: MacroOpType.LOAD, seq: 791, dep_tag: DependencyTag({ld_tag: 789, tu_tag: 790, st_tag: -1}), src_type: MemType.DRAM, dst_type: MemType.UNI_SRAM, dims: 768x512, comment: Load Weight_B_Tile[n=3,m=17]})
macro_792: MacroOp({op_type: MacroOpType.LOAD, seq: 792, dep_tag: DependencyTag({ld_tag: 791, tu_tag: 790, st_tag: -1}), src_type: MemType.DRAM, dst_type: MemType.UNI_SRAM, dims: 16x768, comment: Load Input_A_Tile[n=3,m=17]})
macro_793: MacroOp({op_type: MacroOpType.CONV, seq: 793, dep_tag: DependencyTag({ld_tag: 792, tu_tag: 790, st_tag: -1}), op_name: GEMM_Tile[n=3,m=17], dims: 16x512x768, tile_m: 16, strategy: Output Stationary})
macro_794: MacroOp({op_type: MacroOpType.LOAD, seq: 794, dep_tag: DependencyTag({ld_tag: 792, tu_tag: 793, st_tag: -1}), src_type: MemType.DRAM, dst_type: MemType.UNI_SRAM, dims: 768x512, comment: Load Weight_B_Tile[n=3,m=18]})
macro_795: MacroOp({op_type: MacroOpType.LOAD, seq: 795, dep_tag: DependencyTag({ld_tag: 794, tu_tag: 793, st_tag: -1}), src_type: MemType.DRAM, dst_type: MemType.UNI_SRAM, dims: 16x768, comment: Load Input_A_Tile[n=3,m=18]})
macro_796: MacroOp({op_type: MacroOpType.CONV, seq: 796, dep_tag: DependencyTag({ld_tag: 795, tu_tag: 793, st_tag: -1}), op_name: GEMM_Tile[n=3,m=18], dims: 16x512x768, tile_m: 16, strategy: Output Stationary})
macro_797: MacroOp({op_type: MacroOpType.LOAD, seq: 797, dep_tag: DependencyTag({ld_tag: 795, tu_tag: 796, st_tag: -1}), src_type: MemType.DRAM, dst_type: MemType.UNI_SRAM, dims: 768x512, comment: Load Weight_B_Tile[n=3,m=19]})
macro_798: MacroOp({op_type: MacroOpType.LOAD, seq: 798, dep_tag: DependencyTag({ld_tag: 797, tu_tag: 796, st_tag: -1}), src_type: MemType.DRAM, dst_type: MemType.UNI_SRAM, dims: 16x768, comment: Load Input_A_Tile[n=3,m=19]})
macro_799: MacroOp({op_type: MacroOpType.CONV, seq: 799, dep_tag: DependencyTag({ld_tag: 798, tu_tag: 796, st_tag: -1}), op_name: GEMM_Tile[n=3,m=19], dims: 16x512x768, tile_m: 16, strategy: Output Stationary})
macro_800: MacroOp({op_type: MacroOpType.LOAD, seq: 800, dep_tag: DependencyTag({ld_tag: 798, tu_tag: 799, st_tag: -1}), src_type: MemType.DRAM, dst_type: MemType.UNI_SRAM, dims: 768x512, comment: Load Weight_B_Tile[n=3,m=20]})
macro_801: MacroOp({op_type: MacroOpType.LOAD, seq: 801, dep_tag: DependencyTag({ld_tag: 800, tu_tag: 799, st_tag: -1}), src_type: MemType.DRAM, dst_type: MemType.UNI_SRAM, dims: 16x768, comment: Load Input_A_Tile[n=3,m=20]})
macro_802: MacroOp({op_type: MacroOpType.CONV, seq: 802, dep_tag: DependencyTag({ld_tag: 801, tu_tag: 799, st_tag: -1}), op_name: GEMM_Tile[n=3,m=20], dims: 16x512x768, tile_m: 16, strategy: Output Stationary})
macro_803: MacroOp({op_type: MacroOpType.LOAD, seq: 803, dep_tag: DependencyTag({ld_tag: 801, tu_tag: 802, st_tag: -1}), src_type: MemType.DRAM, dst_type: MemType.UNI_SRAM, dims: 768x512, comment: Load Weight_B_Tile[n=3,m=21]})
macro_804: MacroOp({op_type: MacroOpType.LOAD, seq: 804, dep_tag: DependencyTag({ld_tag: 803, tu_tag: 802, st_tag: -1}), src_type: MemType.DRAM, dst_type: MemType.UNI_SRAM, dims: 16x768, comment: Load Input_A_Tile[n=3,m=21]})
macro_805: MacroOp({op_type: MacroOpType.CONV, seq: 805, dep_tag: DependencyTag({ld_tag: 804, tu_tag: 802, st_tag: -1}), op_name: GEMM_Tile[n=3,m=21], dims: 16x512x768, tile_m: 16, strategy: Output Stationary})
macro_806: MacroOp({op_type: MacroOpType.LOAD, seq: 806, dep_tag: DependencyTag({ld_tag: 804, tu_tag: 805, st_tag: -1}), src_type: MemType.DRAM, dst_type: MemType.UNI_SRAM, dims: 768x512, comment: Load Weight_B_Tile[n=3,m=22]})
macro_807: MacroOp({op_type: MacroOpType.LOAD, seq: 807, dep_tag: DependencyTag({ld_tag: 806, tu_tag: 805, st_tag: -1}), src_type: MemType.DRAM, dst_type: MemType.UNI_SRAM, dims: 16x768, comment: Load Input_A_Tile[n=3,m=22]})
macro_808: MacroOp({op_type: MacroOpType.CONV, seq: 808, dep_tag: DependencyTag({ld_tag: 807, tu_tag: 805, st_tag: -1}), op_name: GEMM_Tile[n=3,m=22], dims: 16x512x768, tile_m: 16, strategy: Output Stationary})
macro_809: MacroOp({op_type: MacroOpType.LOAD, seq: 809, dep_tag: DependencyTag({ld_tag: 807, tu_tag: 808, st_tag: -1}), src_type: MemType.DRAM, dst_type: MemType.UNI_SRAM, dims: 768x512, comment: Load Weight_B_Tile[n=3,m=23]})
macro_810: MacroOp({op_type: MacroOpType.LOAD, seq: 810, dep_tag: DependencyTag({ld_tag: 809, tu_tag: 808, st_tag: -1}), src_type: MemType.DRAM, dst_type: MemType.UNI_SRAM, dims: 16x768, comment: Load Input_A_Tile[n=3,m=23]})
macro_811: MacroOp({op_type: MacroOpType.CONV, seq: 811, dep_tag: DependencyTag({ld_tag: 810, tu_tag: 808, st_tag: -1}), op_name: GEMM_Tile[n=3,m=23], dims: 16x512x768, tile_m: 16, strategy: Output Stationary})
macro_812: MacroOp({op_type: MacroOpType.LOAD, seq: 812, dep_tag: DependencyTag({ld_tag: 810, tu_tag: 811, st_tag: -1}), src_type: MemType.DRAM, dst_type: MemType.UNI_SRAM, dims: 768x512, comment: Load Weight_B_Tile[n=3,m=24]})
macro_813: MacroOp({op_type: MacroOpType.LOAD, seq: 813, dep_tag: DependencyTag({ld_tag: 812, tu_tag: 811, st_tag: -1}), src_type: MemType.DRAM, dst_type: MemType.UNI_SRAM, dims: 16x768, comment: Load Input_A_Tile[n=3,m=24]})
macro_814: MacroOp({op_type: MacroOpType.CONV, seq: 814, dep_tag: DependencyTag({ld_tag: 813, tu_tag: 811, st_tag: -1}), op_name: GEMM_Tile[n=3,m=24], dims: 16x512x768, tile_m: 16, strategy: Output Stationary})
macro_815: MacroOp({op_type: MacroOpType.LOAD, seq: 815, dep_tag: DependencyTag({ld_tag: 813, tu_tag: 814, st_tag: -1}), src_type: MemType.DRAM, dst_type: MemType.UNI_SRAM, dims: 768x512, comment: Load Weight_B_Tile[n=3,m=25]})
macro_816: MacroOp({op_type: MacroOpType.LOAD, seq: 816, dep_tag: DependencyTag({ld_tag: 815, tu_tag: 814, st_tag: -1}), src_type: MemType.DRAM, dst_type: MemType.UNI_SRAM, dims: 16x768, comment: Load Input_A_Tile[n=3,m=25]})
macro_817: MacroOp({op_type: MacroOpType.CONV, seq: 817, dep_tag: DependencyTag({ld_tag: 816, tu_tag: 814, st_tag: -1}), op_name: GEMM_Tile[n=3,m=25], dims: 16x512x768, tile_m: 16, strategy: Output Stationary})
macro_818: MacroOp({op_type: MacroOpType.LOAD, seq: 818, dep_tag: DependencyTag({ld_tag: 816, tu_tag: 817, st_tag: -1}), src_type: MemType.DRAM, dst_type: MemType.UNI_SRAM, dims: 768x512, comment: Load Weight_B_Tile[n=3,m=26]})
macro_819: MacroOp({op_type: MacroOpType.LOAD, seq: 819, dep_tag: DependencyTag({ld_tag: 818, tu_tag: 817, st_tag: -1}), src_type: MemType.DRAM, dst_type: MemType.UNI_SRAM, dims: 16x768, comment: Load Input_A_Tile[n=3,m=26]})
macro_820: MacroOp({op_type: MacroOpType.CONV, seq: 820, dep_tag: DependencyTag({ld_tag: 819, tu_tag: 817, st_tag: -1}), op_name: GEMM_Tile[n=3,m=26], dims: 16x512x768, tile_m: 16, strategy: Output Stationary})
macro_821: MacroOp({op_type: MacroOpType.LOAD, seq: 821, dep_tag: DependencyTag({ld_tag: 819, tu_tag: 820, st_tag: -1}), src_type: MemType.DRAM, dst_type: MemType.UNI_SRAM, dims: 768x512, comment: Load Weight_B_Tile[n=3,m=27]})
macro_822: MacroOp({op_type: MacroOpType.LOAD, seq: 822, dep_tag: DependencyTag({ld_tag: 821, tu_tag: 820, st_tag: -1}), src_type: MemType.DRAM, dst_type: MemType.UNI_SRAM, dims: 16x768, comment: Load Input_A_Tile[n=3,m=27]})
macro_823: MacroOp({op_type: MacroOpType.CONV, seq: 823, dep_tag: DependencyTag({ld_tag: 822, tu_tag: 820, st_tag: -1}), op_name: GEMM_Tile[n=3,m=27], dims: 16x512x768, tile_m: 16, strategy: Output Stationary})
macro_824: MacroOp({op_type: MacroOpType.LOAD, seq: 824, dep_tag: DependencyTag({ld_tag: 822, tu_tag: 823, st_tag: -1}), src_type: MemType.DRAM, dst_type: MemType.UNI_SRAM, dims: 768x512, comment: Load Weight_B_Tile[n=3,m=28]})
macro_825: MacroOp({op_type: MacroOpType.LOAD, seq: 825, dep_tag: DependencyTag({ld_tag: 824, tu_tag: 823, st_tag: -1}), src_type: MemType.DRAM, dst_type: MemType.UNI_SRAM, dims: 16x768, comment: Load Input_A_Tile[n=3,m=28]})
macro_826: MacroOp({op_type: MacroOpType.CONV, seq: 826, dep_tag: DependencyTag({ld_tag: 825, tu_tag: 823, st_tag: -1}), op_name: GEMM_Tile[n=3,m=28], dims: 16x512x768, tile_m: 16, strategy: Output Stationary})
macro_827: MacroOp({op_type: MacroOpType.LOAD, seq: 827, dep_tag: DependencyTag({ld_tag: 825, tu_tag: 826, st_tag: -1}), src_type: MemType.DRAM, dst_type: MemType.UNI_SRAM, dims: 768x512, comment: Load Weight_B_Tile[n=3,m=29]})
macro_828: MacroOp({op_type: MacroOpType.LOAD, seq: 828, dep_tag: DependencyTag({ld_tag: 827, tu_tag: 826, st_tag: -1}), src_type: MemType.DRAM, dst_type: MemType.UNI_SRAM, dims: 16x768, comment: Load Input_A_Tile[n=3,m=29]})
macro_829: MacroOp({op_type: MacroOpType.CONV, seq: 829, dep_tag: DependencyTag({ld_tag: 828, tu_tag: 826, st_tag: -1}), op_name: GEMM_Tile[n=3,m=29], dims: 16x512x768, tile_m: 16, strategy: Output Stationary})
macro_830: MacroOp({op_type: MacroOpType.LOAD, seq: 830, dep_tag: DependencyTag({ld_tag: 828, tu_tag: 829, st_tag: -1}), src_type: MemType.DRAM, dst_type: MemType.UNI_SRAM, dims: 768x512, comment: Load Weight_B_Tile[n=3,m=30]})
macro_831: MacroOp({op_type: MacroOpType.LOAD, seq: 831, dep_tag: DependencyTag({ld_tag: 830, tu_tag: 829, st_tag: -1}), src_type: MemType.DRAM, dst_type: MemType.UNI_SRAM, dims: 16x768, comment: Load Input_A_Tile[n=3,m=30]})
macro_832: MacroOp({op_type: MacroOpType.CONV, seq: 832, dep_tag: DependencyTag({ld_tag: 831, tu_tag: 829, st_tag: -1}), op_name: GEMM_Tile[n=3,m=30], dims: 16x512x768, tile_m: 16, strategy: Output Stationary})
macro_833: MacroOp({op_type: MacroOpType.LOAD, seq: 833, dep_tag: DependencyTag({ld_tag: 831, tu_tag: 832, st_tag: -1}), src_type: MemType.DRAM, dst_type: MemType.UNI_SRAM, dims: 768x512, comment: Load Weight_B_Tile[n=3,m=31]})
macro_834: MacroOp({op_type: MacroOpType.LOAD, seq: 834, dep_tag: DependencyTag({ld_tag: 833, tu_tag: 832, st_tag: -1}), src_type: MemType.DRAM, dst_type: MemType.UNI_SRAM, dims: 16x768, comment: Load Input_A_Tile[n=3,m=31]})
macro_835: MacroOp({op_type: MacroOpType.CONV, seq: 835, dep_tag: DependencyTag({ld_tag: 834, tu_tag: 832, st_tag: -1}), op_name: GEMM_Tile[n=3,m=31], dims: 16x512x768, tile_m: 16, strategy: Output Stationary})
macro_836: MacroOp({op_type: MacroOpType.LOAD, seq: 836, dep_tag: DependencyTag({ld_tag: 834, tu_tag: 835, st_tag: -1}), src_type: MemType.DRAM, dst_type: MemType.UNI_SRAM, dims: 768x512, comment: Load Weight_B_Tile[n=4,m=0]})
macro_837: MacroOp({op_type: MacroOpType.LOAD, seq: 837, dep_tag: DependencyTag({ld_tag: 836, tu_tag: 835, st_tag: -1}), src_type: MemType.DRAM, dst_type: MemType.UNI_SRAM, dims: 16x768, comment: Load Input_A_Tile[n=4,m=0]})
macro_838: MacroOp({op_type: MacroOpType.CONV, seq: 838, dep_tag: DependencyTag({ld_tag: 837, tu_tag: 835, st_tag: -1}), op_name: GEMM_Tile[n=4,m=0], dims: 16x512x768, tile_m: 16, strategy: Output Stationary})
macro_839: MacroOp({op_type: MacroOpType.LOAD, seq: 839, dep_tag: DependencyTag({ld_tag: 837, tu_tag: 838, st_tag: -1}), src_type: MemType.DRAM, dst_type: MemType.UNI_SRAM, dims: 768x512, comment: Load Weight_B_Tile[n=4,m=1]})
macro_840: MacroOp({op_type: MacroOpType.LOAD, seq: 840, dep_tag: DependencyTag({ld_tag: 839, tu_tag: 838, st_tag: -1}), src_type: MemType.DRAM, dst_type: MemType.UNI_SRAM, dims: 16x768, comment: Load Input_A_Tile[n=4,m=1]})
macro_841: MacroOp({op_type: MacroOpType.CONV, seq: 841, dep_tag: DependencyTag({ld_tag: 840, tu_tag: 838, st_tag: -1}), op_name: GEMM_Tile[n=4,m=1], dims: 16x512x768, tile_m: 16, strategy: Output Stationary})
macro_842: MacroOp({op_type: MacroOpType.LOAD, seq: 842, dep_tag: DependencyTag({ld_tag: 840, tu_tag: 841, st_tag: -1}), src_type: MemType.DRAM, dst_type: MemType.UNI_SRAM, dims: 768x512, comment: Load Weight_B_Tile[n=4,m=2]})
macro_843: MacroOp({op_type: MacroOpType.LOAD, seq: 843, dep_tag: DependencyTag({ld_tag: 842, tu_tag: 841, st_tag: -1}), src_type: MemType.DRAM, dst_type: MemType.UNI_SRAM, dims: 16x768, comment: Load Input_A_Tile[n=4,m=2]})
macro_844: MacroOp({op_type: MacroOpType.CONV, seq: 844, dep_tag: DependencyTag({ld_tag: 843, tu_tag: 841, st_tag: -1}), op_name: GEMM_Tile[n=4,m=2], dims: 16x512x768, tile_m: 16, strategy: Output Stationary})
macro_845: MacroOp({op_type: MacroOpType.LOAD, seq: 845, dep_tag: DependencyTag({ld_tag: 843, tu_tag: 844, st_tag: -1}), src_type: MemType.DRAM, dst_type: MemType.UNI_SRAM, dims: 768x512, comment: Load Weight_B_Tile[n=4,m=3]})
macro_846: MacroOp({op_type: MacroOpType.LOAD, seq: 846, dep_tag: DependencyTag({ld_tag: 845, tu_tag: 844, st_tag: -1}), src_type: MemType.DRAM, dst_type: MemType.UNI_SRAM, dims: 16x768, comment: Load Input_A_Tile[n=4,m=3]})
macro_847: MacroOp({op_type: MacroOpType.CONV, seq: 847, dep_tag: DependencyTag({ld_tag: 846, tu_tag: 844, st_tag: -1}), op_name: GEMM_Tile[n=4,m=3], dims: 16x512x768, tile_m: 16, strategy: Output Stationary})
macro_848: MacroOp({op_type: MacroOpType.LOAD, seq: 848, dep_tag: DependencyTag({ld_tag: 846, tu_tag: 847, st_tag: -1}), src_type: MemType.DRAM, dst_type: MemType.UNI_SRAM, dims: 768x512, comment: Load Weight_B_Tile[n=4,m=4]})
macro_849: MacroOp({op_type: MacroOpType.LOAD, seq: 849, dep_tag: DependencyTag({ld_tag: 848, tu_tag: 847, st_tag: -1}), src_type: MemType.DRAM, dst_type: MemType.UNI_SRAM, dims: 16x768, comment: Load Input_A_Tile[n=4,m=4]})
macro_850: MacroOp({op_type: MacroOpType.CONV, seq: 850, dep_tag: DependencyTag({ld_tag: 849, tu_tag: 847, st_tag: -1}), op_name: GEMM_Tile[n=4,m=4], dims: 16x512x768, tile_m: 16, strategy: Output Stationary})
macro_851: MacroOp({op_type: MacroOpType.LOAD, seq: 851, dep_tag: DependencyTag({ld_tag: 849, tu_tag: 850, st_tag: -1}), src_type: MemType.DRAM, dst_type: MemType.UNI_SRAM, dims: 768x512, comment: Load Weight_B_Tile[n=4,m=5]})
macro_852: MacroOp({op_type: MacroOpType.LOAD, seq: 852, dep_tag: DependencyTag({ld_tag: 851, tu_tag: 850, st_tag: -1}), src_type: MemType.DRAM, dst_type: MemType.UNI_SRAM, dims: 16x768, comment: Load Input_A_Tile[n=4,m=5]})
macro_853: MacroOp({op_type: MacroOpType.CONV, seq: 853, dep_tag: DependencyTag({ld_tag: 852, tu_tag: 850, st_tag: -1}), op_name: GEMM_Tile[n=4,m=5], dims: 16x512x768, tile_m: 16, strategy: Output Stationary})
macro_854: MacroOp({op_type: MacroOpType.LOAD, seq: 854, dep_tag: DependencyTag({ld_tag: 852, tu_tag: 853, st_tag: -1}), src_type: MemType.DRAM, dst_type: MemType.UNI_SRAM, dims: 768x512, comment: Load Weight_B_Tile[n=4,m=6]})
macro_855: MacroOp({op_type: MacroOpType.LOAD, seq: 855, dep_tag: DependencyTag({ld_tag: 854, tu_tag: 853, st_tag: -1}), src_type: MemType.DRAM, dst_type: MemType.UNI_SRAM, dims: 16x768, comment: Load Input_A_Tile[n=4,m=6]})
macro_856: MacroOp({op_type: MacroOpType.CONV, seq: 856, dep_tag: DependencyTag({ld_tag: 855, tu_tag: 853, st_tag: -1}), op_name: GEMM_Tile[n=4,m=6], dims: 16x512x768, tile_m: 16, strategy: Output Stationary})
macro_857: MacroOp({op_type: MacroOpType.LOAD, seq: 857, dep_tag: DependencyTag({ld_tag: 855, tu_tag: 856, st_tag: -1}), src_type: MemType.DRAM, dst_type: MemType.UNI_SRAM, dims: 768x512, comment: Load Weight_B_Tile[n=4,m=7]})
macro_858: MacroOp({op_type: MacroOpType.LOAD, seq: 858, dep_tag: DependencyTag({ld_tag: 857, tu_tag: 856, st_tag: -1}), src_type: MemType.DRAM, dst_type: MemType.UNI_SRAM, dims: 16x768, comment: Load Input_A_Tile[n=4,m=7]})
macro_859: MacroOp({op_type: MacroOpType.CONV, seq: 859, dep_tag: DependencyTag({ld_tag: 858, tu_tag: 856, st_tag: -1}), op_name: GEMM_Tile[n=4,m=7], dims: 16x512x768, tile_m: 16, strategy: Output Stationary})
macro_860: MacroOp({op_type: MacroOpType.LOAD, seq: 860, dep_tag: DependencyTag({ld_tag: 858, tu_tag: 859, st_tag: -1}), src_type: MemType.DRAM, dst_type: MemType.UNI_SRAM, dims: 768x512, comment: Load Weight_B_Tile[n=4,m=8]})
macro_861: MacroOp({op_type: MacroOpType.LOAD, seq: 861, dep_tag: DependencyTag({ld_tag: 860, tu_tag: 859, st_tag: -1}), src_type: MemType.DRAM, dst_type: MemType.UNI_SRAM, dims: 16x768, comment: Load Input_A_Tile[n=4,m=8]})
macro_862: MacroOp({op_type: MacroOpType.CONV, seq: 862, dep_tag: DependencyTag({ld_tag: 861, tu_tag: 859, st_tag: -1}), op_name: GEMM_Tile[n=4,m=8], dims: 16x512x768, tile_m: 16, strategy: Output Stationary})
macro_863: MacroOp({op_type: MacroOpType.LOAD, seq: 863, dep_tag: DependencyTag({ld_tag: 861, tu_tag: 862, st_tag: -1}), src_type: MemType.DRAM, dst_type: MemType.UNI_SRAM, dims: 768x512, comment: Load Weight_B_Tile[n=4,m=9]})
macro_864: MacroOp({op_type: MacroOpType.LOAD, seq: 864, dep_tag: DependencyTag({ld_tag: 863, tu_tag: 862, st_tag: -1}), src_type: MemType.DRAM, dst_type: MemType.UNI_SRAM, dims: 16x768, comment: Load Input_A_Tile[n=4,m=9]})
macro_865: MacroOp({op_type: MacroOpType.CONV, seq: 865, dep_tag: DependencyTag({ld_tag: 864, tu_tag: 862, st_tag: -1}), op_name: GEMM_Tile[n=4,m=9], dims: 16x512x768, tile_m: 16, strategy: Output Stationary})
macro_866: MacroOp({op_type: MacroOpType.LOAD, seq: 866, dep_tag: DependencyTag({ld_tag: 864, tu_tag: 865, st_tag: -1}), src_type: MemType.DRAM, dst_type: MemType.UNI_SRAM, dims: 768x512, comment: Load Weight_B_Tile[n=4,m=10]})
macro_867: MacroOp({op_type: MacroOpType.LOAD, seq: 867, dep_tag: DependencyTag({ld_tag: 866, tu_tag: 865, st_tag: -1}), src_type: MemType.DRAM, dst_type: MemType.UNI_SRAM, dims: 16x768, comment: Load Input_A_Tile[n=4,m=10]})
macro_868: MacroOp({op_type: MacroOpType.CONV, seq: 868, dep_tag: DependencyTag({ld_tag: 867, tu_tag: 865, st_tag: -1}), op_name: GEMM_Tile[n=4,m=10], dims: 16x512x768, tile_m: 16, strategy: Output Stationary})
macro_869: MacroOp({op_type: MacroOpType.LOAD, seq: 869, dep_tag: DependencyTag({ld_tag: 867, tu_tag: 868, st_tag: -1}), src_type: MemType.DRAM, dst_type: MemType.UNI_SRAM, dims: 768x512, comment: Load Weight_B_Tile[n=4,m=11]})
macro_870: MacroOp({op_type: MacroOpType.LOAD, seq: 870, dep_tag: DependencyTag({ld_tag: 869, tu_tag: 868, st_tag: -1}), src_type: MemType.DRAM, dst_type: MemType.UNI_SRAM, dims: 16x768, comment: Load Input_A_Tile[n=4,m=11]})
macro_871: MacroOp({op_type: MacroOpType.CONV, seq: 871, dep_tag: DependencyTag({ld_tag: 870, tu_tag: 868, st_tag: -1}), op_name: GEMM_Tile[n=4,m=11], dims: 16x512x768, tile_m: 16, strategy: Output Stationary})
macro_872: MacroOp({op_type: MacroOpType.LOAD, seq: 872, dep_tag: DependencyTag({ld_tag: 870, tu_tag: 871, st_tag: -1}), src_type: MemType.DRAM, dst_type: MemType.UNI_SRAM, dims: 768x512, comment: Load Weight_B_Tile[n=4,m=12]})
macro_873: MacroOp({op_type: MacroOpType.LOAD, seq: 873, dep_tag: DependencyTag({ld_tag: 872, tu_tag: 871, st_tag: -1}), src_type: MemType.DRAM, dst_type: MemType.UNI_SRAM, dims: 16x768, comment: Load Input_A_Tile[n=4,m=12]})
macro_874: MacroOp({op_type: MacroOpType.CONV, seq: 874, dep_tag: DependencyTag({ld_tag: 873, tu_tag: 871, st_tag: -1}), op_name: GEMM_Tile[n=4,m=12], dims: 16x512x768, tile_m: 16, strategy: Output Stationary})
macro_875: MacroOp({op_type: MacroOpType.LOAD, seq: 875, dep_tag: DependencyTag({ld_tag: 873, tu_tag: 874, st_tag: -1}), src_type: MemType.DRAM, dst_type: MemType.UNI_SRAM, dims: 768x512, comment: Load Weight_B_Tile[n=4,m=13]})
macro_876: MacroOp({op_type: MacroOpType.LOAD, seq: 876, dep_tag: DependencyTag({ld_tag: 875, tu_tag: 874, st_tag: -1}), src_type: MemType.DRAM, dst_type: MemType.UNI_SRAM, dims: 16x768, comment: Load Input_A_Tile[n=4,m=13]})
macro_877: MacroOp({op_type: MacroOpType.CONV, seq: 877, dep_tag: DependencyTag({ld_tag: 876, tu_tag: 874, st_tag: -1}), op_name: GEMM_Tile[n=4,m=13], dims: 16x512x768, tile_m: 16, strategy: Output Stationary})
macro_878: MacroOp({op_type: MacroOpType.LOAD, seq: 878, dep_tag: DependencyTag({ld_tag: 876, tu_tag: 877, st_tag: -1}), src_type: MemType.DRAM, dst_type: MemType.UNI_SRAM, dims: 768x512, comment: Load Weight_B_Tile[n=4,m=14]})
macro_879: MacroOp({op_type: MacroOpType.LOAD, seq: 879, dep_tag: DependencyTag({ld_tag: 878, tu_tag: 877, st_tag: -1}), src_type: MemType.DRAM, dst_type: MemType.UNI_SRAM, dims: 16x768, comment: Load Input_A_Tile[n=4,m=14]})
macro_880: MacroOp({op_type: MacroOpType.CONV, seq: 880, dep_tag: DependencyTag({ld_tag: 879, tu_tag: 877, st_tag: -1}), op_name: GEMM_Tile[n=4,m=14], dims: 16x512x768, tile_m: 16, strategy: Output Stationary})
macro_881: MacroOp({op_type: MacroOpType.LOAD, seq: 881, dep_tag: DependencyTag({ld_tag: 879, tu_tag: 880, st_tag: -1}), src_type: MemType.DRAM, dst_type: MemType.UNI_SRAM, dims: 768x512, comment: Load Weight_B_Tile[n=4,m=15]})
macro_882: MacroOp({op_type: MacroOpType.LOAD, seq: 882, dep_tag: DependencyTag({ld_tag: 881, tu_tag: 880, st_tag: -1}), src_type: MemType.DRAM, dst_type: MemType.UNI_SRAM, dims: 16x768, comment: Load Input_A_Tile[n=4,m=15]})
macro_883: MacroOp({op_type: MacroOpType.CONV, seq: 883, dep_tag: DependencyTag({ld_tag: 882, tu_tag: 880, st_tag: -1}), op_name: GEMM_Tile[n=4,m=15], dims: 16x512x768, tile_m: 16, strategy: Output Stationary})
macro_884: MacroOp({op_type: MacroOpType.LOAD, seq: 884, dep_tag: DependencyTag({ld_tag: 882, tu_tag: 883, st_tag: -1}), src_type: MemType.DRAM, dst_type: MemType.UNI_SRAM, dims: 768x512, comment: Load Weight_B_Tile[n=4,m=16]})
macro_885: MacroOp({op_type: MacroOpType.LOAD, seq: 885, dep_tag: DependencyTag({ld_tag: 884, tu_tag: 883, st_tag: -1}), src_type: MemType.DRAM, dst_type: MemType.UNI_SRAM, dims: 16x768, comment: Load Input_A_Tile[n=4,m=16]})
macro_886: MacroOp({op_type: MacroOpType.CONV, seq: 886, dep_tag: DependencyTag({ld_tag: 885, tu_tag: 883, st_tag: -1}), op_name: GEMM_Tile[n=4,m=16], dims: 16x512x768, tile_m: 16, strategy: Output Stationary})
macro_887: MacroOp({op_type: MacroOpType.LOAD, seq: 887, dep_tag: DependencyTag({ld_tag: 885, tu_tag: 886, st_tag: -1}), src_type: MemType.DRAM, dst_type: MemType.UNI_SRAM, dims: 768x512, comment: Load Weight_B_Tile[n=4,m=17]})
macro_888: MacroOp({op_type: MacroOpType.LOAD, seq: 888, dep_tag: DependencyTag({ld_tag: 887, tu_tag: 886, st_tag: -1}), src_type: MemType.DRAM, dst_type: MemType.UNI_SRAM, dims: 16x768, comment: Load Input_A_Tile[n=4,m=17]})
macro_889: MacroOp({op_type: MacroOpType.CONV, seq: 889, dep_tag: DependencyTag({ld_tag: 888, tu_tag: 886, st_tag: -1}), op_name: GEMM_Tile[n=4,m=17], dims: 16x512x768, tile_m: 16, strategy: Output Stationary})
macro_890: MacroOp({op_type: MacroOpType.LOAD, seq: 890, dep_tag: DependencyTag({ld_tag: 888, tu_tag: 889, st_tag: -1}), src_type: MemType.DRAM, dst_type: MemType.UNI_SRAM, dims: 768x512, comment: Load Weight_B_Tile[n=4,m=18]})
macro_891: MacroOp({op_type: MacroOpType.LOAD, seq: 891, dep_tag: DependencyTag({ld_tag: 890, tu_tag: 889, st_tag: -1}), src_type: MemType.DRAM, dst_type: MemType.UNI_SRAM, dims: 16x768, comment: Load Input_A_Tile[n=4,m=18]})
macro_892: MacroOp({op_type: MacroOpType.CONV, seq: 892, dep_tag: DependencyTag({ld_tag: 891, tu_tag: 889, st_tag: -1}), op_name: GEMM_Tile[n=4,m=18], dims: 16x512x768, tile_m: 16, strategy: Output Stationary})
macro_893: MacroOp({op_type: MacroOpType.LOAD, seq: 893, dep_tag: DependencyTag({ld_tag: 891, tu_tag: 892, st_tag: -1}), src_type: MemType.DRAM, dst_type: MemType.UNI_SRAM, dims: 768x512, comment: Load Weight_B_Tile[n=4,m=19]})
macro_894: MacroOp({op_type: MacroOpType.LOAD, seq: 894, dep_tag: DependencyTag({ld_tag: 893, tu_tag: 892, st_tag: -1}), src_type: MemType.DRAM, dst_type: MemType.UNI_SRAM, dims: 16x768, comment: Load Input_A_Tile[n=4,m=19]})
macro_895: MacroOp({op_type: MacroOpType.CONV, seq: 895, dep_tag: DependencyTag({ld_tag: 894, tu_tag: 892, st_tag: -1}), op_name: GEMM_Tile[n=4,m=19], dims: 16x512x768, tile_m: 16, strategy: Output Stationary})
macro_896: MacroOp({op_type: MacroOpType.LOAD, seq: 896, dep_tag: DependencyTag({ld_tag: 894, tu_tag: 895, st_tag: -1}), src_type: MemType.DRAM, dst_type: MemType.UNI_SRAM, dims: 768x512, comment: Load Weight_B_Tile[n=4,m=20]})
macro_897: MacroOp({op_type: MacroOpType.LOAD, seq: 897, dep_tag: DependencyTag({ld_tag: 896, tu_tag: 895, st_tag: -1}), src_type: MemType.DRAM, dst_type: MemType.UNI_SRAM, dims: 16x768, comment: Load Input_A_Tile[n=4,m=20]})
macro_898: MacroOp({op_type: MacroOpType.CONV, seq: 898, dep_tag: DependencyTag({ld_tag: 897, tu_tag: 895, st_tag: -1}), op_name: GEMM_Tile[n=4,m=20], dims: 16x512x768, tile_m: 16, strategy: Output Stationary})
macro_899: MacroOp({op_type: MacroOpType.LOAD, seq: 899, dep_tag: DependencyTag({ld_tag: 897, tu_tag: 898, st_tag: -1}), src_type: MemType.DRAM, dst_type: MemType.UNI_SRAM, dims: 768x512, comment: Load Weight_B_Tile[n=4,m=21]})
macro_900: MacroOp({op_type: MacroOpType.LOAD, seq: 900, dep_tag: DependencyTag({ld_tag: 899, tu_tag: 898, st_tag: -1}), src_type: MemType.DRAM, dst_type: MemType.UNI_SRAM, dims: 16x768, comment: Load Input_A_Tile[n=4,m=21]})
macro_901: MacroOp({op_type: MacroOpType.CONV, seq: 901, dep_tag: DependencyTag({ld_tag: 900, tu_tag: 898, st_tag: -1}), op_name: GEMM_Tile[n=4,m=21], dims: 16x512x768, tile_m: 16, strategy: Output Stationary})
macro_902: MacroOp({op_type: MacroOpType.LOAD, seq: 902, dep_tag: DependencyTag({ld_tag: 900, tu_tag: 901, st_tag: -1}), src_type: MemType.DRAM, dst_type: MemType.UNI_SRAM, dims: 768x512, comment: Load Weight_B_Tile[n=4,m=22]})
macro_903: MacroOp({op_type: MacroOpType.LOAD, seq: 903, dep_tag: DependencyTag({ld_tag: 902, tu_tag: 901, st_tag: -1}), src_type: MemType.DRAM, dst_type: MemType.UNI_SRAM, dims: 16x768, comment: Load Input_A_Tile[n=4,m=22]})
macro_904: MacroOp({op_type: MacroOpType.CONV, seq: 904, dep_tag: DependencyTag({ld_tag: 903, tu_tag: 901, st_tag: -1}), op_name: GEMM_Tile[n=4,m=22], dims: 16x512x768, tile_m: 16, strategy: Output Stationary})
macro_905: MacroOp({op_type: MacroOpType.LOAD, seq: 905, dep_tag: DependencyTag({ld_tag: 903, tu_tag: 904, st_tag: -1}), src_type: MemType.DRAM, dst_type: MemType.UNI_SRAM, dims: 768x512, comment: Load Weight_B_Tile[n=4,m=23]})
macro_906: MacroOp({op_type: MacroOpType.LOAD, seq: 906, dep_tag: DependencyTag({ld_tag: 905, tu_tag: 904, st_tag: -1}), src_type: MemType.DRAM, dst_type: MemType.UNI_SRAM, dims: 16x768, comment: Load Input_A_Tile[n=4,m=23]})
macro_907: MacroOp({op_type: MacroOpType.CONV, seq: 907, dep_tag: DependencyTag({ld_tag: 906, tu_tag: 904, st_tag: -1}), op_name: GEMM_Tile[n=4,m=23], dims: 16x512x768, tile_m: 16, strategy: Output Stationary})
macro_908: MacroOp({op_type: MacroOpType.LOAD, seq: 908, dep_tag: DependencyTag({ld_tag: 906, tu_tag: 907, st_tag: -1}), src_type: MemType.DRAM, dst_type: MemType.UNI_SRAM, dims: 768x512, comment: Load Weight_B_Tile[n=4,m=24]})
macro_909: MacroOp({op_type: MacroOpType.LOAD, seq: 909, dep_tag: DependencyTag({ld_tag: 908, tu_tag: 907, st_tag: -1}), src_type: MemType.DRAM, dst_type: MemType.UNI_SRAM, dims: 16x768, comment: Load Input_A_Tile[n=4,m=24]})
macro_910: MacroOp({op_type: MacroOpType.CONV, seq: 910, dep_tag: DependencyTag({ld_tag: 909, tu_tag: 907, st_tag: -1}), op_name: GEMM_Tile[n=4,m=24], dims: 16x512x768, tile_m: 16, strategy: Output Stationary})
macro_911: MacroOp({op_type: MacroOpType.LOAD, seq: 911, dep_tag: DependencyTag({ld_tag: 909, tu_tag: 910, st_tag: -1}), src_type: MemType.DRAM, dst_type: MemType.UNI_SRAM, dims: 768x512, comment: Load Weight_B_Tile[n=4,m=25]})
macro_912: MacroOp({op_type: MacroOpType.LOAD, seq: 912, dep_tag: DependencyTag({ld_tag: 911, tu_tag: 910, st_tag: -1}), src_type: MemType.DRAM, dst_type: MemType.UNI_SRAM, dims: 16x768, comment: Load Input_A_Tile[n=4,m=25]})
macro_913: MacroOp({op_type: MacroOpType.CONV, seq: 913, dep_tag: DependencyTag({ld_tag: 912, tu_tag: 910, st_tag: -1}), op_name: GEMM_Tile[n=4,m=25], dims: 16x512x768, tile_m: 16, strategy: Output Stationary})
macro_914: MacroOp({op_type: MacroOpType.LOAD, seq: 914, dep_tag: DependencyTag({ld_tag: 912, tu_tag: 913, st_tag: -1}), src_type: MemType.DRAM, dst_type: MemType.UNI_SRAM, dims: 768x512, comment: Load Weight_B_Tile[n=4,m=26]})
macro_915: MacroOp({op_type: MacroOpType.LOAD, seq: 915, dep_tag: DependencyTag({ld_tag: 914, tu_tag: 913, st_tag: -1}), src_type: MemType.DRAM, dst_type: MemType.UNI_SRAM, dims: 16x768, comment: Load Input_A_Tile[n=4,m=26]})
macro_916: MacroOp({op_type: MacroOpType.CONV, seq: 916, dep_tag: DependencyTag({ld_tag: 915, tu_tag: 913, st_tag: -1}), op_name: GEMM_Tile[n=4,m=26], dims: 16x512x768, tile_m: 16, strategy: Output Stationary})
macro_917: MacroOp({op_type: MacroOpType.LOAD, seq: 917, dep_tag: DependencyTag({ld_tag: 915, tu_tag: 916, st_tag: -1}), src_type: MemType.DRAM, dst_type: MemType.UNI_SRAM, dims: 768x512, comment: Load Weight_B_Tile[n=4,m=27]})
macro_918: MacroOp({op_type: MacroOpType.LOAD, seq: 918, dep_tag: DependencyTag({ld_tag: 917, tu_tag: 916, st_tag: -1}), src_type: MemType.DRAM, dst_type: MemType.UNI_SRAM, dims: 16x768, comment: Load Input_A_Tile[n=4,m=27]})
macro_919: MacroOp({op_type: MacroOpType.CONV, seq: 919, dep_tag: DependencyTag({ld_tag: 918, tu_tag: 916, st_tag: -1}), op_name: GEMM_Tile[n=4,m=27], dims: 16x512x768, tile_m: 16, strategy: Output Stationary})
macro_920: MacroOp({op_type: MacroOpType.LOAD, seq: 920, dep_tag: DependencyTag({ld_tag: 918, tu_tag: 919, st_tag: -1}), src_type: MemType.DRAM, dst_type: MemType.UNI_SRAM, dims: 768x512, comment: Load Weight_B_Tile[n=4,m=28]})
macro_921: MacroOp({op_type: MacroOpType.LOAD, seq: 921, dep_tag: DependencyTag({ld_tag: 920, tu_tag: 919, st_tag: -1}), src_type: MemType.DRAM, dst_type: MemType.UNI_SRAM, dims: 16x768, comment: Load Input_A_Tile[n=4,m=28]})
macro_922: MacroOp({op_type: MacroOpType.CONV, seq: 922, dep_tag: DependencyTag({ld_tag: 921, tu_tag: 919, st_tag: -1}), op_name: GEMM_Tile[n=4,m=28], dims: 16x512x768, tile_m: 16, strategy: Output Stationary})
macro_923: MacroOp({op_type: MacroOpType.LOAD, seq: 923, dep_tag: DependencyTag({ld_tag: 921, tu_tag: 922, st_tag: -1}), src_type: MemType.DRAM, dst_type: MemType.UNI_SRAM, dims: 768x512, comment: Load Weight_B_Tile[n=4,m=29]})
macro_924: MacroOp({op_type: MacroOpType.LOAD, seq: 924, dep_tag: DependencyTag({ld_tag: 923, tu_tag: 922, st_tag: -1}), src_type: MemType.DRAM, dst_type: MemType.UNI_SRAM, dims: 16x768, comment: Load Input_A_Tile[n=4,m=29]})
macro_925: MacroOp({op_type: MacroOpType.CONV, seq: 925, dep_tag: DependencyTag({ld_tag: 924, tu_tag: 922, st_tag: -1}), op_name: GEMM_Tile[n=4,m=29], dims: 16x512x768, tile_m: 16, strategy: Output Stationary})
macro_926: MacroOp({op_type: MacroOpType.LOAD, seq: 926, dep_tag: DependencyTag({ld_tag: 924, tu_tag: 925, st_tag: -1}), src_type: MemType.DRAM, dst_type: MemType.UNI_SRAM, dims: 768x512, comment: Load Weight_B_Tile[n=4,m=30]})
macro_927: MacroOp({op_type: MacroOpType.LOAD, seq: 927, dep_tag: DependencyTag({ld_tag: 926, tu_tag: 925, st_tag: -1}), src_type: MemType.DRAM, dst_type: MemType.UNI_SRAM, dims: 16x768, comment: Load Input_A_Tile[n=4,m=30]})
macro_928: MacroOp({op_type: MacroOpType.CONV, seq: 928, dep_tag: DependencyTag({ld_tag: 927, tu_tag: 925, st_tag: -1}), op_name: GEMM_Tile[n=4,m=30], dims: 16x512x768, tile_m: 16, strategy: Output Stationary})
macro_929: MacroOp({op_type: MacroOpType.LOAD, seq: 929, dep_tag: DependencyTag({ld_tag: 927, tu_tag: 928, st_tag: -1}), src_type: MemType.DRAM, dst_type: MemType.UNI_SRAM, dims: 768x512, comment: Load Weight_B_Tile[n=4,m=31]})
macro_930: MacroOp({op_type: MacroOpType.LOAD, seq: 930, dep_tag: DependencyTag({ld_tag: 929, tu_tag: 928, st_tag: -1}), src_type: MemType.DRAM, dst_type: MemType.UNI_SRAM, dims: 16x768, comment: Load Input_A_Tile[n=4,m=31]})
macro_931: MacroOp({op_type: MacroOpType.CONV, seq: 931, dep_tag: DependencyTag({ld_tag: 930, tu_tag: 928, st_tag: -1}), op_name: GEMM_Tile[n=4,m=31], dims: 16x512x768, tile_m: 16, strategy: Output Stationary})
macro_932: MacroOp({op_type: MacroOpType.LOAD, seq: 932, dep_tag: DependencyTag({ld_tag: 930, tu_tag: 931, st_tag: -1}), src_type: MemType.DRAM, dst_type: MemType.UNI_SRAM, dims: 768x512, comment: Load Weight_B_Tile[n=5,m=0]})
macro_933: MacroOp({op_type: MacroOpType.LOAD, seq: 933, dep_tag: DependencyTag({ld_tag: 932, tu_tag: 931, st_tag: -1}), src_type: MemType.DRAM, dst_type: MemType.UNI_SRAM, dims: 16x768, comment: Load Input_A_Tile[n=5,m=0]})
macro_934: MacroOp({op_type: MacroOpType.CONV, seq: 934, dep_tag: DependencyTag({ld_tag: 933, tu_tag: 931, st_tag: -1}), op_name: GEMM_Tile[n=5,m=0], dims: 16x512x768, tile_m: 16, strategy: Output Stationary})
macro_935: MacroOp({op_type: MacroOpType.LOAD, seq: 935, dep_tag: DependencyTag({ld_tag: 933, tu_tag: 934, st_tag: -1}), src_type: MemType.DRAM, dst_type: MemType.UNI_SRAM, dims: 768x512, comment: Load Weight_B_Tile[n=5,m=1]})
macro_936: MacroOp({op_type: MacroOpType.LOAD, seq: 936, dep_tag: DependencyTag({ld_tag: 935, tu_tag: 934, st_tag: -1}), src_type: MemType.DRAM, dst_type: MemType.UNI_SRAM, dims: 16x768, comment: Load Input_A_Tile[n=5,m=1]})
macro_937: MacroOp({op_type: MacroOpType.CONV, seq: 937, dep_tag: DependencyTag({ld_tag: 936, tu_tag: 934, st_tag: -1}), op_name: GEMM_Tile[n=5,m=1], dims: 16x512x768, tile_m: 16, strategy: Output Stationary})
macro_938: MacroOp({op_type: MacroOpType.LOAD, seq: 938, dep_tag: DependencyTag({ld_tag: 936, tu_tag: 937, st_tag: -1}), src_type: MemType.DRAM, dst_type: MemType.UNI_SRAM, dims: 768x512, comment: Load Weight_B_Tile[n=5,m=2]})
macro_939: MacroOp({op_type: MacroOpType.LOAD, seq: 939, dep_tag: DependencyTag({ld_tag: 938, tu_tag: 937, st_tag: -1}), src_type: MemType.DRAM, dst_type: MemType.UNI_SRAM, dims: 16x768, comment: Load Input_A_Tile[n=5,m=2]})
macro_940: MacroOp({op_type: MacroOpType.CONV, seq: 940, dep_tag: DependencyTag({ld_tag: 939, tu_tag: 937, st_tag: -1}), op_name: GEMM_Tile[n=5,m=2], dims: 16x512x768, tile_m: 16, strategy: Output Stationary})
macro_941: MacroOp({op_type: MacroOpType.LOAD, seq: 941, dep_tag: DependencyTag({ld_tag: 939, tu_tag: 940, st_tag: -1}), src_type: MemType.DRAM, dst_type: MemType.UNI_SRAM, dims: 768x512, comment: Load Weight_B_Tile[n=5,m=3]})
macro_942: MacroOp({op_type: MacroOpType.LOAD, seq: 942, dep_tag: DependencyTag({ld_tag: 941, tu_tag: 940, st_tag: -1}), src_type: MemType.DRAM, dst_type: MemType.UNI_SRAM, dims: 16x768, comment: Load Input_A_Tile[n=5,m=3]})
macro_943: MacroOp({op_type: MacroOpType.CONV, seq: 943, dep_tag: DependencyTag({ld_tag: 942, tu_tag: 940, st_tag: -1}), op_name: GEMM_Tile[n=5,m=3], dims: 16x512x768, tile_m: 16, strategy: Output Stationary})
macro_944: MacroOp({op_type: MacroOpType.LOAD, seq: 944, dep_tag: DependencyTag({ld_tag: 942, tu_tag: 943, st_tag: -1}), src_type: MemType.DRAM, dst_type: MemType.UNI_SRAM, dims: 768x512, comment: Load Weight_B_Tile[n=5,m=4]})
macro_945: MacroOp({op_type: MacroOpType.LOAD, seq: 945, dep_tag: DependencyTag({ld_tag: 944, tu_tag: 943, st_tag: -1}), src_type: MemType.DRAM, dst_type: MemType.UNI_SRAM, dims: 16x768, comment: Load Input_A_Tile[n=5,m=4]})
macro_946: MacroOp({op_type: MacroOpType.CONV, seq: 946, dep_tag: DependencyTag({ld_tag: 945, tu_tag: 943, st_tag: -1}), op_name: GEMM_Tile[n=5,m=4], dims: 16x512x768, tile_m: 16, strategy: Output Stationary})
macro_947: MacroOp({op_type: MacroOpType.LOAD, seq: 947, dep_tag: DependencyTag({ld_tag: 945, tu_tag: 946, st_tag: -1}), src_type: MemType.DRAM, dst_type: MemType.UNI_SRAM, dims: 768x512, comment: Load Weight_B_Tile[n=5,m=5]})
macro_948: MacroOp({op_type: MacroOpType.LOAD, seq: 948, dep_tag: DependencyTag({ld_tag: 947, tu_tag: 946, st_tag: -1}), src_type: MemType.DRAM, dst_type: MemType.UNI_SRAM, dims: 16x768, comment: Load Input_A_Tile[n=5,m=5]})
macro_949: MacroOp({op_type: MacroOpType.CONV, seq: 949, dep_tag: DependencyTag({ld_tag: 948, tu_tag: 946, st_tag: -1}), op_name: GEMM_Tile[n=5,m=5], dims: 16x512x768, tile_m: 16, strategy: Output Stationary})
macro_950: MacroOp({op_type: MacroOpType.LOAD, seq: 950, dep_tag: DependencyTag({ld_tag: 948, tu_tag: 949, st_tag: -1}), src_type: MemType.DRAM, dst_type: MemType.UNI_SRAM, dims: 768x512, comment: Load Weight_B_Tile[n=5,m=6]})
macro_951: MacroOp({op_type: MacroOpType.LOAD, seq: 951, dep_tag: DependencyTag({ld_tag: 950, tu_tag: 949, st_tag: -1}), src_type: MemType.DRAM, dst_type: MemType.UNI_SRAM, dims: 16x768, comment: Load Input_A_Tile[n=5,m=6]})
macro_952: MacroOp({op_type: MacroOpType.CONV, seq: 952, dep_tag: DependencyTag({ld_tag: 951, tu_tag: 949, st_tag: -1}), op_name: GEMM_Tile[n=5,m=6], dims: 16x512x768, tile_m: 16, strategy: Output Stationary})
macro_953: MacroOp({op_type: MacroOpType.LOAD, seq: 953, dep_tag: DependencyTag({ld_tag: 951, tu_tag: 952, st_tag: -1}), src_type: MemType.DRAM, dst_type: MemType.UNI_SRAM, dims: 768x512, comment: Load Weight_B_Tile[n=5,m=7]})
macro_954: MacroOp({op_type: MacroOpType.LOAD, seq: 954, dep_tag: DependencyTag({ld_tag: 953, tu_tag: 952, st_tag: -1}), src_type: MemType.DRAM, dst_type: MemType.UNI_SRAM, dims: 16x768, comment: Load Input_A_Tile[n=5,m=7]})
macro_955: MacroOp({op_type: MacroOpType.CONV, seq: 955, dep_tag: DependencyTag({ld_tag: 954, tu_tag: 952, st_tag: -1}), op_name: GEMM_Tile[n=5,m=7], dims: 16x512x768, tile_m: 16, strategy: Output Stationary})
macro_956: MacroOp({op_type: MacroOpType.LOAD, seq: 956, dep_tag: DependencyTag({ld_tag: 954, tu_tag: 955, st_tag: -1}), src_type: MemType.DRAM, dst_type: MemType.UNI_SRAM, dims: 768x512, comment: Load Weight_B_Tile[n=5,m=8]})
macro_957: MacroOp({op_type: MacroOpType.LOAD, seq: 957, dep_tag: DependencyTag({ld_tag: 956, tu_tag: 955, st_tag: -1}), src_type: MemType.DRAM, dst_type: MemType.UNI_SRAM, dims: 16x768, comment: Load Input_A_Tile[n=5,m=8]})
macro_958: MacroOp({op_type: MacroOpType.CONV, seq: 958, dep_tag: DependencyTag({ld_tag: 957, tu_tag: 955, st_tag: -1}), op_name: GEMM_Tile[n=5,m=8], dims: 16x512x768, tile_m: 16, strategy: Output Stationary})
macro_959: MacroOp({op_type: MacroOpType.LOAD, seq: 959, dep_tag: DependencyTag({ld_tag: 957, tu_tag: 958, st_tag: -1}), src_type: MemType.DRAM, dst_type: MemType.UNI_SRAM, dims: 768x512, comment: Load Weight_B_Tile[n=5,m=9]})
macro_960: MacroOp({op_type: MacroOpType.LOAD, seq: 960, dep_tag: DependencyTag({ld_tag: 959, tu_tag: 958, st_tag: -1}), src_type: MemType.DRAM, dst_type: MemType.UNI_SRAM, dims: 16x768, comment: Load Input_A_Tile[n=5,m=9]})
macro_961: MacroOp({op_type: MacroOpType.CONV, seq: 961, dep_tag: DependencyTag({ld_tag: 960, tu_tag: 958, st_tag: -1}), op_name: GEMM_Tile[n=5,m=9], dims: 16x512x768, tile_m: 16, strategy: Output Stationary})
macro_962: MacroOp({op_type: MacroOpType.LOAD, seq: 962, dep_tag: DependencyTag({ld_tag: 960, tu_tag: 961, st_tag: -1}), src_type: MemType.DRAM, dst_type: MemType.UNI_SRAM, dims: 768x512, comment: Load Weight_B_Tile[n=5,m=10]})
macro_963: MacroOp({op_type: MacroOpType.LOAD, seq: 963, dep_tag: DependencyTag({ld_tag: 962, tu_tag: 961, st_tag: -1}), src_type: MemType.DRAM, dst_type: MemType.UNI_SRAM, dims: 16x768, comment: Load Input_A_Tile[n=5,m=10]})
macro_964: MacroOp({op_type: MacroOpType.CONV, seq: 964, dep_tag: DependencyTag({ld_tag: 963, tu_tag: 961, st_tag: -1}), op_name: GEMM_Tile[n=5,m=10], dims: 16x512x768, tile_m: 16, strategy: Output Stationary})
macro_965: MacroOp({op_type: MacroOpType.LOAD, seq: 965, dep_tag: DependencyTag({ld_tag: 963, tu_tag: 964, st_tag: -1}), src_type: MemType.DRAM, dst_type: MemType.UNI_SRAM, dims: 768x512, comment: Load Weight_B_Tile[n=5,m=11]})
macro_966: MacroOp({op_type: MacroOpType.LOAD, seq: 966, dep_tag: DependencyTag({ld_tag: 965, tu_tag: 964, st_tag: -1}), src_type: MemType.DRAM, dst_type: MemType.UNI_SRAM, dims: 16x768, comment: Load Input_A_Tile[n=5,m=11]})
macro_967: MacroOp({op_type: MacroOpType.CONV, seq: 967, dep_tag: DependencyTag({ld_tag: 966, tu_tag: 964, st_tag: -1}), op_name: GEMM_Tile[n=5,m=11], dims: 16x512x768, tile_m: 16, strategy: Output Stationary})
macro_968: MacroOp({op_type: MacroOpType.LOAD, seq: 968, dep_tag: DependencyTag({ld_tag: 966, tu_tag: 967, st_tag: -1}), src_type: MemType.DRAM, dst_type: MemType.UNI_SRAM, dims: 768x512, comment: Load Weight_B_Tile[n=5,m=12]})
macro_969: MacroOp({op_type: MacroOpType.LOAD, seq: 969, dep_tag: DependencyTag({ld_tag: 968, tu_tag: 967, st_tag: -1}), src_type: MemType.DRAM, dst_type: MemType.UNI_SRAM, dims: 16x768, comment: Load Input_A_Tile[n=5,m=12]})
macro_970: MacroOp({op_type: MacroOpType.CONV, seq: 970, dep_tag: DependencyTag({ld_tag: 969, tu_tag: 967, st_tag: -1}), op_name: GEMM_Tile[n=5,m=12], dims: 16x512x768, tile_m: 16, strategy: Output Stationary})
macro_971: MacroOp({op_type: MacroOpType.LOAD, seq: 971, dep_tag: DependencyTag({ld_tag: 969, tu_tag: 970, st_tag: -1}), src_type: MemType.DRAM, dst_type: MemType.UNI_SRAM, dims: 768x512, comment: Load Weight_B_Tile[n=5,m=13]})
macro_972: MacroOp({op_type: MacroOpType.LOAD, seq: 972, dep_tag: DependencyTag({ld_tag: 971, tu_tag: 970, st_tag: -1}), src_type: MemType.DRAM, dst_type: MemType.UNI_SRAM, dims: 16x768, comment: Load Input_A_Tile[n=5,m=13]})
macro_973: MacroOp({op_type: MacroOpType.CONV, seq: 973, dep_tag: DependencyTag({ld_tag: 972, tu_tag: 970, st_tag: -1}), op_name: GEMM_Tile[n=5,m=13], dims: 16x512x768, tile_m: 16, strategy: Output Stationary})
macro_974: MacroOp({op_type: MacroOpType.LOAD, seq: 974, dep_tag: DependencyTag({ld_tag: 972, tu_tag: 973, st_tag: -1}), src_type: MemType.DRAM, dst_type: MemType.UNI_SRAM, dims: 768x512, comment: Load Weight_B_Tile[n=5,m=14]})
macro_975: MacroOp({op_type: MacroOpType.LOAD, seq: 975, dep_tag: DependencyTag({ld_tag: 974, tu_tag: 973, st_tag: -1}), src_type: MemType.DRAM, dst_type: MemType.UNI_SRAM, dims: 16x768, comment: Load Input_A_Tile[n=5,m=14]})
macro_976: MacroOp({op_type: MacroOpType.CONV, seq: 976, dep_tag: DependencyTag({ld_tag: 975, tu_tag: 973, st_tag: -1}), op_name: GEMM_Tile[n=5,m=14], dims: 16x512x768, tile_m: 16, strategy: Output Stationary})
macro_977: MacroOp({op_type: MacroOpType.LOAD, seq: 977, dep_tag: DependencyTag({ld_tag: 975, tu_tag: 976, st_tag: -1}), src_type: MemType.DRAM, dst_type: MemType.UNI_SRAM, dims: 768x512, comment: Load Weight_B_Tile[n=5,m=15]})
macro_978: MacroOp({op_type: MacroOpType.LOAD, seq: 978, dep_tag: DependencyTag({ld_tag: 977, tu_tag: 976, st_tag: -1}), src_type: MemType.DRAM, dst_type: MemType.UNI_SRAM, dims: 16x768, comment: Load Input_A_Tile[n=5,m=15]})
macro_979: MacroOp({op_type: MacroOpType.CONV, seq: 979, dep_tag: DependencyTag({ld_tag: 978, tu_tag: 976, st_tag: -1}), op_name: GEMM_Tile[n=5,m=15], dims: 16x512x768, tile_m: 16, strategy: Output Stationary})
macro_980: MacroOp({op_type: MacroOpType.LOAD, seq: 980, dep_tag: DependencyTag({ld_tag: 978, tu_tag: 979, st_tag: -1}), src_type: MemType.DRAM, dst_type: MemType.UNI_SRAM, dims: 768x512, comment: Load Weight_B_Tile[n=5,m=16]})
macro_981: MacroOp({op_type: MacroOpType.LOAD, seq: 981, dep_tag: DependencyTag({ld_tag: 980, tu_tag: 979, st_tag: -1}), src_type: MemType.DRAM, dst_type: MemType.UNI_SRAM, dims: 16x768, comment: Load Input_A_Tile[n=5,m=16]})
macro_982: MacroOp({op_type: MacroOpType.CONV, seq: 982, dep_tag: DependencyTag({ld_tag: 981, tu_tag: 979, st_tag: -1}), op_name: GEMM_Tile[n=5,m=16], dims: 16x512x768, tile_m: 16, strategy: Output Stationary})
macro_983: MacroOp({op_type: MacroOpType.LOAD, seq: 983, dep_tag: DependencyTag({ld_tag: 981, tu_tag: 982, st_tag: -1}), src_type: MemType.DRAM, dst_type: MemType.UNI_SRAM, dims: 768x512, comment: Load Weight_B_Tile[n=5,m=17]})
macro_984: MacroOp({op_type: MacroOpType.LOAD, seq: 984, dep_tag: DependencyTag({ld_tag: 983, tu_tag: 982, st_tag: -1}), src_type: MemType.DRAM, dst_type: MemType.UNI_SRAM, dims: 16x768, comment: Load Input_A_Tile[n=5,m=17]})
macro_985: MacroOp({op_type: MacroOpType.CONV, seq: 985, dep_tag: DependencyTag({ld_tag: 984, tu_tag: 982, st_tag: -1}), op_name: GEMM_Tile[n=5,m=17], dims: 16x512x768, tile_m: 16, strategy: Output Stationary})
macro_986: MacroOp({op_type: MacroOpType.LOAD, seq: 986, dep_tag: DependencyTag({ld_tag: 984, tu_tag: 985, st_tag: -1}), src_type: MemType.DRAM, dst_type: MemType.UNI_SRAM, dims: 768x512, comment: Load Weight_B_Tile[n=5,m=18]})
macro_987: MacroOp({op_type: MacroOpType.LOAD, seq: 987, dep_tag: DependencyTag({ld_tag: 986, tu_tag: 985, st_tag: -1}), src_type: MemType.DRAM, dst_type: MemType.UNI_SRAM, dims: 16x768, comment: Load Input_A_Tile[n=5,m=18]})
macro_988: MacroOp({op_type: MacroOpType.CONV, seq: 988, dep_tag: DependencyTag({ld_tag: 987, tu_tag: 985, st_tag: -1}), op_name: GEMM_Tile[n=5,m=18], dims: 16x512x768, tile_m: 16, strategy: Output Stationary})
macro_989: MacroOp({op_type: MacroOpType.LOAD, seq: 989, dep_tag: DependencyTag({ld_tag: 987, tu_tag: 988, st_tag: -1}), src_type: MemType.DRAM, dst_type: MemType.UNI_SRAM, dims: 768x512, comment: Load Weight_B_Tile[n=5,m=19]})
macro_990: MacroOp({op_type: MacroOpType.LOAD, seq: 990, dep_tag: DependencyTag({ld_tag: 989, tu_tag: 988, st_tag: -1}), src_type: MemType.DRAM, dst_type: MemType.UNI_SRAM, dims: 16x768, comment: Load Input_A_Tile[n=5,m=19]})
macro_991: MacroOp({op_type: MacroOpType.CONV, seq: 991, dep_tag: DependencyTag({ld_tag: 990, tu_tag: 988, st_tag: -1}), op_name: GEMM_Tile[n=5,m=19], dims: 16x512x768, tile_m: 16, strategy: Output Stationary})
macro_992: MacroOp({op_type: MacroOpType.LOAD, seq: 992, dep_tag: DependencyTag({ld_tag: 990, tu_tag: 991, st_tag: -1}), src_type: MemType.DRAM, dst_type: MemType.UNI_SRAM, dims: 768x512, comment: Load Weight_B_Tile[n=5,m=20]})
macro_993: MacroOp({op_type: MacroOpType.LOAD, seq: 993, dep_tag: DependencyTag({ld_tag: 992, tu_tag: 991, st_tag: -1}), src_type: MemType.DRAM, dst_type: MemType.UNI_SRAM, dims: 16x768, comment: Load Input_A_Tile[n=5,m=20]})
macro_994: MacroOp({op_type: MacroOpType.CONV, seq: 994, dep_tag: DependencyTag({ld_tag: 993, tu_tag: 991, st_tag: -1}), op_name: GEMM_Tile[n=5,m=20], dims: 16x512x768, tile_m: 16, strategy: Output Stationary})
macro_995: MacroOp({op_type: MacroOpType.LOAD, seq: 995, dep_tag: DependencyTag({ld_tag: 993, tu_tag: 994, st_tag: -1}), src_type: MemType.DRAM, dst_type: MemType.UNI_SRAM, dims: 768x512, comment: Load Weight_B_Tile[n=5,m=21]})
macro_996: MacroOp({op_type: MacroOpType.LOAD, seq: 996, dep_tag: DependencyTag({ld_tag: 995, tu_tag: 994, st_tag: -1}), src_type: MemType.DRAM, dst_type: MemType.UNI_SRAM, dims: 16x768, comment: Load Input_A_Tile[n=5,m=21]})
macro_997: MacroOp({op_type: MacroOpType.CONV, seq: 997, dep_tag: DependencyTag({ld_tag: 996, tu_tag: 994, st_tag: -1}), op_name: GEMM_Tile[n=5,m=21], dims: 16x512x768, tile_m: 16, strategy: Output Stationary})
macro_998: MacroOp({op_type: MacroOpType.LOAD, seq: 998, dep_tag: DependencyTag({ld_tag: 996, tu_tag: 997, st_tag: -1}), src_type: MemType.DRAM, dst_type: MemType.UNI_SRAM, dims: 768x512, comment: Load Weight_B_Tile[n=5,m=22]})
macro_999: MacroOp({op_type: MacroOpType.LOAD, seq: 999, dep_tag: DependencyTag({ld_tag: 998, tu_tag: 997, st_tag: -1}), src_type: MemType.DRAM, dst_type: MemType.UNI_SRAM, dims: 16x768, comment: Load Input_A_Tile[n=5,m=22]})
macro_1000: MacroOp({op_type: MacroOpType.CONV, seq: 1000, dep_tag: DependencyTag({ld_tag: 999, tu_tag: 997, st_tag: -1}), op_name: GEMM_Tile[n=5,m=22], dims: 16x512x768, tile_m: 16, strategy: Output Stationary})
macro_1001: MacroOp({op_type: MacroOpType.LOAD, seq: 1001, dep_tag: DependencyTag({ld_tag: 999, tu_tag: 1000, st_tag: -1}), src_type: MemType.DRAM, dst_type: MemType.UNI_SRAM, dims: 768x512, comment: Load Weight_B_Tile[n=5,m=23]})
macro_1002: MacroOp({op_type: MacroOpType.LOAD, seq: 1002, dep_tag: DependencyTag({ld_tag: 1001, tu_tag: 1000, st_tag: -1}), src_type: MemType.DRAM, dst_type: MemType.UNI_SRAM, dims: 16x768, comment: Load Input_A_Tile[n=5,m=23]})
macro_1003: MacroOp({op_type: MacroOpType.CONV, seq: 1003, dep_tag: DependencyTag({ld_tag: 1002, tu_tag: 1000, st_tag: -1}), op_name: GEMM_Tile[n=5,m=23], dims: 16x512x768, tile_m: 16, strategy: Output Stationary})
macro_1004: MacroOp({op_type: MacroOpType.LOAD, seq: 1004, dep_tag: DependencyTag({ld_tag: 1002, tu_tag: 1003, st_tag: -1}), src_type: MemType.DRAM, dst_type: MemType.UNI_SRAM, dims: 768x512, comment: Load Weight_B_Tile[n=5,m=24]})
macro_1005: MacroOp({op_type: MacroOpType.LOAD, seq: 1005, dep_tag: DependencyTag({ld_tag: 1004, tu_tag: 1003, st_tag: -1}), src_type: MemType.DRAM, dst_type: MemType.UNI_SRAM, dims: 16x768, comment: Load Input_A_Tile[n=5,m=24]})
macro_1006: MacroOp({op_type: MacroOpType.CONV, seq: 1006, dep_tag: DependencyTag({ld_tag: 1005, tu_tag: 1003, st_tag: -1}), op_name: GEMM_Tile[n=5,m=24], dims: 16x512x768, tile_m: 16, strategy: Output Stationary})
macro_1007: MacroOp({op_type: MacroOpType.LOAD, seq: 1007, dep_tag: DependencyTag({ld_tag: 1005, tu_tag: 1006, st_tag: -1}), src_type: MemType.DRAM, dst_type: MemType.UNI_SRAM, dims: 768x512, comment: Load Weight_B_Tile[n=5,m=25]})
macro_1008: MacroOp({op_type: MacroOpType.LOAD, seq: 1008, dep_tag: DependencyTag({ld_tag: 1007, tu_tag: 1006, st_tag: -1}), src_type: MemType.DRAM, dst_type: MemType.UNI_SRAM, dims: 16x768, comment: Load Input_A_Tile[n=5,m=25]})
macro_1009: MacroOp({op_type: MacroOpType.CONV, seq: 1009, dep_tag: DependencyTag({ld_tag: 1008, tu_tag: 1006, st_tag: -1}), op_name: GEMM_Tile[n=5,m=25], dims: 16x512x768, tile_m: 16, strategy: Output Stationary})
macro_1010: MacroOp({op_type: MacroOpType.LOAD, seq: 1010, dep_tag: DependencyTag({ld_tag: 1008, tu_tag: 1009, st_tag: -1}), src_type: MemType.DRAM, dst_type: MemType.UNI_SRAM, dims: 768x512, comment: Load Weight_B_Tile[n=5,m=26]})
macro_1011: MacroOp({op_type: MacroOpType.LOAD, seq: 1011, dep_tag: DependencyTag({ld_tag: 1010, tu_tag: 1009, st_tag: -1}), src_type: MemType.DRAM, dst_type: MemType.UNI_SRAM, dims: 16x768, comment: Load Input_A_Tile[n=5,m=26]})
macro_1012: MacroOp({op_type: MacroOpType.CONV, seq: 1012, dep_tag: DependencyTag({ld_tag: 1011, tu_tag: 1009, st_tag: -1}), op_name: GEMM_Tile[n=5,m=26], dims: 16x512x768, tile_m: 16, strategy: Output Stationary})
macro_1013: MacroOp({op_type: MacroOpType.LOAD, seq: 1013, dep_tag: DependencyTag({ld_tag: 1011, tu_tag: 1012, st_tag: -1}), src_type: MemType.DRAM, dst_type: MemType.UNI_SRAM, dims: 768x512, comment: Load Weight_B_Tile[n=5,m=27]})
macro_1014: MacroOp({op_type: MacroOpType.LOAD, seq: 1014, dep_tag: DependencyTag({ld_tag: 1013, tu_tag: 1012, st_tag: -1}), src_type: MemType.DRAM, dst_type: MemType.UNI_SRAM, dims: 16x768, comment: Load Input_A_Tile[n=5,m=27]})
macro_1015: MacroOp({op_type: MacroOpType.CONV, seq: 1015, dep_tag: DependencyTag({ld_tag: 1014, tu_tag: 1012, st_tag: -1}), op_name: GEMM_Tile[n=5,m=27], dims: 16x512x768, tile_m: 16, strategy: Output Stationary})
macro_1016: MacroOp({op_type: MacroOpType.LOAD, seq: 1016, dep_tag: DependencyTag({ld_tag: 1014, tu_tag: 1015, st_tag: -1}), src_type: MemType.DRAM, dst_type: MemType.UNI_SRAM, dims: 768x512, comment: Load Weight_B_Tile[n=5,m=28]})
macro_1017: MacroOp({op_type: MacroOpType.LOAD, seq: 1017, dep_tag: DependencyTag({ld_tag: 1016, tu_tag: 1015, st_tag: -1}), src_type: MemType.DRAM, dst_type: MemType.UNI_SRAM, dims: 16x768, comment: Load Input_A_Tile[n=5,m=28]})
macro_1018: MacroOp({op_type: MacroOpType.CONV, seq: 1018, dep_tag: DependencyTag({ld_tag: 1017, tu_tag: 1015, st_tag: -1}), op_name: GEMM_Tile[n=5,m=28], dims: 16x512x768, tile_m: 16, strategy: Output Stationary})
macro_1019: MacroOp({op_type: MacroOpType.LOAD, seq: 1019, dep_tag: DependencyTag({ld_tag: 1017, tu_tag: 1018, st_tag: -1}), src_type: MemType.DRAM, dst_type: MemType.UNI_SRAM, dims: 768x512, comment: Load Weight_B_Tile[n=5,m=29]})
macro_1020: MacroOp({op_type: MacroOpType.LOAD, seq: 1020, dep_tag: DependencyTag({ld_tag: 1019, tu_tag: 1018, st_tag: -1}), src_type: MemType.DRAM, dst_type: MemType.UNI_SRAM, dims: 16x768, comment: Load Input_A_Tile[n=5,m=29]})
macro_1021: MacroOp({op_type: MacroOpType.CONV, seq: 1021, dep_tag: DependencyTag({ld_tag: 1020, tu_tag: 1018, st_tag: -1}), op_name: GEMM_Tile[n=5,m=29], dims: 16x512x768, tile_m: 16, strategy: Output Stationary})
macro_1022: MacroOp({op_type: MacroOpType.LOAD, seq: 1022, dep_tag: DependencyTag({ld_tag: 1020, tu_tag: 1021, st_tag: -1}), src_type: MemType.DRAM, dst_type: MemType.UNI_SRAM, dims: 768x512, comment: Load Weight_B_Tile[n=5,m=30]})
macro_1023: MacroOp({op_type: MacroOpType.LOAD, seq: 1023, dep_tag: DependencyTag({ld_tag: 1022, tu_tag: 1021, st_tag: -1}), src_type: MemType.DRAM, dst_type: MemType.UNI_SRAM, dims: 16x768, comment: Load Input_A_Tile[n=5,m=30]})
macro_1024: MacroOp({op_type: MacroOpType.CONV, seq: 1024, dep_tag: DependencyTag({ld_tag: 1023, tu_tag: 1021, st_tag: -1}), op_name: GEMM_Tile[n=5,m=30], dims: 16x512x768, tile_m: 16, strategy: Output Stationary})
macro_1025: MacroOp({op_type: MacroOpType.LOAD, seq: 1025, dep_tag: DependencyTag({ld_tag: 1023, tu_tag: 1024, st_tag: -1}), src_type: MemType.DRAM, dst_type: MemType.UNI_SRAM, dims: 768x512, comment: Load Weight_B_Tile[n=5,m=31]})
macro_1026: MacroOp({op_type: MacroOpType.LOAD, seq: 1026, dep_tag: DependencyTag({ld_tag: 1025, tu_tag: 1024, st_tag: -1}), src_type: MemType.DRAM, dst_type: MemType.UNI_SRAM, dims: 16x768, comment: Load Input_A_Tile[n=5,m=31]})
macro_1027: MacroOp({op_type: MacroOpType.CONV, seq: 1027, dep_tag: DependencyTag({ld_tag: 1026, tu_tag: 1024, st_tag: -1}), op_name: GEMM_Tile[n=5,m=31], dims: 16x512x768, tile_m: 16, strategy: Output Stationary})
macro_1028: MacroOp({op_type: MacroOpType.VECTOR, seq: 1028, dep_tag: DependencyTag({ld_tag: -1, tu_tag: 1027, st_tag: -1}), op_name: Vector_GeLU, dims: 512x3072, src_type: MemType.VRF, dst_type: MemType.VRF})

[Layer Start] FFN_Down_Proj (512x768x3072)
macro_1029: MacroOp({op_type: MacroOpType.LOAD, seq: 1029, dep_tag: DependencyTag({ld_tag: 1026, tu_tag: 1028, st_tag: -1}), src_type: MemType.DRAM, dst_type: MemType.UNI_SRAM, dims: 3072x512, comment: Load Weight_B_Tile[n=0,m=0]})
macro_1030: MacroOp({op_type: MacroOpType.CONV, seq: 1030, dep_tag: DependencyTag({ld_tag: 1029, tu_tag: 1028, st_tag: -1}), op_name: GEMM_Tile[n=0,m=0], dims: 16x512x3072, tile_m: 16, strategy: Output Stationary})
macro_1031: MacroOp({op_type: MacroOpType.STORE, seq: 1031, dep_tag: DependencyTag({ld_tag: -1, tu_tag: 1030, st_tag: 451}), src_type: MemType.UNI_SRAM, dst_type: MemType.DRAM, dims: 16x512, comment: Store Output_C_Tile[n=0,m=0]})
macro_1032: MacroOp({op_type: MacroOpType.LOAD, seq: 1032, dep_tag: DependencyTag({ld_tag: 1029, tu_tag: 1030, st_tag: -1}), src_type: MemType.DRAM, dst_type: MemType.UNI_SRAM, dims: 3072x512, comment: Load Weight_B_Tile[n=0,m=1]})
macro_1033: MacroOp({op_type: MacroOpType.CONV, seq: 1033, dep_tag: DependencyTag({ld_tag: 1032, tu_tag: 1030, st_tag: -1}), op_name: GEMM_Tile[n=0,m=1], dims: 16x512x3072, tile_m: 16, strategy: Output Stationary})
macro_1034: MacroOp({op_type: MacroOpType.STORE, seq: 1034, dep_tag: DependencyTag({ld_tag: -1, tu_tag: 1033, st_tag: 1031}), src_type: MemType.UNI_SRAM, dst_type: MemType.DRAM, dims: 16x512, comment: Store Output_C_Tile[n=0,m=1]})
macro_1035: MacroOp({op_type: MacroOpType.LOAD, seq: 1035, dep_tag: DependencyTag({ld_tag: 1032, tu_tag: 1033, st_tag: -1}), src_type: MemType.DRAM, dst_type: MemType.UNI_SRAM, dims: 3072x512, comment: Load Weight_B_Tile[n=0,m=2]})
macro_1036: MacroOp({op_type: MacroOpType.CONV, seq: 1036, dep_tag: DependencyTag({ld_tag: 1035, tu_tag: 1033, st_tag: -1}), op_name: GEMM_Tile[n=0,m=2], dims: 16x512x3072, tile_m: 16, strategy: Output Stationary})
macro_1037: MacroOp({op_type: MacroOpType.STORE, seq: 1037, dep_tag: DependencyTag({ld_tag: -1, tu_tag: 1036, st_tag: 1034}), src_type: MemType.UNI_SRAM, dst_type: MemType.DRAM, dims: 16x512, comment: Store Output_C_Tile[n=0,m=2]})
macro_1038: MacroOp({op_type: MacroOpType.LOAD, seq: 1038, dep_tag: DependencyTag({ld_tag: 1035, tu_tag: 1036, st_tag: -1}), src_type: MemType.DRAM, dst_type: MemType.UNI_SRAM, dims: 3072x512, comment: Load Weight_B_Tile[n=0,m=3]})
macro_1039: MacroOp({op_type: MacroOpType.CONV, seq: 1039, dep_tag: DependencyTag({ld_tag: 1038, tu_tag: 1036, st_tag: -1}), op_name: GEMM_Tile[n=0,m=3], dims: 16x512x3072, tile_m: 16, strategy: Output Stationary})
macro_1040: MacroOp({op_type: MacroOpType.STORE, seq: 1040, dep_tag: DependencyTag({ld_tag: -1, tu_tag: 1039, st_tag: 1037}), src_type: MemType.UNI_SRAM, dst_type: MemType.DRAM, dims: 16x512, comment: Store Output_C_Tile[n=0,m=3]})
macro_1041: MacroOp({op_type: MacroOpType.LOAD, seq: 1041, dep_tag: DependencyTag({ld_tag: 1038, tu_tag: 1039, st_tag: -1}), src_type: MemType.DRAM, dst_type: MemType.UNI_SRAM, dims: 3072x512, comment: Load Weight_B_Tile[n=0,m=4]})
macro_1042: MacroOp({op_type: MacroOpType.CONV, seq: 1042, dep_tag: DependencyTag({ld_tag: 1041, tu_tag: 1039, st_tag: -1}), op_name: GEMM_Tile[n=0,m=4], dims: 16x512x3072, tile_m: 16, strategy: Output Stationary})
macro_1043: MacroOp({op_type: MacroOpType.STORE, seq: 1043, dep_tag: DependencyTag({ld_tag: -1, tu_tag: 1042, st_tag: 1040}), src_type: MemType.UNI_SRAM, dst_type: MemType.DRAM, dims: 16x512, comment: Store Output_C_Tile[n=0,m=4]})
macro_1044: MacroOp({op_type: MacroOpType.LOAD, seq: 1044, dep_tag: DependencyTag({ld_tag: 1041, tu_tag: 1042, st_tag: -1}), src_type: MemType.DRAM, dst_type: MemType.UNI_SRAM, dims: 3072x512, comment: Load Weight_B_Tile[n=0,m=5]})
macro_1045: MacroOp({op_type: MacroOpType.CONV, seq: 1045, dep_tag: DependencyTag({ld_tag: 1044, tu_tag: 1042, st_tag: -1}), op_name: GEMM_Tile[n=0,m=5], dims: 16x512x3072, tile_m: 16, strategy: Output Stationary})
macro_1046: MacroOp({op_type: MacroOpType.STORE, seq: 1046, dep_tag: DependencyTag({ld_tag: -1, tu_tag: 1045, st_tag: 1043}), src_type: MemType.UNI_SRAM, dst_type: MemType.DRAM, dims: 16x512, comment: Store Output_C_Tile[n=0,m=5]})
macro_1047: MacroOp({op_type: MacroOpType.LOAD, seq: 1047, dep_tag: DependencyTag({ld_tag: 1044, tu_tag: 1045, st_tag: -1}), src_type: MemType.DRAM, dst_type: MemType.UNI_SRAM, dims: 3072x512, comment: Load Weight_B_Tile[n=0,m=6]})
macro_1048: MacroOp({op_type: MacroOpType.CONV, seq: 1048, dep_tag: DependencyTag({ld_tag: 1047, tu_tag: 1045, st_tag: -1}), op_name: GEMM_Tile[n=0,m=6], dims: 16x512x3072, tile_m: 16, strategy: Output Stationary})
macro_1049: MacroOp({op_type: MacroOpType.STORE, seq: 1049, dep_tag: DependencyTag({ld_tag: -1, tu_tag: 1048, st_tag: 1046}), src_type: MemType.UNI_SRAM, dst_type: MemType.DRAM, dims: 16x512, comment: Store Output_C_Tile[n=0,m=6]})
macro_1050: MacroOp({op_type: MacroOpType.LOAD, seq: 1050, dep_tag: DependencyTag({ld_tag: 1047, tu_tag: 1048, st_tag: -1}), src_type: MemType.DRAM, dst_type: MemType.UNI_SRAM, dims: 3072x512, comment: Load Weight_B_Tile[n=0,m=7]})
macro_1051: MacroOp({op_type: MacroOpType.CONV, seq: 1051, dep_tag: DependencyTag({ld_tag: 1050, tu_tag: 1048, st_tag: -1}), op_name: GEMM_Tile[n=0,m=7], dims: 16x512x3072, tile_m: 16, strategy: Output Stationary})
macro_1052: MacroOp({op_type: MacroOpType.STORE, seq: 1052, dep_tag: DependencyTag({ld_tag: -1, tu_tag: 1051, st_tag: 1049}), src_type: MemType.UNI_SRAM, dst_type: MemType.DRAM, dims: 16x512, comment: Store Output_C_Tile[n=0,m=7]})
macro_1053: MacroOp({op_type: MacroOpType.LOAD, seq: 1053, dep_tag: DependencyTag({ld_tag: 1050, tu_tag: 1051, st_tag: -1}), src_type: MemType.DRAM, dst_type: MemType.UNI_SRAM, dims: 3072x512, comment: Load Weight_B_Tile[n=0,m=8]})
macro_1054: MacroOp({op_type: MacroOpType.CONV, seq: 1054, dep_tag: DependencyTag({ld_tag: 1053, tu_tag: 1051, st_tag: -1}), op_name: GEMM_Tile[n=0,m=8], dims: 16x512x3072, tile_m: 16, strategy: Output Stationary})
macro_1055: MacroOp({op_type: MacroOpType.STORE, seq: 1055, dep_tag: DependencyTag({ld_tag: -1, tu_tag: 1054, st_tag: 1052}), src_type: MemType.UNI_SRAM, dst_type: MemType.DRAM, dims: 16x512, comment: Store Output_C_Tile[n=0,m=8]})
macro_1056: MacroOp({op_type: MacroOpType.LOAD, seq: 1056, dep_tag: DependencyTag({ld_tag: 1053, tu_tag: 1054, st_tag: -1}), src_type: MemType.DRAM, dst_type: MemType.UNI_SRAM, dims: 3072x512, comment: Load Weight_B_Tile[n=0,m=9]})
macro_1057: MacroOp({op_type: MacroOpType.CONV, seq: 1057, dep_tag: DependencyTag({ld_tag: 1056, tu_tag: 1054, st_tag: -1}), op_name: GEMM_Tile[n=0,m=9], dims: 16x512x3072, tile_m: 16, strategy: Output Stationary})
macro_1058: MacroOp({op_type: MacroOpType.STORE, seq: 1058, dep_tag: DependencyTag({ld_tag: -1, tu_tag: 1057, st_tag: 1055}), src_type: MemType.UNI_SRAM, dst_type: MemType.DRAM, dims: 16x512, comment: Store Output_C_Tile[n=0,m=9]})
macro_1059: MacroOp({op_type: MacroOpType.LOAD, seq: 1059, dep_tag: DependencyTag({ld_tag: 1056, tu_tag: 1057, st_tag: -1}), src_type: MemType.DRAM, dst_type: MemType.UNI_SRAM, dims: 3072x512, comment: Load Weight_B_Tile[n=0,m=10]})
macro_1060: MacroOp({op_type: MacroOpType.CONV, seq: 1060, dep_tag: DependencyTag({ld_tag: 1059, tu_tag: 1057, st_tag: -1}), op_name: GEMM_Tile[n=0,m=10], dims: 16x512x3072, tile_m: 16, strategy: Output Stationary})
macro_1061: MacroOp({op_type: MacroOpType.STORE, seq: 1061, dep_tag: DependencyTag({ld_tag: -1, tu_tag: 1060, st_tag: 1058}), src_type: MemType.UNI_SRAM, dst_type: MemType.DRAM, dims: 16x512, comment: Store Output_C_Tile[n=0,m=10]})
macro_1062: MacroOp({op_type: MacroOpType.LOAD, seq: 1062, dep_tag: DependencyTag({ld_tag: 1059, tu_tag: 1060, st_tag: -1}), src_type: MemType.DRAM, dst_type: MemType.UNI_SRAM, dims: 3072x512, comment: Load Weight_B_Tile[n=0,m=11]})
macro_1063: MacroOp({op_type: MacroOpType.CONV, seq: 1063, dep_tag: DependencyTag({ld_tag: 1062, tu_tag: 1060, st_tag: -1}), op_name: GEMM_Tile[n=0,m=11], dims: 16x512x3072, tile_m: 16, strategy: Output Stationary})
macro_1064: MacroOp({op_type: MacroOpType.STORE, seq: 1064, dep_tag: DependencyTag({ld_tag: -1, tu_tag: 1063, st_tag: 1061}), src_type: MemType.UNI_SRAM, dst_type: MemType.DRAM, dims: 16x512, comment: Store Output_C_Tile[n=0,m=11]})
macro_1065: MacroOp({op_type: MacroOpType.LOAD, seq: 1065, dep_tag: DependencyTag({ld_tag: 1062, tu_tag: 1063, st_tag: -1}), src_type: MemType.DRAM, dst_type: MemType.UNI_SRAM, dims: 3072x512, comment: Load Weight_B_Tile[n=0,m=12]})
macro_1066: MacroOp({op_type: MacroOpType.CONV, seq: 1066, dep_tag: DependencyTag({ld_tag: 1065, tu_tag: 1063, st_tag: -1}), op_name: GEMM_Tile[n=0,m=12], dims: 16x512x3072, tile_m: 16, strategy: Output Stationary})
macro_1067: MacroOp({op_type: MacroOpType.STORE, seq: 1067, dep_tag: DependencyTag({ld_tag: -1, tu_tag: 1066, st_tag: 1064}), src_type: MemType.UNI_SRAM, dst_type: MemType.DRAM, dims: 16x512, comment: Store Output_C_Tile[n=0,m=12]})
macro_1068: MacroOp({op_type: MacroOpType.LOAD, seq: 1068, dep_tag: DependencyTag({ld_tag: 1065, tu_tag: 1066, st_tag: -1}), src_type: MemType.DRAM, dst_type: MemType.UNI_SRAM, dims: 3072x512, comment: Load Weight_B_Tile[n=0,m=13]})
macro_1069: MacroOp({op_type: MacroOpType.CONV, seq: 1069, dep_tag: DependencyTag({ld_tag: 1068, tu_tag: 1066, st_tag: -1}), op_name: GEMM_Tile[n=0,m=13], dims: 16x512x3072, tile_m: 16, strategy: Output Stationary})
macro_1070: MacroOp({op_type: MacroOpType.STORE, seq: 1070, dep_tag: DependencyTag({ld_tag: -1, tu_tag: 1069, st_tag: 1067}), src_type: MemType.UNI_SRAM, dst_type: MemType.DRAM, dims: 16x512, comment: Store Output_C_Tile[n=0,m=13]})
macro_1071: MacroOp({op_type: MacroOpType.LOAD, seq: 1071, dep_tag: DependencyTag({ld_tag: 1068, tu_tag: 1069, st_tag: -1}), src_type: MemType.DRAM, dst_type: MemType.UNI_SRAM, dims: 3072x512, comment: Load Weight_B_Tile[n=0,m=14]})
macro_1072: MacroOp({op_type: MacroOpType.CONV, seq: 1072, dep_tag: DependencyTag({ld_tag: 1071, tu_tag: 1069, st_tag: -1}), op_name: GEMM_Tile[n=0,m=14], dims: 16x512x3072, tile_m: 16, strategy: Output Stationary})
macro_1073: MacroOp({op_type: MacroOpType.STORE, seq: 1073, dep_tag: DependencyTag({ld_tag: -1, tu_tag: 1072, st_tag: 1070}), src_type: MemType.UNI_SRAM, dst_type: MemType.DRAM, dims: 16x512, comment: Store Output_C_Tile[n=0,m=14]})
macro_1074: MacroOp({op_type: MacroOpType.LOAD, seq: 1074, dep_tag: DependencyTag({ld_tag: 1071, tu_tag: 1072, st_tag: -1}), src_type: MemType.DRAM, dst_type: MemType.UNI_SRAM, dims: 3072x512, comment: Load Weight_B_Tile[n=0,m=15]})
macro_1075: MacroOp({op_type: MacroOpType.CONV, seq: 1075, dep_tag: DependencyTag({ld_tag: 1074, tu_tag: 1072, st_tag: -1}), op_name: GEMM_Tile[n=0,m=15], dims: 16x512x3072, tile_m: 16, strategy: Output Stationary})
macro_1076: MacroOp({op_type: MacroOpType.STORE, seq: 1076, dep_tag: DependencyTag({ld_tag: -1, tu_tag: 1075, st_tag: 1073}), src_type: MemType.UNI_SRAM, dst_type: MemType.DRAM, dims: 16x512, comment: Store Output_C_Tile[n=0,m=15]})
macro_1077: MacroOp({op_type: MacroOpType.LOAD, seq: 1077, dep_tag: DependencyTag({ld_tag: 1074, tu_tag: 1075, st_tag: -1}), src_type: MemType.DRAM, dst_type: MemType.UNI_SRAM, dims: 3072x512, comment: Load Weight_B_Tile[n=0,m=16]})
macro_1078: MacroOp({op_type: MacroOpType.CONV, seq: 1078, dep_tag: DependencyTag({ld_tag: 1077, tu_tag: 1075, st_tag: -1}), op_name: GEMM_Tile[n=0,m=16], dims: 16x512x3072, tile_m: 16, strategy: Output Stationary})
macro_1079: MacroOp({op_type: MacroOpType.STORE, seq: 1079, dep_tag: DependencyTag({ld_tag: -1, tu_tag: 1078, st_tag: 1076}), src_type: MemType.UNI_SRAM, dst_type: MemType.DRAM, dims: 16x512, comment: Store Output_C_Tile[n=0,m=16]})
macro_1080: MacroOp({op_type: MacroOpType.LOAD, seq: 1080, dep_tag: DependencyTag({ld_tag: 1077, tu_tag: 1078, st_tag: -1}), src_type: MemType.DRAM, dst_type: MemType.UNI_SRAM, dims: 3072x512, comment: Load Weight_B_Tile[n=0,m=17]})
macro_1081: MacroOp({op_type: MacroOpType.CONV, seq: 1081, dep_tag: DependencyTag({ld_tag: 1080, tu_tag: 1078, st_tag: -1}), op_name: GEMM_Tile[n=0,m=17], dims: 16x512x3072, tile_m: 16, strategy: Output Stationary})
macro_1082: MacroOp({op_type: MacroOpType.STORE, seq: 1082, dep_tag: DependencyTag({ld_tag: -1, tu_tag: 1081, st_tag: 1079}), src_type: MemType.UNI_SRAM, dst_type: MemType.DRAM, dims: 16x512, comment: Store Output_C_Tile[n=0,m=17]})
macro_1083: MacroOp({op_type: MacroOpType.LOAD, seq: 1083, dep_tag: DependencyTag({ld_tag: 1080, tu_tag: 1081, st_tag: -1}), src_type: MemType.DRAM, dst_type: MemType.UNI_SRAM, dims: 3072x512, comment: Load Weight_B_Tile[n=0,m=18]})
macro_1084: MacroOp({op_type: MacroOpType.CONV, seq: 1084, dep_tag: DependencyTag({ld_tag: 1083, tu_tag: 1081, st_tag: -1}), op_name: GEMM_Tile[n=0,m=18], dims: 16x512x3072, tile_m: 16, strategy: Output Stationary})
macro_1085: MacroOp({op_type: MacroOpType.STORE, seq: 1085, dep_tag: DependencyTag({ld_tag: -1, tu_tag: 1084, st_tag: 1082}), src_type: MemType.UNI_SRAM, dst_type: MemType.DRAM, dims: 16x512, comment: Store Output_C_Tile[n=0,m=18]})
macro_1086: MacroOp({op_type: MacroOpType.LOAD, seq: 1086, dep_tag: DependencyTag({ld_tag: 1083, tu_tag: 1084, st_tag: -1}), src_type: MemType.DRAM, dst_type: MemType.UNI_SRAM, dims: 3072x512, comment: Load Weight_B_Tile[n=0,m=19]})
macro_1087: MacroOp({op_type: MacroOpType.CONV, seq: 1087, dep_tag: DependencyTag({ld_tag: 1086, tu_tag: 1084, st_tag: -1}), op_name: GEMM_Tile[n=0,m=19], dims: 16x512x3072, tile_m: 16, strategy: Output Stationary})
macro_1088: MacroOp({op_type: MacroOpType.STORE, seq: 1088, dep_tag: DependencyTag({ld_tag: -1, tu_tag: 1087, st_tag: 1085}), src_type: MemType.UNI_SRAM, dst_type: MemType.DRAM, dims: 16x512, comment: Store Output_C_Tile[n=0,m=19]})
macro_1089: MacroOp({op_type: MacroOpType.LOAD, seq: 1089, dep_tag: DependencyTag({ld_tag: 1086, tu_tag: 1087, st_tag: -1}), src_type: MemType.DRAM, dst_type: MemType.UNI_SRAM, dims: 3072x512, comment: Load Weight_B_Tile[n=0,m=20]})
macro_1090: MacroOp({op_type: MacroOpType.CONV, seq: 1090, dep_tag: DependencyTag({ld_tag: 1089, tu_tag: 1087, st_tag: -1}), op_name: GEMM_Tile[n=0,m=20], dims: 16x512x3072, tile_m: 16, strategy: Output Stationary})
macro_1091: MacroOp({op_type: MacroOpType.STORE, seq: 1091, dep_tag: DependencyTag({ld_tag: -1, tu_tag: 1090, st_tag: 1088}), src_type: MemType.UNI_SRAM, dst_type: MemType.DRAM, dims: 16x512, comment: Store Output_C_Tile[n=0,m=20]})
macro_1092: MacroOp({op_type: MacroOpType.LOAD, seq: 1092, dep_tag: DependencyTag({ld_tag: 1089, tu_tag: 1090, st_tag: -1}), src_type: MemType.DRAM, dst_type: MemType.UNI_SRAM, dims: 3072x512, comment: Load Weight_B_Tile[n=0,m=21]})
macro_1093: MacroOp({op_type: MacroOpType.CONV, seq: 1093, dep_tag: DependencyTag({ld_tag: 1092, tu_tag: 1090, st_tag: -1}), op_name: GEMM_Tile[n=0,m=21], dims: 16x512x3072, tile_m: 16, strategy: Output Stationary})
macro_1094: MacroOp({op_type: MacroOpType.STORE, seq: 1094, dep_tag: DependencyTag({ld_tag: -1, tu_tag: 1093, st_tag: 1091}), src_type: MemType.UNI_SRAM, dst_type: MemType.DRAM, dims: 16x512, comment: Store Output_C_Tile[n=0,m=21]})
macro_1095: MacroOp({op_type: MacroOpType.LOAD, seq: 1095, dep_tag: DependencyTag({ld_tag: 1092, tu_tag: 1093, st_tag: -1}), src_type: MemType.DRAM, dst_type: MemType.UNI_SRAM, dims: 3072x512, comment: Load Weight_B_Tile[n=0,m=22]})
macro_1096: MacroOp({op_type: MacroOpType.CONV, seq: 1096, dep_tag: DependencyTag({ld_tag: 1095, tu_tag: 1093, st_tag: -1}), op_name: GEMM_Tile[n=0,m=22], dims: 16x512x3072, tile_m: 16, strategy: Output Stationary})
macro_1097: MacroOp({op_type: MacroOpType.STORE, seq: 1097, dep_tag: DependencyTag({ld_tag: -1, tu_tag: 1096, st_tag: 1094}), src_type: MemType.UNI_SRAM, dst_type: MemType.DRAM, dims: 16x512, comment: Store Output_C_Tile[n=0,m=22]})
macro_1098: MacroOp({op_type: MacroOpType.LOAD, seq: 1098, dep_tag: DependencyTag({ld_tag: 1095, tu_tag: 1096, st_tag: -1}), src_type: MemType.DRAM, dst_type: MemType.UNI_SRAM, dims: 3072x512, comment: Load Weight_B_Tile[n=0,m=23]})
macro_1099: MacroOp({op_type: MacroOpType.CONV, seq: 1099, dep_tag: DependencyTag({ld_tag: 1098, tu_tag: 1096, st_tag: -1}), op_name: GEMM_Tile[n=0,m=23], dims: 16x512x3072, tile_m: 16, strategy: Output Stationary})
macro_1100: MacroOp({op_type: MacroOpType.STORE, seq: 1100, dep_tag: DependencyTag({ld_tag: -1, tu_tag: 1099, st_tag: 1097}), src_type: MemType.UNI_SRAM, dst_type: MemType.DRAM, dims: 16x512, comment: Store Output_C_Tile[n=0,m=23]})
macro_1101: MacroOp({op_type: MacroOpType.LOAD, seq: 1101, dep_tag: DependencyTag({ld_tag: 1098, tu_tag: 1099, st_tag: -1}), src_type: MemType.DRAM, dst_type: MemType.UNI_SRAM, dims: 3072x512, comment: Load Weight_B_Tile[n=0,m=24]})
macro_1102: MacroOp({op_type: MacroOpType.CONV, seq: 1102, dep_tag: DependencyTag({ld_tag: 1101, tu_tag: 1099, st_tag: -1}), op_name: GEMM_Tile[n=0,m=24], dims: 16x512x3072, tile_m: 16, strategy: Output Stationary})
macro_1103: MacroOp({op_type: MacroOpType.STORE, seq: 1103, dep_tag: DependencyTag({ld_tag: -1, tu_tag: 1102, st_tag: 1100}), src_type: MemType.UNI_SRAM, dst_type: MemType.DRAM, dims: 16x512, comment: Store Output_C_Tile[n=0,m=24]})
macro_1104: MacroOp({op_type: MacroOpType.LOAD, seq: 1104, dep_tag: DependencyTag({ld_tag: 1101, tu_tag: 1102, st_tag: -1}), src_type: MemType.DRAM, dst_type: MemType.UNI_SRAM, dims: 3072x512, comment: Load Weight_B_Tile[n=0,m=25]})
macro_1105: MacroOp({op_type: MacroOpType.CONV, seq: 1105, dep_tag: DependencyTag({ld_tag: 1104, tu_tag: 1102, st_tag: -1}), op_name: GEMM_Tile[n=0,m=25], dims: 16x512x3072, tile_m: 16, strategy: Output Stationary})
macro_1106: MacroOp({op_type: MacroOpType.STORE, seq: 1106, dep_tag: DependencyTag({ld_tag: -1, tu_tag: 1105, st_tag: 1103}), src_type: MemType.UNI_SRAM, dst_type: MemType.DRAM, dims: 16x512, comment: Store Output_C_Tile[n=0,m=25]})
macro_1107: MacroOp({op_type: MacroOpType.LOAD, seq: 1107, dep_tag: DependencyTag({ld_tag: 1104, tu_tag: 1105, st_tag: -1}), src_type: MemType.DRAM, dst_type: MemType.UNI_SRAM, dims: 3072x512, comment: Load Weight_B_Tile[n=0,m=26]})
macro_1108: MacroOp({op_type: MacroOpType.CONV, seq: 1108, dep_tag: DependencyTag({ld_tag: 1107, tu_tag: 1105, st_tag: -1}), op_name: GEMM_Tile[n=0,m=26], dims: 16x512x3072, tile_m: 16, strategy: Output Stationary})
macro_1109: MacroOp({op_type: MacroOpType.STORE, seq: 1109, dep_tag: DependencyTag({ld_tag: -1, tu_tag: 1108, st_tag: 1106}), src_type: MemType.UNI_SRAM, dst_type: MemType.DRAM, dims: 16x512, comment: Store Output_C_Tile[n=0,m=26]})
macro_1110: MacroOp({op_type: MacroOpType.LOAD, seq: 1110, dep_tag: DependencyTag({ld_tag: 1107, tu_tag: 1108, st_tag: -1}), src_type: MemType.DRAM, dst_type: MemType.UNI_SRAM, dims: 3072x512, comment: Load Weight_B_Tile[n=0,m=27]})
macro_1111: MacroOp({op_type: MacroOpType.CONV, seq: 1111, dep_tag: DependencyTag({ld_tag: 1110, tu_tag: 1108, st_tag: -1}), op_name: GEMM_Tile[n=0,m=27], dims: 16x512x3072, tile_m: 16, strategy: Output Stationary})
macro_1112: MacroOp({op_type: MacroOpType.STORE, seq: 1112, dep_tag: DependencyTag({ld_tag: -1, tu_tag: 1111, st_tag: 1109}), src_type: MemType.UNI_SRAM, dst_type: MemType.DRAM, dims: 16x512, comment: Store Output_C_Tile[n=0,m=27]})
macro_1113: MacroOp({op_type: MacroOpType.LOAD, seq: 1113, dep_tag: DependencyTag({ld_tag: 1110, tu_tag: 1111, st_tag: -1}), src_type: MemType.DRAM, dst_type: MemType.UNI_SRAM, dims: 3072x512, comment: Load Weight_B_Tile[n=0,m=28]})
macro_1114: MacroOp({op_type: MacroOpType.CONV, seq: 1114, dep_tag: DependencyTag({ld_tag: 1113, tu_tag: 1111, st_tag: -1}), op_name: GEMM_Tile[n=0,m=28], dims: 16x512x3072, tile_m: 16, strategy: Output Stationary})
macro_1115: MacroOp({op_type: MacroOpType.STORE, seq: 1115, dep_tag: DependencyTag({ld_tag: -1, tu_tag: 1114, st_tag: 1112}), src_type: MemType.UNI_SRAM, dst_type: MemType.DRAM, dims: 16x512, comment: Store Output_C_Tile[n=0,m=28]})
macro_1116: MacroOp({op_type: MacroOpType.LOAD, seq: 1116, dep_tag: DependencyTag({ld_tag: 1113, tu_tag: 1114, st_tag: -1}), src_type: MemType.DRAM, dst_type: MemType.UNI_SRAM, dims: 3072x512, comment: Load Weight_B_Tile[n=0,m=29]})
macro_1117: MacroOp({op_type: MacroOpType.CONV, seq: 1117, dep_tag: DependencyTag({ld_tag: 1116, tu_tag: 1114, st_tag: -1}), op_name: GEMM_Tile[n=0,m=29], dims: 16x512x3072, tile_m: 16, strategy: Output Stationary})
macro_1118: MacroOp({op_type: MacroOpType.STORE, seq: 1118, dep_tag: DependencyTag({ld_tag: -1, tu_tag: 1117, st_tag: 1115}), src_type: MemType.UNI_SRAM, dst_type: MemType.DRAM, dims: 16x512, comment: Store Output_C_Tile[n=0,m=29]})
macro_1119: MacroOp({op_type: MacroOpType.LOAD, seq: 1119, dep_tag: DependencyTag({ld_tag: 1116, tu_tag: 1117, st_tag: -1}), src_type: MemType.DRAM, dst_type: MemType.UNI_SRAM, dims: 3072x512, comment: Load Weight_B_Tile[n=0,m=30]})
macro_1120: MacroOp({op_type: MacroOpType.CONV, seq: 1120, dep_tag: DependencyTag({ld_tag: 1119, tu_tag: 1117, st_tag: -1}), op_name: GEMM_Tile[n=0,m=30], dims: 16x512x3072, tile_m: 16, strategy: Output Stationary})
macro_1121: MacroOp({op_type: MacroOpType.STORE, seq: 1121, dep_tag: DependencyTag({ld_tag: -1, tu_tag: 1120, st_tag: 1118}), src_type: MemType.UNI_SRAM, dst_type: MemType.DRAM, dims: 16x512, comment: Store Output_C_Tile[n=0,m=30]})
macro_1122: MacroOp({op_type: MacroOpType.LOAD, seq: 1122, dep_tag: DependencyTag({ld_tag: 1119, tu_tag: 1120, st_tag: -1}), src_type: MemType.DRAM, dst_type: MemType.UNI_SRAM, dims: 3072x512, comment: Load Weight_B_Tile[n=0,m=31]})
macro_1123: MacroOp({op_type: MacroOpType.CONV, seq: 1123, dep_tag: DependencyTag({ld_tag: 1122, tu_tag: 1120, st_tag: -1}), op_name: GEMM_Tile[n=0,m=31], dims: 16x512x3072, tile_m: 16, strategy: Output Stationary})
macro_1124: MacroOp({op_type: MacroOpType.STORE, seq: 1124, dep_tag: DependencyTag({ld_tag: -1, tu_tag: 1123, st_tag: 1121}), src_type: MemType.UNI_SRAM, dst_type: MemType.DRAM, dims: 16x512, comment: Store Output_C_Tile[n=0,m=31]})
macro_1125: MacroOp({op_type: MacroOpType.LOAD, seq: 1125, dep_tag: DependencyTag({ld_tag: 1122, tu_tag: 1123, st_tag: -1}), src_type: MemType.DRAM, dst_type: MemType.UNI_SRAM, dims: 3072x256, comment: Load Weight_B_Tile[n=1,m=0]})
macro_1126: MacroOp({op_type: MacroOpType.CONV, seq: 1126, dep_tag: DependencyTag({ld_tag: 1125, tu_tag: 1123, st_tag: -1}), op_name: GEMM_Tile[n=1,m=0], dims: 16x256x3072, tile_m: 16, strategy: Output Stationary})
macro_1127: MacroOp({op_type: MacroOpType.STORE, seq: 1127, dep_tag: DependencyTag({ld_tag: -1, tu_tag: 1126, st_tag: 1124}), src_type: MemType.UNI_SRAM, dst_type: MemType.DRAM, dims: 16x256, comment: Store Output_C_Tile[n=1,m=0]})
macro_1128: MacroOp({op_type: MacroOpType.LOAD, seq: 1128, dep_tag: DependencyTag({ld_tag: 1125, tu_tag: 1126, st_tag: -1}), src_type: MemType.DRAM, dst_type: MemType.UNI_SRAM, dims: 3072x256, comment: Load Weight_B_Tile[n=1,m=1]})
macro_1129: MacroOp({op_type: MacroOpType.CONV, seq: 1129, dep_tag: DependencyTag({ld_tag: 1128, tu_tag: 1126, st_tag: -1}), op_name: GEMM_Tile[n=1,m=1], dims: 16x256x3072, tile_m: 16, strategy: Output Stationary})
macro_1130: MacroOp({op_type: MacroOpType.STORE, seq: 1130, dep_tag: DependencyTag({ld_tag: -1, tu_tag: 1129, st_tag: 1127}), src_type: MemType.UNI_SRAM, dst_type: MemType.DRAM, dims: 16x256, comment: Store Output_C_Tile[n=1,m=1]})
macro_1131: MacroOp({op_type: MacroOpType.LOAD, seq: 1131, dep_tag: DependencyTag({ld_tag: 1128, tu_tag: 1129, st_tag: -1}), src_type: MemType.DRAM, dst_type: MemType.UNI_SRAM, dims: 3072x256, comment: Load Weight_B_Tile[n=1,m=2]})
macro_1132: MacroOp({op_type: MacroOpType.CONV, seq: 1132, dep_tag: DependencyTag({ld_tag: 1131, tu_tag: 1129, st_tag: -1}), op_name: GEMM_Tile[n=1,m=2], dims: 16x256x3072, tile_m: 16, strategy: Output Stationary})
macro_1133: MacroOp({op_type: MacroOpType.STORE, seq: 1133, dep_tag: DependencyTag({ld_tag: -1, tu_tag: 1132, st_tag: 1130}), src_type: MemType.UNI_SRAM, dst_type: MemType.DRAM, dims: 16x256, comment: Store Output_C_Tile[n=1,m=2]})
macro_1134: MacroOp({op_type: MacroOpType.LOAD, seq: 1134, dep_tag: DependencyTag({ld_tag: 1131, tu_tag: 1132, st_tag: -1}), src_type: MemType.DRAM, dst_type: MemType.UNI_SRAM, dims: 3072x256, comment: Load Weight_B_Tile[n=1,m=3]})
macro_1135: MacroOp({op_type: MacroOpType.CONV, seq: 1135, dep_tag: DependencyTag({ld_tag: 1134, tu_tag: 1132, st_tag: -1}), op_name: GEMM_Tile[n=1,m=3], dims: 16x256x3072, tile_m: 16, strategy: Output Stationary})
macro_1136: MacroOp({op_type: MacroOpType.STORE, seq: 1136, dep_tag: DependencyTag({ld_tag: -1, tu_tag: 1135, st_tag: 1133}), src_type: MemType.UNI_SRAM, dst_type: MemType.DRAM, dims: 16x256, comment: Store Output_C_Tile[n=1,m=3]})
macro_1137: MacroOp({op_type: MacroOpType.LOAD, seq: 1137, dep_tag: DependencyTag({ld_tag: 1134, tu_tag: 1135, st_tag: -1}), src_type: MemType.DRAM, dst_type: MemType.UNI_SRAM, dims: 3072x256, comment: Load Weight_B_Tile[n=1,m=4]})
macro_1138: MacroOp({op_type: MacroOpType.CONV, seq: 1138, dep_tag: DependencyTag({ld_tag: 1137, tu_tag: 1135, st_tag: -1}), op_name: GEMM_Tile[n=1,m=4], dims: 16x256x3072, tile_m: 16, strategy: Output Stationary})
macro_1139: MacroOp({op_type: MacroOpType.STORE, seq: 1139, dep_tag: DependencyTag({ld_tag: -1, tu_tag: 1138, st_tag: 1136}), src_type: MemType.UNI_SRAM, dst_type: MemType.DRAM, dims: 16x256, comment: Store Output_C_Tile[n=1,m=4]})
macro_1140: MacroOp({op_type: MacroOpType.LOAD, seq: 1140, dep_tag: DependencyTag({ld_tag: 1137, tu_tag: 1138, st_tag: -1}), src_type: MemType.DRAM, dst_type: MemType.UNI_SRAM, dims: 3072x256, comment: Load Weight_B_Tile[n=1,m=5]})
macro_1141: MacroOp({op_type: MacroOpType.CONV, seq: 1141, dep_tag: DependencyTag({ld_tag: 1140, tu_tag: 1138, st_tag: -1}), op_name: GEMM_Tile[n=1,m=5], dims: 16x256x3072, tile_m: 16, strategy: Output Stationary})
macro_1142: MacroOp({op_type: MacroOpType.STORE, seq: 1142, dep_tag: DependencyTag({ld_tag: -1, tu_tag: 1141, st_tag: 1139}), src_type: MemType.UNI_SRAM, dst_type: MemType.DRAM, dims: 16x256, comment: Store Output_C_Tile[n=1,m=5]})
macro_1143: MacroOp({op_type: MacroOpType.LOAD, seq: 1143, dep_tag: DependencyTag({ld_tag: 1140, tu_tag: 1141, st_tag: -1}), src_type: MemType.DRAM, dst_type: MemType.UNI_SRAM, dims: 3072x256, comment: Load Weight_B_Tile[n=1,m=6]})
macro_1144: MacroOp({op_type: MacroOpType.CONV, seq: 1144, dep_tag: DependencyTag({ld_tag: 1143, tu_tag: 1141, st_tag: -1}), op_name: GEMM_Tile[n=1,m=6], dims: 16x256x3072, tile_m: 16, strategy: Output Stationary})
macro_1145: MacroOp({op_type: MacroOpType.STORE, seq: 1145, dep_tag: DependencyTag({ld_tag: -1, tu_tag: 1144, st_tag: 1142}), src_type: MemType.UNI_SRAM, dst_type: MemType.DRAM, dims: 16x256, comment: Store Output_C_Tile[n=1,m=6]})
macro_1146: MacroOp({op_type: MacroOpType.LOAD, seq: 1146, dep_tag: DependencyTag({ld_tag: 1143, tu_tag: 1144, st_tag: -1}), src_type: MemType.DRAM, dst_type: MemType.UNI_SRAM, dims: 3072x256, comment: Load Weight_B_Tile[n=1,m=7]})
macro_1147: MacroOp({op_type: MacroOpType.CONV, seq: 1147, dep_tag: DependencyTag({ld_tag: 1146, tu_tag: 1144, st_tag: -1}), op_name: GEMM_Tile[n=1,m=7], dims: 16x256x3072, tile_m: 16, strategy: Output Stationary})
macro_1148: MacroOp({op_type: MacroOpType.STORE, seq: 1148, dep_tag: DependencyTag({ld_tag: -1, tu_tag: 1147, st_tag: 1145}), src_type: MemType.UNI_SRAM, dst_type: MemType.DRAM, dims: 16x256, comment: Store Output_C_Tile[n=1,m=7]})
macro_1149: MacroOp({op_type: MacroOpType.LOAD, seq: 1149, dep_tag: DependencyTag({ld_tag: 1146, tu_tag: 1147, st_tag: -1}), src_type: MemType.DRAM, dst_type: MemType.UNI_SRAM, dims: 3072x256, comment: Load Weight_B_Tile[n=1,m=8]})
macro_1150: MacroOp({op_type: MacroOpType.CONV, seq: 1150, dep_tag: DependencyTag({ld_tag: 1149, tu_tag: 1147, st_tag: -1}), op_name: GEMM_Tile[n=1,m=8], dims: 16x256x3072, tile_m: 16, strategy: Output Stationary})
macro_1151: MacroOp({op_type: MacroOpType.STORE, seq: 1151, dep_tag: DependencyTag({ld_tag: -1, tu_tag: 1150, st_tag: 1148}), src_type: MemType.UNI_SRAM, dst_type: MemType.DRAM, dims: 16x256, comment: Store Output_C_Tile[n=1,m=8]})
macro_1152: MacroOp({op_type: MacroOpType.LOAD, seq: 1152, dep_tag: DependencyTag({ld_tag: 1149, tu_tag: 1150, st_tag: -1}), src_type: MemType.DRAM, dst_type: MemType.UNI_SRAM, dims: 3072x256, comment: Load Weight_B_Tile[n=1,m=9]})
macro_1153: MacroOp({op_type: MacroOpType.CONV, seq: 1153, dep_tag: DependencyTag({ld_tag: 1152, tu_tag: 1150, st_tag: -1}), op_name: GEMM_Tile[n=1,m=9], dims: 16x256x3072, tile_m: 16, strategy: Output Stationary})
macro_1154: MacroOp({op_type: MacroOpType.STORE, seq: 1154, dep_tag: DependencyTag({ld_tag: -1, tu_tag: 1153, st_tag: 1151}), src_type: MemType.UNI_SRAM, dst_type: MemType.DRAM, dims: 16x256, comment: Store Output_C_Tile[n=1,m=9]})
macro_1155: MacroOp({op_type: MacroOpType.LOAD, seq: 1155, dep_tag: DependencyTag({ld_tag: 1152, tu_tag: 1153, st_tag: -1}), src_type: MemType.DRAM, dst_type: MemType.UNI_SRAM, dims: 3072x256, comment: Load Weight_B_Tile[n=1,m=10]})
macro_1156: MacroOp({op_type: MacroOpType.CONV, seq: 1156, dep_tag: DependencyTag({ld_tag: 1155, tu_tag: 1153, st_tag: -1}), op_name: GEMM_Tile[n=1,m=10], dims: 16x256x3072, tile_m: 16, strategy: Output Stationary})
macro_1157: MacroOp({op_type: MacroOpType.STORE, seq: 1157, dep_tag: DependencyTag({ld_tag: -1, tu_tag: 1156, st_tag: 1154}), src_type: MemType.UNI_SRAM, dst_type: MemType.DRAM, dims: 16x256, comment: Store Output_C_Tile[n=1,m=10]})
macro_1158: MacroOp({op_type: MacroOpType.LOAD, seq: 1158, dep_tag: DependencyTag({ld_tag: 1155, tu_tag: 1156, st_tag: -1}), src_type: MemType.DRAM, dst_type: MemType.UNI_SRAM, dims: 3072x256, comment: Load Weight_B_Tile[n=1,m=11]})
macro_1159: MacroOp({op_type: MacroOpType.CONV, seq: 1159, dep_tag: DependencyTag({ld_tag: 1158, tu_tag: 1156, st_tag: -1}), op_name: GEMM_Tile[n=1,m=11], dims: 16x256x3072, tile_m: 16, strategy: Output Stationary})
macro_1160: MacroOp({op_type: MacroOpType.STORE, seq: 1160, dep_tag: DependencyTag({ld_tag: -1, tu_tag: 1159, st_tag: 1157}), src_type: MemType.UNI_SRAM, dst_type: MemType.DRAM, dims: 16x256, comment: Store Output_C_Tile[n=1,m=11]})
macro_1161: MacroOp({op_type: MacroOpType.LOAD, seq: 1161, dep_tag: DependencyTag({ld_tag: 1158, tu_tag: 1159, st_tag: -1}), src_type: MemType.DRAM, dst_type: MemType.UNI_SRAM, dims: 3072x256, comment: Load Weight_B_Tile[n=1,m=12]})
macro_1162: MacroOp({op_type: MacroOpType.CONV, seq: 1162, dep_tag: DependencyTag({ld_tag: 1161, tu_tag: 1159, st_tag: -1}), op_name: GEMM_Tile[n=1,m=12], dims: 16x256x3072, tile_m: 16, strategy: Output Stationary})
macro_1163: MacroOp({op_type: MacroOpType.STORE, seq: 1163, dep_tag: DependencyTag({ld_tag: -1, tu_tag: 1162, st_tag: 1160}), src_type: MemType.UNI_SRAM, dst_type: MemType.DRAM, dims: 16x256, comment: Store Output_C_Tile[n=1,m=12]})
macro_1164: MacroOp({op_type: MacroOpType.LOAD, seq: 1164, dep_tag: DependencyTag({ld_tag: 1161, tu_tag: 1162, st_tag: -1}), src_type: MemType.DRAM, dst_type: MemType.UNI_SRAM, dims: 3072x256, comment: Load Weight_B_Tile[n=1,m=13]})
macro_1165: MacroOp({op_type: MacroOpType.CONV, seq: 1165, dep_tag: DependencyTag({ld_tag: 1164, tu_tag: 1162, st_tag: -1}), op_name: GEMM_Tile[n=1,m=13], dims: 16x256x3072, tile_m: 16, strategy: Output Stationary})
macro_1166: MacroOp({op_type: MacroOpType.STORE, seq: 1166, dep_tag: DependencyTag({ld_tag: -1, tu_tag: 1165, st_tag: 1163}), src_type: MemType.UNI_SRAM, dst_type: MemType.DRAM, dims: 16x256, comment: Store Output_C_Tile[n=1,m=13]})
macro_1167: MacroOp({op_type: MacroOpType.LOAD, seq: 1167, dep_tag: DependencyTag({ld_tag: 1164, tu_tag: 1165, st_tag: -1}), src_type: MemType.DRAM, dst_type: MemType.UNI_SRAM, dims: 3072x256, comment: Load Weight_B_Tile[n=1,m=14]})
macro_1168: MacroOp({op_type: MacroOpType.CONV, seq: 1168, dep_tag: DependencyTag({ld_tag: 1167, tu_tag: 1165, st_tag: -1}), op_name: GEMM_Tile[n=1,m=14], dims: 16x256x3072, tile_m: 16, strategy: Output Stationary})
macro_1169: MacroOp({op_type: MacroOpType.STORE, seq: 1169, dep_tag: DependencyTag({ld_tag: -1, tu_tag: 1168, st_tag: 1166}), src_type: MemType.UNI_SRAM, dst_type: MemType.DRAM, dims: 16x256, comment: Store Output_C_Tile[n=1,m=14]})
macro_1170: MacroOp({op_type: MacroOpType.LOAD, seq: 1170, dep_tag: DependencyTag({ld_tag: 1167, tu_tag: 1168, st_tag: -1}), src_type: MemType.DRAM, dst_type: MemType.UNI_SRAM, dims: 3072x256, comment: Load Weight_B_Tile[n=1,m=15]})
macro_1171: MacroOp({op_type: MacroOpType.CONV, seq: 1171, dep_tag: DependencyTag({ld_tag: 1170, tu_tag: 1168, st_tag: -1}), op_name: GEMM_Tile[n=1,m=15], dims: 16x256x3072, tile_m: 16, strategy: Output Stationary})
macro_1172: MacroOp({op_type: MacroOpType.STORE, seq: 1172, dep_tag: DependencyTag({ld_tag: -1, tu_tag: 1171, st_tag: 1169}), src_type: MemType.UNI_SRAM, dst_type: MemType.DRAM, dims: 16x256, comment: Store Output_C_Tile[n=1,m=15]})
macro_1173: MacroOp({op_type: MacroOpType.LOAD, seq: 1173, dep_tag: DependencyTag({ld_tag: 1170, tu_tag: 1171, st_tag: -1}), src_type: MemType.DRAM, dst_type: MemType.UNI_SRAM, dims: 3072x256, comment: Load Weight_B_Tile[n=1,m=16]})
macro_1174: MacroOp({op_type: MacroOpType.CONV, seq: 1174, dep_tag: DependencyTag({ld_tag: 1173, tu_tag: 1171, st_tag: -1}), op_name: GEMM_Tile[n=1,m=16], dims: 16x256x3072, tile_m: 16, strategy: Output Stationary})
macro_1175: MacroOp({op_type: MacroOpType.STORE, seq: 1175, dep_tag: DependencyTag({ld_tag: -1, tu_tag: 1174, st_tag: 1172}), src_type: MemType.UNI_SRAM, dst_type: MemType.DRAM, dims: 16x256, comment: Store Output_C_Tile[n=1,m=16]})
macro_1176: MacroOp({op_type: MacroOpType.LOAD, seq: 1176, dep_tag: DependencyTag({ld_tag: 1173, tu_tag: 1174, st_tag: -1}), src_type: MemType.DRAM, dst_type: MemType.UNI_SRAM, dims: 3072x256, comment: Load Weight_B_Tile[n=1,m=17]})
macro_1177: MacroOp({op_type: MacroOpType.CONV, seq: 1177, dep_tag: DependencyTag({ld_tag: 1176, tu_tag: 1174, st_tag: -1}), op_name: GEMM_Tile[n=1,m=17], dims: 16x256x3072, tile_m: 16, strategy: Output Stationary})
macro_1178: MacroOp({op_type: MacroOpType.STORE, seq: 1178, dep_tag: DependencyTag({ld_tag: -1, tu_tag: 1177, st_tag: 1175}), src_type: MemType.UNI_SRAM, dst_type: MemType.DRAM, dims: 16x256, comment: Store Output_C_Tile[n=1,m=17]})
macro_1179: MacroOp({op_type: MacroOpType.LOAD, seq: 1179, dep_tag: DependencyTag({ld_tag: 1176, tu_tag: 1177, st_tag: -1}), src_type: MemType.DRAM, dst_type: MemType.UNI_SRAM, dims: 3072x256, comment: Load Weight_B_Tile[n=1,m=18]})
macro_1180: MacroOp({op_type: MacroOpType.CONV, seq: 1180, dep_tag: DependencyTag({ld_tag: 1179, tu_tag: 1177, st_tag: -1}), op_name: GEMM_Tile[n=1,m=18], dims: 16x256x3072, tile_m: 16, strategy: Output Stationary})
macro_1181: MacroOp({op_type: MacroOpType.STORE, seq: 1181, dep_tag: DependencyTag({ld_tag: -1, tu_tag: 1180, st_tag: 1178}), src_type: MemType.UNI_SRAM, dst_type: MemType.DRAM, dims: 16x256, comment: Store Output_C_Tile[n=1,m=18]})
macro_1182: MacroOp({op_type: MacroOpType.LOAD, seq: 1182, dep_tag: DependencyTag({ld_tag: 1179, tu_tag: 1180, st_tag: -1}), src_type: MemType.DRAM, dst_type: MemType.UNI_SRAM, dims: 3072x256, comment: Load Weight_B_Tile[n=1,m=19]})
macro_1183: MacroOp({op_type: MacroOpType.CONV, seq: 1183, dep_tag: DependencyTag({ld_tag: 1182, tu_tag: 1180, st_tag: -1}), op_name: GEMM_Tile[n=1,m=19], dims: 16x256x3072, tile_m: 16, strategy: Output Stationary})
macro_1184: MacroOp({op_type: MacroOpType.STORE, seq: 1184, dep_tag: DependencyTag({ld_tag: -1, tu_tag: 1183, st_tag: 1181}), src_type: MemType.UNI_SRAM, dst_type: MemType.DRAM, dims: 16x256, comment: Store Output_C_Tile[n=1,m=19]})
macro_1185: MacroOp({op_type: MacroOpType.LOAD, seq: 1185, dep_tag: DependencyTag({ld_tag: 1182, tu_tag: 1183, st_tag: -1}), src_type: MemType.DRAM, dst_type: MemType.UNI_SRAM, dims: 3072x256, comment: Load Weight_B_Tile[n=1,m=20]})
macro_1186: MacroOp({op_type: MacroOpType.CONV, seq: 1186, dep_tag: DependencyTag({ld_tag: 1185, tu_tag: 1183, st_tag: -1}), op_name: GEMM_Tile[n=1,m=20], dims: 16x256x3072, tile_m: 16, strategy: Output Stationary})
macro_1187: MacroOp({op_type: MacroOpType.STORE, seq: 1187, dep_tag: DependencyTag({ld_tag: -1, tu_tag: 1186, st_tag: 1184}), src_type: MemType.UNI_SRAM, dst_type: MemType.DRAM, dims: 16x256, comment: Store Output_C_Tile[n=1,m=20]})
macro_1188: MacroOp({op_type: MacroOpType.LOAD, seq: 1188, dep_tag: DependencyTag({ld_tag: 1185, tu_tag: 1186, st_tag: -1}), src_type: MemType.DRAM, dst_type: MemType.UNI_SRAM, dims: 3072x256, comment: Load Weight_B_Tile[n=1,m=21]})
macro_1189: MacroOp({op_type: MacroOpType.CONV, seq: 1189, dep_tag: DependencyTag({ld_tag: 1188, tu_tag: 1186, st_tag: -1}), op_name: GEMM_Tile[n=1,m=21], dims: 16x256x3072, tile_m: 16, strategy: Output Stationary})
macro_1190: MacroOp({op_type: MacroOpType.STORE, seq: 1190, dep_tag: DependencyTag({ld_tag: -1, tu_tag: 1189, st_tag: 1187}), src_type: MemType.UNI_SRAM, dst_type: MemType.DRAM, dims: 16x256, comment: Store Output_C_Tile[n=1,m=21]})
macro_1191: MacroOp({op_type: MacroOpType.LOAD, seq: 1191, dep_tag: DependencyTag({ld_tag: 1188, tu_tag: 1189, st_tag: -1}), src_type: MemType.DRAM, dst_type: MemType.UNI_SRAM, dims: 3072x256, comment: Load Weight_B_Tile[n=1,m=22]})
macro_1192: MacroOp({op_type: MacroOpType.CONV, seq: 1192, dep_tag: DependencyTag({ld_tag: 1191, tu_tag: 1189, st_tag: -1}), op_name: GEMM_Tile[n=1,m=22], dims: 16x256x3072, tile_m: 16, strategy: Output Stationary})
macro_1193: MacroOp({op_type: MacroOpType.STORE, seq: 1193, dep_tag: DependencyTag({ld_tag: -1, tu_tag: 1192, st_tag: 1190}), src_type: MemType.UNI_SRAM, dst_type: MemType.DRAM, dims: 16x256, comment: Store Output_C_Tile[n=1,m=22]})
macro_1194: MacroOp({op_type: MacroOpType.LOAD, seq: 1194, dep_tag: DependencyTag({ld_tag: 1191, tu_tag: 1192, st_tag: -1}), src_type: MemType.DRAM, dst_type: MemType.UNI_SRAM, dims: 3072x256, comment: Load Weight_B_Tile[n=1,m=23]})
macro_1195: MacroOp({op_type: MacroOpType.CONV, seq: 1195, dep_tag: DependencyTag({ld_tag: 1194, tu_tag: 1192, st_tag: -1}), op_name: GEMM_Tile[n=1,m=23], dims: 16x256x3072, tile_m: 16, strategy: Output Stationary})
macro_1196: MacroOp({op_type: MacroOpType.STORE, seq: 1196, dep_tag: DependencyTag({ld_tag: -1, tu_tag: 1195, st_tag: 1193}), src_type: MemType.UNI_SRAM, dst_type: MemType.DRAM, dims: 16x256, comment: Store Output_C_Tile[n=1,m=23]})
macro_1197: MacroOp({op_type: MacroOpType.LOAD, seq: 1197, dep_tag: DependencyTag({ld_tag: 1194, tu_tag: 1195, st_tag: -1}), src_type: MemType.DRAM, dst_type: MemType.UNI_SRAM, dims: 3072x256, comment: Load Weight_B_Tile[n=1,m=24]})
macro_1198: MacroOp({op_type: MacroOpType.CONV, seq: 1198, dep_tag: DependencyTag({ld_tag: 1197, tu_tag: 1195, st_tag: -1}), op_name: GEMM_Tile[n=1,m=24], dims: 16x256x3072, tile_m: 16, strategy: Output Stationary})
macro_1199: MacroOp({op_type: MacroOpType.STORE, seq: 1199, dep_tag: DependencyTag({ld_tag: -1, tu_tag: 1198, st_tag: 1196}), src_type: MemType.UNI_SRAM, dst_type: MemType.DRAM, dims: 16x256, comment: Store Output_C_Tile[n=1,m=24]})
macro_1200: MacroOp({op_type: MacroOpType.LOAD, seq: 1200, dep_tag: DependencyTag({ld_tag: 1197, tu_tag: 1198, st_tag: -1}), src_type: MemType.DRAM, dst_type: MemType.UNI_SRAM, dims: 3072x256, comment: Load Weight_B_Tile[n=1,m=25]})
macro_1201: MacroOp({op_type: MacroOpType.CONV, seq: 1201, dep_tag: DependencyTag({ld_tag: 1200, tu_tag: 1198, st_tag: -1}), op_name: GEMM_Tile[n=1,m=25], dims: 16x256x3072, tile_m: 16, strategy: Output Stationary})
macro_1202: MacroOp({op_type: MacroOpType.STORE, seq: 1202, dep_tag: DependencyTag({ld_tag: -1, tu_tag: 1201, st_tag: 1199}), src_type: MemType.UNI_SRAM, dst_type: MemType.DRAM, dims: 16x256, comment: Store Output_C_Tile[n=1,m=25]})
macro_1203: MacroOp({op_type: MacroOpType.LOAD, seq: 1203, dep_tag: DependencyTag({ld_tag: 1200, tu_tag: 1201, st_tag: -1}), src_type: MemType.DRAM, dst_type: MemType.UNI_SRAM, dims: 3072x256, comment: Load Weight_B_Tile[n=1,m=26]})
macro_1204: MacroOp({op_type: MacroOpType.CONV, seq: 1204, dep_tag: DependencyTag({ld_tag: 1203, tu_tag: 1201, st_tag: -1}), op_name: GEMM_Tile[n=1,m=26], dims: 16x256x3072, tile_m: 16, strategy: Output Stationary})
macro_1205: MacroOp({op_type: MacroOpType.STORE, seq: 1205, dep_tag: DependencyTag({ld_tag: -1, tu_tag: 1204, st_tag: 1202}), src_type: MemType.UNI_SRAM, dst_type: MemType.DRAM, dims: 16x256, comment: Store Output_C_Tile[n=1,m=26]})
macro_1206: MacroOp({op_type: MacroOpType.LOAD, seq: 1206, dep_tag: DependencyTag({ld_tag: 1203, tu_tag: 1204, st_tag: -1}), src_type: MemType.DRAM, dst_type: MemType.UNI_SRAM, dims: 3072x256, comment: Load Weight_B_Tile[n=1,m=27]})
macro_1207: MacroOp({op_type: MacroOpType.CONV, seq: 1207, dep_tag: DependencyTag({ld_tag: 1206, tu_tag: 1204, st_tag: -1}), op_name: GEMM_Tile[n=1,m=27], dims: 16x256x3072, tile_m: 16, strategy: Output Stationary})
macro_1208: MacroOp({op_type: MacroOpType.STORE, seq: 1208, dep_tag: DependencyTag({ld_tag: -1, tu_tag: 1207, st_tag: 1205}), src_type: MemType.UNI_SRAM, dst_type: MemType.DRAM, dims: 16x256, comment: Store Output_C_Tile[n=1,m=27]})
macro_1209: MacroOp({op_type: MacroOpType.LOAD, seq: 1209, dep_tag: DependencyTag({ld_tag: 1206, tu_tag: 1207, st_tag: -1}), src_type: MemType.DRAM, dst_type: MemType.UNI_SRAM, dims: 3072x256, comment: Load Weight_B_Tile[n=1,m=28]})
macro_1210: MacroOp({op_type: MacroOpType.CONV, seq: 1210, dep_tag: DependencyTag({ld_tag: 1209, tu_tag: 1207, st_tag: -1}), op_name: GEMM_Tile[n=1,m=28], dims: 16x256x3072, tile_m: 16, strategy: Output Stationary})
macro_1211: MacroOp({op_type: MacroOpType.STORE, seq: 1211, dep_tag: DependencyTag({ld_tag: -1, tu_tag: 1210, st_tag: 1208}), src_type: MemType.UNI_SRAM, dst_type: MemType.DRAM, dims: 16x256, comment: Store Output_C_Tile[n=1,m=28]})
macro_1212: MacroOp({op_type: MacroOpType.LOAD, seq: 1212, dep_tag: DependencyTag({ld_tag: 1209, tu_tag: 1210, st_tag: -1}), src_type: MemType.DRAM, dst_type: MemType.UNI_SRAM, dims: 3072x256, comment: Load Weight_B_Tile[n=1,m=29]})
macro_1213: MacroOp({op_type: MacroOpType.CONV, seq: 1213, dep_tag: DependencyTag({ld_tag: 1212, tu_tag: 1210, st_tag: -1}), op_name: GEMM_Tile[n=1,m=29], dims: 16x256x3072, tile_m: 16, strategy: Output Stationary})
macro_1214: MacroOp({op_type: MacroOpType.STORE, seq: 1214, dep_tag: DependencyTag({ld_tag: -1, tu_tag: 1213, st_tag: 1211}), src_type: MemType.UNI_SRAM, dst_type: MemType.DRAM, dims: 16x256, comment: Store Output_C_Tile[n=1,m=29]})
macro_1215: MacroOp({op_type: MacroOpType.LOAD, seq: 1215, dep_tag: DependencyTag({ld_tag: 1212, tu_tag: 1213, st_tag: -1}), src_type: MemType.DRAM, dst_type: MemType.UNI_SRAM, dims: 3072x256, comment: Load Weight_B_Tile[n=1,m=30]})
macro_1216: MacroOp({op_type: MacroOpType.CONV, seq: 1216, dep_tag: DependencyTag({ld_tag: 1215, tu_tag: 1213, st_tag: -1}), op_name: GEMM_Tile[n=1,m=30], dims: 16x256x3072, tile_m: 16, strategy: Output Stationary})
macro_1217: MacroOp({op_type: MacroOpType.STORE, seq: 1217, dep_tag: DependencyTag({ld_tag: -1, tu_tag: 1216, st_tag: 1214}), src_type: MemType.UNI_SRAM, dst_type: MemType.DRAM, dims: 16x256, comment: Store Output_C_Tile[n=1,m=30]})
macro_1218: MacroOp({op_type: MacroOpType.LOAD, seq: 1218, dep_tag: DependencyTag({ld_tag: 1215, tu_tag: 1216, st_tag: -1}), src_type: MemType.DRAM, dst_type: MemType.UNI_SRAM, dims: 3072x256, comment: Load Weight_B_Tile[n=1,m=31]})
macro_1219: MacroOp({op_type: MacroOpType.CONV, seq: 1219, dep_tag: DependencyTag({ld_tag: 1218, tu_tag: 1216, st_tag: -1}), op_name: GEMM_Tile[n=1,m=31], dims: 16x256x3072, tile_m: 16, strategy: Output Stationary})
macro_1220: MacroOp({op_type: MacroOpType.STORE, seq: 1220, dep_tag: DependencyTag({ld_tag: -1, tu_tag: 1219, st_tag: 1217}), src_type: MemType.UNI_SRAM, dst_type: MemType.DRAM, dims: 16x256, comment: Store Output_C_Tile[n=1,m=31]})

[End of Generation]
