Generated BF16 Matrix:
[[48768 16230 16109 15946 48944 48944 48994 16187 15951 16085 49013 16240
  16170 48915 48930 48930 48840 15690 48651 48853 15973 48952 48852 48776
  48563 16146 48921 15593 15933 49000 15964 48936 48990 16229 16238 16157
  48840 48973 16060 48629 48961 48158 49006 16209 48887 16038 48832 15652
  15807 48929 16240 16140 16225 16202 15944 16215 48978 48923 49000 48818
  48739 48874 16168 48786 48864 15790 48951 16154 48985 16249 16139 48922
  49021 16161 16083 16106 16138 48986 48784 48964 16185 15996 48813 48991
  48833 48819 16107 16012 16198 48483 48962 16090 16133 15866 16138 48203
  15674 48660 49010 48968 49007 16011 48830 15500 16208 48896 48695 16130
  48906 48984 48855 48941 16220 16157 16008 16190 16155 48928 16200 15777
  16157 16202 48826 48967 48907 48661 16162 16184 49020 15536 48681 48910
  48962 48806 16226 48821 15641 16079 48779 16241 16236 48894 48052 48843
  48860 49005 15968 15279 48997 48866 16209 48901 48949 48300 16248 48900
  16048 16133 48902 16105 48775 16007 16008 15762 48977 16171 48823 48928
  49003 15930 16053 49015 15558 48908 16020 48934 16067 48743 16223 48953
  48802 48965 16217 16193 48887 16035 16162 15842 15730 48900 48976 16203
  16205 16008 48804 48794 16103 16203 16198 16143 16017 48980 48941 16204
  15961 49019 48972 16039 49021 48941 15815 16068 16027 48909 16089 48902
  48818 16124 16025 16178 16033 15883 48976 48775 48880 48899 16242 48730
  16200 16006 16150 15276 15901 48245 48924 16099 48864 49011 16020 48933
  16225 16232 16212 48772 49016 16219 48659 16238 16237 16180 48850 48747
  16179 48827 48937 15848 16223 16072 15887 48974 15979 16250 48952 15638
  16193 16118 16073 16079 48783 48851 16158 16158 16187 16211 15545 15174
  16152 16025 16078 16151 16199 48805 48766 48975 15904 49005 48524 15790
  48858 15930 49008 49004 16165 48783 48958 15670 16138 48913 15995 48980
  48997 15744 15782 16012 16103 16243 15621 48821 16151 48874 48633 48983
  49011 16236 16172 16072 48698 48935 48943 48895 15817 16091 16036 48865
  16232 16115 15838 15972 48676 48897 48787 16132 49016 48964 49000 49003
  16181 16080 48467 48973 48265 48473 48935 48647 48719 15981 16010 49000
  48768 16000 15309 16182 16034 48940 48987 16017 49010 15919 16225 15898
  48741 16018 48554 15802 16226 48745 16236 16207 48923 48988 48972 49014
  48975 16059 48987 48825 16176 49012 16161 48863 48963 16073 16004 16193
  16112 16155 48863 48933 16128 16157 16251 48690 48771 16141 48803 16220
  16183 48657 16128 16130 48971 16206 15404 16167 48824 16202 48738 49018
  16207 48977 48825 16230 16230 15894 16007 48595 48851 48815 16048 16129
  16149 16148 48977 48182 48994 15818 48623 16198 48792 48964 48950 16133
  15986 48972 48980 16077 48986 16164 16083 48982 48980 16249 48768 48772
  16160 16228 16248 16129 48765 48981 16141 15855 48667 16208 48967 48241
  49018 48512 48995 48963 48963 16024 16123 15914 16236 48768 48859 16188
  48909 16237 49017 16240 49001 16200 15714 16252 48986 15836 16240 15677
  16004 16072 48570 16002 15916 16205 49000 48864 16230 16199 48565 15990
  48867 48927 48532 48790 15915 48984 16242 16248 16074 15763 48835 16160
  16061 48940 16210 16165 16230 16103 15976 48679]
 [16221 16187 49000 49010 48765 16159 16249 48946 15936 48755 16240 16175
  16173 48512 48686 48872 48995 16186 16160 16255 16254 15843 16137 16227
  16179 48897 48586 48957 16232 15961 48906 16047 15985 48785 48965 16047
  15654 16139 15653 16180 15828 15865 16192 48709 48955 49009 16130 15990
  16080 48914 48954 49016 48792 15928 48732 48640 16206 48795 15589 16145
  48723 15994 16185 16230 48948 16218 48257 48887 48551 16245 48241 48815
  16008 48901 48985 48958 48958 48946 48952 16016 48930 48798 16203 48469
  16043 48935 48925 49003 48937 48866 48933 48978 48962 48544 48918 48778
  15327 16066 49003 16153 16002 48982 16191 16215 48992 48868 16156 16126
  48929 48916 48772 48381 15986 48774 48537 16125 49005 48893 16090 16202
  15551 15747 48969 48599 15749 48899 48876 48763 49013 48822 48915 48816
  48962 16199 15935 16055 16148 47948 48979 15767 15921 16123 48651 48958
  48861 48780 16021 15888 48787 16249 15960 48902 48971 48945 48898 48941
  48928 48860 48935 16203 48982 15688 48695 16246 48966 48721 16240 16187
  16162 48887 48936 16044 16219 15848 15890 48865 16137 48928 48820 48664
  15481 48899 48965 15970 48856 15910 48944 48410 15749 48997 48807 48955
  48991 16250 48821 16158 48891 16057 16133 15939 48488 48692 48794 16219
  16169 16238 48960 16108 16224 48931 48989 16118 15896 16175 48952 16151
  48920 48940 48939 16161 16041 15676 48784 16193 48732 16162 48633 48764
  48536 48843 16125 15282 48905 16204 48749 15794 16208 15998 48964 16225
  16002 48809 48952 16150 15989 15753 16201 16147 48946 48832 48896 16121
  49006 15887 16134 16192 48801 16164 48967 16177 48958 48722 16152 48947
  48906 16099 16097 16016 16070 15790 48894 48798 48931 16209 15914 48715
  48539 16229 48945 15920 15424 15972 49014 16190 16221 15877 16073 16216
  16084 48945 15900 15962 48667 16114 16222 16217 48585 48966 16248 16173
  48960 16215 16189 15642 15930 48718 48995 48808 16155 49021 48810 48720
  15769 16214 48797 48796 16115 48579 48909 48578 48951 48933 47957 48678
  16212 48780 15909 16007 49017 16039 48932 16236 48947 48686 48980 16254
  15247 15939 48989 16127 48916 16203 48918 48926 49005 48484 15876 48990
  16141 48575 15687 48626 48715 15860 48944 48930 16185 16228 48769 48874
  16019 48698 49011 48944 16093 16034 49010 48910 48905 16048 49013 48970
  16153 48932 16028 48902 48973 48899 16099 16182 16169 48722 16044 48919
  48851 16202 49017 48980 48917 49010 48931 15914 48672 16201 16162 48801
  48886 48758 15928 48877 15998 48697 15829 48642 48850 16229 16134 48952
  16188 48333 16202 16153 48665 49012 48876 15786 16008 48887 48952 16171
  16248 15698 48936 48873 49014 16212 48963 15900 48871 15837 16027 16168
  48918 49018 48953 16204 16191 15943 15949 16040 48934 16212 48678 48751
  15642 48999 48938 16115 48981 15955 48898 48738 48856 48787 16096 48847
  15879 48452 16039 16223 16110 48913 49008 48883 15938 48997 48110 15942
  48809 16138 48969 48985 16105 48147 16064 48645 48897 16163 16153 16071
  48873 15928 48782 48977 16213 48953 16230 48605 48929 15787 16190 16109
  16156 16034 16068 16178 48896 48301 48910 16249 16227 49003 16082 16217
  48931 15883 16212 49006 16074 48847 16217 16241]
 [16227 48467 16185 16176 48825 16168 49005 15941 48906 48962 48984 16072
  48803 16102 48990 48829 15777 16148 48825 16000 16197 15981 48904 49011
  16189 49013 16191 15725 16224 16152 16254 48792 16136 48712 48420 16002
  16191 16247 16137 48680 48673 16115 48901 48967 48788 48857 48848 48904
  49002 49014 16249 48659 48748 16055 48912 16230 16146 48978 48680 16194
  16227 48517 15976 48938 16251 48905 16226 16025 15964 15567 48905 48933
  48911 48928 16143 48793 48994 16240 16196 16219 16253 48934 48724 16132
  16072 48945 16161 48909 48909 15767 15934 15908 48977 16193 48880 48957
  16199 16233 16185 16158 16030 15824 48979 48699 48770 48886 16100 48135
  48982 48911 16059 48985 16179 48159 48415 15933 16166 48795 16054 15878
  48878 16193 16152 16034 16179 16188 16085 16172 16074 16056 15986 16129
  48942 16195 16190 49009 16166 48958 48808 16121 48941 16162 16170 15476
  49020 48858 15983 16246 16006 48885 16009 15779 16143 48969 16133 15785
  16237 48801 16007 16221 48971 16223 16064 48989 48843 16085 48989 15912
  48797 15991 49000 16190 16242 16240 16127 48957 16132 49011 49012 48820
  48314 16138 16059 48605 48871 16254 48663 48583 48940 16150 16070 48910
  48981 16056 16030 48872 16230 48946 48650 16227 48676 16013 48721 48871
  16247 48697 16201 48906 48914 49008 16027 48774 16186 48475 16239 48929
  16188 16141 16138 16176 16133 16001 48956 49007 16215 15982 16151 48407
  48963 48959 16062 48654 48921 48265 48991 15911 48876 16152 48834 48567
  49018 48986 48732 48420 15948 48853 16071 16184 16143 49003 48415 48970
  48900 16249 48951 47889 15985 16079 15860 49018 48817 15633 48979 48792
  49007 48983 48723 48956 15882 16066 16153 48921 48938 48970 16011 16083
  49007 16223 48997 15785 16086 16189 16091 16154 48804 16161 48982 16202
  15810 16162 48579 16019 15704 16109 48982 48993 48897 48942 16190 48911
  16243 48807 48930 16148 16034 47980 15842 16096 48907 16254 16243 16025
  48921 16056 48987 49008 48888 48537 16188 16104 16120 48664 48797 48772
  16249 49003 16187 15905 48635 16102 48346 16191 16205 48672 48868 15933
  16211 48916 15995 16006 16110 48956 16093 16209 48932 48902 16241 48931
  16181 48253 48897 16189 48608 15602 48784 15934 48940 48735 16240 48887
  16032 48819 16140 48956 16240 48573 48903 48986 48937 15649 48806 16168
  48653 48896 15983 16083 48938 48938 49005 16114 16039 48463 16176 16156
  15918 16188 48918 48966 48875 48994 15743 16223 49003 48961 48579 16222
  48828 15469 49002 48948 16249 16238 49021 16231 16014 16188 48569 15615
  48310 16042 48952 49008 48836 16081 48920 16049 16240 48975 16048 48614
  16188 48933 16069 16173 16227 16059 48057 15985 16188 15888 49008 16220
  16066 16052 48913 16034 48729 16026 48969 16033 16255 48999 16244 48702
  16189 16144 15881 16116 16193 48708 48817 16043 16157 16134 16152 48643
  16162 48962 15798 49021 48819 48776 48724 16072 48740 48594 48902 48769
  48907 48986 15955 16044 15988 48533 48758 16186 15644 48426 49010 48802
  48757 48719 15908 15753 15964 16135 16160 16095 16233 49014 48923 49020
  16023 16203 48899 16218 48993 16222 48791 48972 48359 48889 48860 48837
  16155 15776 48833 15969 16093 48872 48689 48961]
 [48931 16057 48931 15694 16086 48969 15881 48889 16237 48390 16156 15821
  49001 16008 16231 15952 16163 16196 48907 48915 15971 48694 16174 16204
  48790 48902 16143 48870 16165 48668 16043 48975 15997 48581 15921 48937
  16114 16185 48913 48974 49011 16017 15963 15807 48905 48735 15937 48083
  16249 48954 16071 48707 48659 16094 16069 16251 48958 48970 16101 15904
  48871 48983 48980 16201 48925 48820 48907 48788 48988 15644 48989 16153
  48904 15779 16194 16026 15750 48819 48811 16045 16252 16037 15852 16108
  48526 48993 15871 16234 48934 16066 48921 15762 48974 48587 16131 48796
  16040 16151 16218 48903 48718 48945 16252 16218 15779 16175 15659 15997
  48978 16130 48958 16166 16144 16085 49005 48841 48882 48783 48979 16223
  15836 48839 48722 48600 15950 15616 16214 48071 16251 16179 48917 16220
  48964 16162 48756 16193 16188 16156 16148 48840 48982 48710 48935 16071
  48797 16243 16016 16165 48956 16185 16216 48339 15961 16135 48934 15272
  48719 48949 48775 48989 49010 48954 16237 15818 16238 48650 48832 15433
  48631 48969 16016 48913 15988 16025 48946 48992 16143 48548 48994 16253
  48994 16071 16247 48901 48951 48961 48841 48972 16068 48992 15514 16254
  16160 15979 48838 15997 15709 48663 48957 16197 48589 48924 48775 48687
  16167 16111 16137 49018 48683 48408 49014 48885 16133 48953 15760 48913
  49017 48900 16243 16154 16235 48326 48967 15812 48570 16176 48973 48320
  48947 48819 16115 48452 48766 48728 48550 16145 16200 16233 16146 48829
  16064 48639 48891 16174 49004 16205 48541 16012 16035 16202 16011 15977
  48989 15638 48947 16115 15560 16056 49002 48980 16093 48987 48987 49017
  16233 16115 48790 48848 48793 16140 16037 48929 48934 48973 16036 16135
  48880 49013 48981 16239 48849 16137 15999 48753 48918 48961 15979 16140
  16019 15736 49002 16239 16152 48852 16245 15952 15912 16126 16159 16032
  48958 48805 16219 48908 48770 48651 48632 15975 16226 48900 48961 48922
  16198 16021 48859 16161 16185 16177 16214 48893 16130 48545 16175 16105
  16141 16031 48933 15800 16248 16223 49001 48939 48956 16103 16162 48914
  15423 16174 16110 15789 15929 15496 48847 15877 16065 16191 16011 16133
  48942 48541 49019 48897 16103 16251 48973 48713 16153 48919 15841 16110
  15981 48927 48788 16145 15838 49021 16133 49005 16123 48920 16234 48775
  48817 48947 48839 16192 16254 48774 48594 16099 16197 15934 48734 48690
  16072 49022 15988 48787 16150 48976 15924 48411 16017 48990 15907 15867
  15864 15955 16052 16156 48875 16166 47972 48984 48994 48809 16145 16084
  16147 15629 48628 48948 48815 48647 48978 48911 15945 16113 16255 16221
  16017 48673 16011 16146 48963 48696 16173 48749 15891 15923 48929 48781
  48809 49010 49011 16169 48872 15636 48846 16225 48886 48656 16190 16175
  48928 16154 48555 48395 48955 48982 16105 48103 48641 16107 16135 48942
  15969 48954 16128 16032 16233 48988 48994 48863 48884 48897 16208 48896
  48873 16132 48589 16141 48990 48331 49006 48991 16208 48952 15748 48694
  48796 16204 49012 16039 16237 15862 16223 48997 48678 48885 16108 16246
  48889 16029 48922 15877 48531 16241 15966 48794 48965 48946 48908 48895
  16179 15866 15679 48965 16184 16100 48989 16084]
 [15794 48982 48554 48378 48939 16228 16179 16045 48538 48692 16026 15802
  48992 15564 16156 48550 48997 16146 48920 48887 48939 48813 16131 15646
  48919 16193 16194 16189 48901 48583 16248 16139 49010 48990 48531 16209
  15774 48015 48969 16032 16164 48756 16141 16237 48919 15679 48857 16149
  15902 16009 16152 48725 16212 15751 48943 16072 16150 48827 16182 16207
  48868 16247 48951 48920 48929 16201 16029 48946 48628 15980 48981 16195
  16155 15402 16239 48680 16247 16043 16009 48939 16195 48660 48940 49017
  15860 15712 16096 16199 48983 16109 48928 16183 16163 15783 16087 48830
  48492 16164 48550 48785 48189 16168 48808 48935 16089 16166 48972 48901
  48951 48795 48587 16126 16026 15991 48791 16174 48491 16245 16009 48959
  16052 48819 16062 48988 48934 16182 48907 16172 48866 16018 16070 15567
  48839 48915 49007 48840 16028 16224 16190 16136 16147 16040 48885 16208
  16046 15863 48967 48600 48546 16186 15807 48756 16244 48967 48670 49002
  16117 16214 48865 16183 48852 16210 16130 16156 49014 16236 16104 48839
  16168 48863 16190 48966 16080 15782 48974 48900 49017 48511 48843 15945
  48847 48844 16121 48999 16206 16180 16043 15934 16200 48929 48983 48901
  16150 49006 15913 16253 16182 15663 48991 16169 15946 48965 48975 16209
  16045 16168 16194 15890 15630 48654 48827 48645 16140 15952 16200 48615
  15963 16006 15931 16079 48902 15562 48970 48748 48330 16027 16230 15950
  16121 15437 16009 48987 48891 48781 48481 49000 48952 48868 16241 48812
  48403 48923 15970 48864 48918 15623 49021 49020 48911 49005 48968 48805
  16154 15891 15567 48851 16221 48722 48979 15983 48965 48798 15474 16191
  48211 16079 16252 48956 48870 48727 48672 48694 16208 16091 15964 48835
  16165 16232 16164 49023 16011 48997 48888 48993 15956 16063 48965 48749
  48563 48774 48962 48677 16128 48987 48982 48788 16226 16044 16054 48781
  15935 49018 16011 16211 15974 16191 16101 48962 16206 48989 15755 48951
  49018 48671 48849 48357 15902 49001 48961 15856 48800 16106 16027 16176
  16069 48655 16049 48870 48838 16147 48603 16152 16165 16183 16213 48653
  48825 15912 48771 15950 16082 16064 48768 48938 48654 48950 16199 48797
  48944 49010 16021 16012 48803 48987 48697 48833 16053 15960 48778 48912
  16249 48572 16064 48952 48364 49009 15410 16237 48749 49004 49008 48741
  48942 49012 16131 48553 48855 16204 48964 16233 48830 16198 15954 16167
  16247 48856 16236 48738 48746 48803 15785 48945 15836 15786 16134 16170
  48627 48842 48886 48924 48994 48801 48875 16238 15852 48796 15908 48952
  48613 16001 48309 48713 16252 16194 15996 15886 15991 48920 48726 49003
  48456 15792 48907 16237 16209 16099 15752 16189 48957 16148 48960 16150
  48869 16193 16227 48947 48536 16246 48391 16186 15925 48767 48859 48919
  16134 48744 15544 48251 15902 16187 16246 48701 16167 16135 15894 16233
  48921 48968 16181 48633 16177 16201 48992 16196 48595 15530 16001 16218
  49014 48445 16064 16100 16069 48955 48845 48784 16155 48866 48916 16234
  49019 16254 16053 16168 48850 49016 16115 16171 16118 48950 16129 16137
  16034 16136 16177 15976 48978 48330 48984 48701 48702 48990 48794 48967
  16157 16229 48986 16233 15672 48845 48984 15011]
 [16150 16084 48998 48986 48710 48849 48905 48864 16155 16219 48706 16207
  48822 48449 48908 16015 16245 15955 48785 16023 48961 16198 15306 48591
  15919 15999 48987 16059 48900 16091 16165 16155 15831 15653 48950 16140
  48874 48088 48860 48955 16004 48996 16126 48826 49023 15542 49000 48869
  16083 48991 16173 49022 48897 16118 48828 48971 48783 48875 16175 48831
  16147 16200 48647 16209 48763 16237 48978 16063 48202 48742 16007 16080
  49021 48938 16090 16042 16238 16133 16230 16079 48846 48970 16144 16019
  48999 48783 16233 14930 48649 48557 48917 48774 48773 48997 16136 48682
  16164 16179 48915 16033 48483 16194 48913 16054 15964 48849 48954 16027
  16116 48828 16020 48726 16090 48922 16199 48857 48775 48994 48966 15617
  48877 16171 49016 48759 48806 49014 48960 48688 48233 48708 15741 15938
  49018 48531 16237 15643 16053 48832 16140 16139 15662 16243 48959 49015
  16138 16157 48962 48880 49015 48851 16139 15635 48795 48771 49023 48845
  16021 16242 16177 49011 16204 16144 16143 48556 48720 48841 48990 48907
  48897 48386 16125 48470 48994 16234 16226 16146 16251 15798 16236 48985
  48777 48908 48923 48951 15994 16144 15904 48948 16159 16011 48741 16050
  48885 48798 16213 48854 48501 16199 16084 48992 48948 49019 16006 48598
  48955 16234 15730 48900 15006 16055 48984 48870 16157 48549 15806 48649
  49001 48939 48607 48916 48998 16175 16246 16150 16181 48900 16235 48923
  16231 16253 16088 16246 15886 48886 48641 15935 48986 15994 16246 48926
  16149 16208 16227 16235 15663 16244 16131 48941 48445 16095 48897 16015
  16042 48940 15877 16139 47888 49017 49019 48786 16218 48906 16009 48910
  48822 16178 16106 48975 48658 49009 48412 16038 48963 48856 48721 16214
  16252 49001 16133 48771 48732 16130 16214 16230 15901 48786 16147 48894
  15875 48784 16032 48900 48925 16214 48971 15427 48910 49004 49005 48934
  16187 48862 16230 15911 48641 15908 15624 16132 48862 48790 16201 16228
  16200 48676 16143 48449 48033 48919 15930 48928 48812 16181 48917 48987
  48988 16225 15458 48697 16159 16171 48811 16070 16138 16030 48946 16192
  15776 48862 48665 49004 48958 16135 49023 48682 15672 48996 16242 48908
  48840 48840 48906 49023 16106 16239 48909 16038 16119 16178 48670 48841
  48818 16089 16162 48931 48772 16205 16157 16248 16130 48730 15929 16036
  48983 15798 16086 48938 16143 15915 16231 49002 48880 15951 48848 16091
  16132 48971 15586 15505 48773 16221 16167 16073 16091 48540 16215 16071
  16106 16185 48871 16157 48924 48798 48808 16245 16182 16077 16104 15870
  16228 48117 48756 48940 16146 16112 48748 49011 16173 49018 16080 16240
  48639 48903 16081 16162 15806 16239 48997 15389 16095 16185 48932 16153
  15831 48723 48956 16187 48943 48834 48854 16190 16048 16151 48895 15999
  15890 16170 16207 49017 16050 48997 15816 48857 48837 48790 15992 48809
  16110 48707 48989 16145 48859 48649 16061 48811 48995 48769 16227 16017
  16047 16007 48922 48679 16128 48972 48867 48869 48651 16245 48989 15641
  48932 16240 48965 48709 16115 16081 48670 48797 48721 48881 48918 48394
  48877 48857 16032 16239 15956 48984 48985 16231 48847 48976 15946 15997
  16024 48878 49016 16238 48895 16052 16083 15969]
 [48831 48874 15944 16187 16228 48969 48944 16227 16114 16196 48920 15923
  16077 16056 48700 49016 15913 48892 48587 16234 48718 16173 48927 16048
  16244 48971 49019 48648 48976 16126 16212 48647 48887 48646 16100 49019
  15927 15976 16012 48900 16091 48977 48921 16193 16116 49016 48896 48914
  48874 48897 48991 48552 16110 15962 16049 48982 16231 16173 16156 16165
  16221 15797 48921 15983 16120 16115 15663 48988 48771 16215 15916 15773
  48876 48774 16202 16042 16147 48571 16005 48896 16082 48660 48619 16024
  16223 48991 16166 48852 48613 49012 48843 15276 48995 48273 16218 48970
  16135 48696 16030 48885 48942 48941 48987 48928 16040 16195 16160 16061
  48967 48855 48834 48896 15605 15761 48786 48789 16168 16148 48836 16211
  16231 48817 48789 15416 16225 16192 48971 48731 15834 15309 48924 16183
  16053 16173 16183 16126 48632 15970 48941 16049 48932 16070 48906 48963
  48939 49022 16095 16109 15604 48941 48981 49014 48939 16200 48900 48789
  48970 48910 15645 15964 48898 48994 48735 48904 48911 16235 15982 15848
  48684 48657 15783 16073 16078 48936 14700 48692 16189 16006 15749 48964
  15960 48963 48806 48950 16068 48918 48733 16202 48919 15487 48677 49014
  16149 48988 48466 15864 16003 16065 48892 49018 16100 15762 16172 16164
  16175 48372 48810 16149 48583 48930 16181 16195 48521 48985 48741 16155
  16205 48919 48989 16193 48738 15787 16239 48989 16023 48986 48767 16155
  48648 16254 15857 48823 48911 48793 48770 48988 48773 48530 16100 16032
  16085 49019 48912 16037 48387 49021 16155 16139 15814 48989 16136 15915
  16144 16128 16155 15635 48952 16047 15990 16120 48937 48924 16199 16127
  16209 16132 15942 16029 16199 15905 16007 48943 48469 16093 48874 48920
  48830 48900 48913 48665 16208 15463 48927 48984 16072 48752 16164 16035
  16151 48873 16068 48881 16224 16011 48819 48876 48926 16071 48912 15939
  48881 16037 16161 16142 16133 48927 48978 16075 48774 48650 49008 48886
  49006 16194 48899 15850 49004 16042 48821 16203 16198 48818 16205 16254
  16166 16176 48896 15901 48989 48975 16255 48817 16126 16157 16183 16254
  48900 49003 48693 48957 49012 48782 16145 15879 48831 16030 48905 49016
  16135 15997 16134 49004 16172 15988 15873 15999 16186 15922 15909 16251
  16131 48620 16084 48738 48906 15942 16219 16219 48801 15714 48915 16253
  16246 16025 16155 16092 15934 48996 48569 16050 16053 48769 16226 48938
  14908 16067 16073 16024 48870 48944 16011 15947 48932 16082 48567 16043
  16172 48937 49014 16142 15968 16076 16173 16155 16235 15763 48316 48712
  48945 15892 48868 16215 15914 15934 48788 48997 49007 48669 48980 15962
  16195 16196 16034 48915 16185 16197 48923 16115 48858 16154 16254 49008
  16203 15995 16242 48527 16177 48992 48808 48989 16243 16162 16180 16224
  48980 48746 48987 48916 48906 48509 48876 48972 48938 48948 16242 16132
  16239 48630 48866 16152 48817 48845 48904 48957 48889 48788 16050 48991
  48916 16158 48948 48801 16186 48944 48981 48381 48842 15873 16155 48953
  15909 15412 48950 15997 48871 48327 48981 48549 48838 16165 48994 48678
  48554 16102 15896 16043 16141 16185 48830 15771 16174 16250 16199 48771
  48924 48301 16119 48243 48393 16173 48781 16184]
 [48702 48815 48572 16134 48959 48923 16231 48934 15882 15906 48297 16020
  48906 15831 48770 16037 48951 15889 48929 48866 48912 48930 16166 48859
  16218 16240 15889 48950 48768 16152 48775 48979 15848 16176 16151 48934
  16048 48911 48912 16191 48896 48882 49023 16189 16149 16002 16128 48946
  48554 48792 48975 48355 16215 49003 48853 48917 48902 16209 48514 48522
  16133 48944 48336 48655 15942 16255 16137 48721 16167 48936 49008 48919
  48803 15533 15979 16210 15521 15143 48998 49006 15825 48637 16173 48941
  49011 48592 48902 48998 16101 48966 15965 48864 48935 48758 16154 48732
  16128 48959 16139 48902 16053 15878 16219 48742 48990 49014 16167 15690
  16140 48903 48798 49008 16236 16043 16221 48880 15972 16054 48826 16178
  16228 16197 16116 48867 48863 16237 49018 16093 16083 15995 16250 48832
  48803 48983 48618 48884 48800 16171 16222 48928 48770 16219 48992 48976
  48940 15938 48946 16239 48602 15174 48897 48493 16037 16128 16129 15903
  16207 16162 16131 48995 49020 48915 16039 48693 48711 16196 16202 16209
  48830 16067 48873 48926 48929 48801 48655 16169 48962 16112 15744 48857
  48235 48844 15940 48647 48939 48964 15807 16206 48799 16110 16034 16220
  16164 15880 16032 16203 48717 48817 49018 16167 16154 48970 15901 48531
  48963 16246 48914 48989 15938 16116 49007 16034 15748 48971 48935 15883
  48848 16224 16163 16247 48886 16240 48652 48796 48998 48996 16068 48556
  48908 15977 48893 15902 48784 16165 16164 48441 48792 48780 16156 48815
  48916 48980 48520 48402 16174 48910 48755 16157 16165 48748 48551 48841
  16221 48963 16222 16060 15745 49007 48455 48700 48941 16032 16241 15870
  16091 48988 48680 48964 15975 16224 16037 48984 48788 15823 48710 16170
  16161 15973 48769 48890 48969 48788 48689 16052 16033 48988 48726 48930
  48943 16167 49002 48677 48937 16194 15849 48905 15263 16109 16234 48911
  16197 16222 16213 16010 16004 48710 16129 15744 16053 48658 16109 16166
  48949 16170 15781 16176 48652 48759 16212 48894 16176 48386 15590 48836
  15893 48818 49003 48873 49020 16244 16238 48726 16105 48797 16047 16156
  16228 48716 16145 48879 16251 49010 15956 16035 16064 48962 16224 48931
  15995 48909 48837 15806 48681 48941 48936 48679 16131 16203 48980 48730
  48972 49015 16037 15953 48940 48904 49011 16171 16243 48954 48905 16188
  16218 48676 48998 49003 15895 48731 49009 15914 49018 16147 48838 49003
  15924 48721 16242 15797 48870 16086 48873 16206 48768 15820 48998 48663
  16170 16156 48909 48908 16162 16220 48975 48588 48806 16189 48981 48915
  16129 48997 48244 48621 48809 48727 15733 48941 15891 16156 16133 48945
  48947 48877 48782 48699 16056 48994 49006 48733 16073 48924 16016 48885
  16197 16202 48847 48906 48693 48900 16048 16166 16049 16166 48722 48943
  16115 48782 16047 48874 48982 16252 48944 16250 16244 16150 16035 15903
  16187 48855 48516 15988 48693 48660 48813 15875 16179 48920 16222 16065
  16165 15846 16143 49015 16163 49003 16199 16251 48850 48916 16135 48892
  16187 48971 48959 16245 16050 16177 48819 16052 15937 15955 16058 15898
  48657 48869 16137 48908 16068 48904 16000 16125 48912 48993 48956 15961
  16178 49000 16111 48802 48431 16219 48812 48525]
 [49016 48982 48887 49009 16006 48662 15813 48934 48848 16039 16238 48998
  16199 15901 15874 14866 48988 48977 15950 48802 16213 48703 48950 16091
  48851 15696 16074 16204 16149 16052 16055 16228 48849 49023 48873 48912
  16037 16008 15935 49015 16106 48820 16041 15847 48801 48955 48975 16169
  16214 16025 48971 48712 16106 16143 48963 49023 16089 48786 48891 49017
  15781 16179 16234 15878 15596 48980 15816 48757 15963 48739 48900 48975
  48829 48974 48933 16249 48612 15746 16191 16253 15913 16159 48817 48838
  48711 16048 16058 48829 48955 16007 48958 15904 16070 16077 16129 16190
  47276 16107 15988 48928 49010 48860 48617 15983 16179 48923 48959 16237
  48968 48432 15919 15785 48979 48994 48969 15919 15797 48904 16013 16163
  49002 47989 16065 48893 48836 15976 16203 16158 15914 16107 48778 16016
  48522 48926 16078 15847 48784 16210 49013 48828 48994 16136 16078 48812
  16051 48725 16131 48571 48691 16222 48895 48962 15917 16240 48762 48992
  48804 15426 48941 16033 16254 48581 48788 48715 48965 16196 48686 48742
  16035 48621 16023 48992 16160 16225 16024 16232 48946 48441 15952 15911
  48713 48805 48959 48733 48940 16111 48917 48994 15830 15939 16190 15901
  48798 16155 15780 48983 15878 16208 48724 48848 48950 48946 48649 15939
  48982 16225 16130 15921 16168 48982 48445 16005 16168 16145 48868 16225
  48960 16192 16241 48933 16099 49003 48705 15621 15909 16223 16048 48409
  16158 16230 49012 16247 48979 16160 48864 48956 48630 16019 48755 48996
  15947 16206 48751 48913 48619 48999 16164 16167 15924 48790 16153 15839
  16166 16006 16145 15945 48687 16234 15784 15959 48911 16000 15890 48929
  48993 15957 16135 15679 48907 16042 48982 48622 48940 48929 48920 48744
  48997 48721 15551 48392 48752 16173 48949 15418 48992 48987 15895 15879
  16193 15853 16235 48999 48973 49001 48929 15785 16021 49000 16228 16175
  48848 48984 48937 48959 48960 15640 48898 48785 16250 16060 16229 48951
  48753 15840 48984 49021 16046 16017 48694 48297 48685 49011 48808 48933
  48973 16233 15947 16106 48829 48730 48902 48974 48932 16152 16053 15808
  48460 16216 48986 48864 48793 16144 16252 48900 16191 16169 48908 48718
  48696 16244 48931 16153 48809 16108 48675 15904 16170 16155 16187 48993
  16068 48952 48684 15815 48711 15648 16254 48954 16051 48724 48955 48942
  16230 16194 16208 16251 48917 48788 16045 48388 48679 48785 15936 15898
  48941 48487 15835 15887 48916 16120 49011 48788 16143 15874 48884 16071
  15882 16151 16112 15969 48321 48955 48884 48677 15947 15584 48856 49020
  48118 48859 16112 49011 15917 16226 48934 48488 48977 16000 15822 48701
  15663 16203 48923 49012 16185 15901 16200 15942 16158 48656 16127 16211
  15891 48931 48876 48922 48897 48838 15841 15924 48662 15980 48982 48979
  48936 15636 48914 48861 48716 16159 49016 16024 16044 16152 16221 49013
  48945 16197 48553 15876 16038 16055 16221 16254 16097 48857 16194 48998
  48905 16203 48889 48911 48953 16183 14580 16051 48901 16132 16133 48831
  48694 48916 16243 16021 16222 48841 16144 16136 16068 16238 48729 48957
  16047 16106 15897 48918 15378 48832 48660 16020 16123 48905 48705 48876
  48922 16145 16209 48772 16128 16203 16177 48930]
 [16233 48764 48804 48992 48354 48968 48896 48827 16158 16192 48842 16183
  16182 16135 48948 16066 16227 16058 48812 14999 16021 15533 48962 48832
  16154 16185 48953 16231 48815 16038 16128 16159 16228 48831 16183 48956
  16081 16119 16053 48893 16190 48937 48996 16094 48456 16178 48750 48937
  16172 15816 48927 16097 15542 15957 48544 16168 16168 16086 48970 16173
  16047 16073 48780 16194 16102 48966 48700 16197 48999 16236 16055 16006
  48874 48896 16226 48846 16141 48730 48952 49018 15797 16243 48774 48786
  48799 15656 48627 16194 15412 15486 48953 16247 48896 48986 16039 15939
  48685 48671 16145 48923 16163 16024 48677 48555 48889 16129 15570 48823
  15940 16253 48644 16215 48798 48995 48919 48678 48911 49023 16212 16176
  16120 48938 48962 48989 16101 16219 48654 48962 15563 48794 48768 15992
  16095 48967 49005 16253 48904 48996 48926 49004 48733 16154 48802 48612
  16051 15505 16185 16187 49018 16142 48544 16250 48393 16249 16130 48896
  15773 16251 16183 48974 16083 48798 49020 48709 48903 16163 48806 16167
  49023 48836 48900 48904 48989 48928 15843 48853 48681 48764 16192 16207
  48230 48813 48969 16232 48993 48847 48846 48823 48939 16144 48961 16010
  48960 48987 16209 48926 16164 15798 48984 16233 48897 16184 48937 16181
  49017 15553 16137 16222 16209 16163 16198 48921 48860 48856 48763 48730
  15798 48942 16067 48938 48834 15323 16151 16117 16021 48944 15808 48979
  48763 48689 49003 48871 16233 16232 48791 49001 48932 48732 16229 48951
  16134 48968 16246 48754 16140 48801 16002 48925 48949 16224 16213 16198
  16000 16157 48988 48809 48830 16010 48787 48947 15941 16160 48753 48956
  48923 48902 48844 16018 15950 16072 48780 16165 48919 48509 16154 48931
  48967 16196 48800 16060 49011 16066 48828 48995 15968 48900 48743 48982
  48948 48846 48978 16210 49020 48388 48960 48836 16218 48941 16238 48918
  16119 15807 16196 15837 15757 48923 48938 16213 48816 48770 16133 48805
  16231 16115 15943 16195 48998 48888 48527 48907 16121 16214 48668 48801
  16236 48609 48307 48791 16209 15885 16134 16159 48801 48647 16178 48780
  16150 16225 15996 16119 16156 16176 48726 48997 48712 16049 48587 16126
  48786 16009 48928 16127 15803 48919 48853 16126 48398 48913 16239 16092
  16234 48661 48459 16203 15693 16084 48893 48602 48960 48918 49023 49003
  16244 48899 16039 16173 15823 48945 16105 15949 16108 16138 16243 15894
  48802 16024 48988 16203 48962 48816 16161 15943 48729 48473 16181 48803
  16189 48978 16141 16177 48930 48654 48939 16083 15760 16010 48923 48915
  49002 48822 15860 16183 16042 48644 16231 16096 16220 15714 48886 48996
  16103 48961 48841 15749 15875 15949 48938 48758 15984 16240 16105 16216
  16134 15931 48925 16042 15996 15953 48295 15722 48809 15646 48922 16156
  48928 48980 48642 16034 48639 48868 15854 48796 16221 16216 15259 48816
  16114 49005 48462 48807 16215 49017 15832 16118 48373 48980 16241 15635
  15977 48902 48391 48657 48985 48969 16172 48901 48924 15392 16137 48992
  15901 48962 49005 48996 16171 48963 49000 48638 16176 48883 48672 49003
  48592 15902 15889 48811 48828 48969 48776 48973 16136 16238 16240 16186
  15950 16077 48859 16005 48565 48403 16131 48863]
 [48826 16217 48995 48363 16211 15970 15806 48896 48800 16180 15858 15601
  48973 49015 16237 48763 15955 48983 16059 16221 15898 48959 15911 16136
  48703 16194 16024 16204 15996 48956 48834 48920 16209 16133 16052 48843
  48929 16131 48467 48908 15982 49003 48818 48512 48948 16248 48916 48957
  48919 16137 48664 15877 49013 49006 48605 16162 16197 48979 15773 16211
  48741 16168 48955 16222 16128 16225 16052 48779 16224 48869 48811 16077
  16135 16219 48919 16152 16116 48991 48742 48862 48840 16247 16018 16094
  16244 48763 16154 48646 16189 48931 16229 48911 48817 16131 48729 15965
  48611 16120 48907 48994 48844 48466 48937 48788 48716 48994 15914 16196
  48946 15944 16040 48677 16077 48694 15383 49020 16068 16037 49004 48774
  16245 48674 15230 16209 16094 15912 16152 16186 48560 48459 48745 16238
  16073 48981 16185 48415 48988 15819 48681 16193 48919 16167 15852 48996
  16241 15566 48854 48506 16183 48839 48925 48957 48846 16143 48488 48907
  48938 48811 16225 48800 16249 48369 48932 16200 48546 16086 16247 48998
  48974 16097 48863 48929 49003 49012 16140 48955 48516 15960 48658 49010
  16145 49018 16134 16201 48649 15761 48444 48738 16198 16201 48808 15979
  16218 16236 15506 48577 48866 16234 48950 15907 48862 48866 48706 16255
  48995 15904 48981 48944 48631 15531 48886 48827 48979 48841 16238 16227
  48809 15889 16209 49020 16159 16229 48977 48941 16235 15769 49016 48888
  48589 16069 16110 16253 48857 15772 15752 48705 48937 16244 16180 47962
  15955 48907 15795 16071 15608 16251 15972 48772 16139 48936 48748 48796
  48651 16144 48385 16150 15900 48801 16158 48901 48909 15379 48884 49019
  16023 15541 48607 16239 15889 16186 48952 15885 16188 15914 16095 48771
  48976 48556 48728 16187 48899 16238 16234 48897 48795 16202 16238 48615
  48823 15701 16064 48871 16114 48997 48998 48744 48790 48828 48275 48823
  48925 48835 16243 48694 48610 15900 16247 48900 16057 16093 15963 48978
  16053 48991 15940 16117 48915 16174 49008 16176 48546 48912 48955 16232
  48986 48922 48795 15990 15799 48959 48855 48901 48914 48693 16080 48912
  48776 48735 16243 16232 16153 48900 48989 48827 48878 15426 16142 16183
  16176 48783 16063 48831 48992 16078 49018 48697 48814 16070 16136 48840
  16159 48851 48603 16104 16069 16249 48908 16038 15968 16212 48943 16128
  15883 48870 48465 48810 15906 16199 15885 16006 15641 48997 48904 48259
  48834 48930 15367 48821 48887 48531 48955 16219 16188 16084 48969 16141
  16157 16137 48965 16019 16171 15902 16021 48554 15723 49006 16014 48982
  48645 48852 15802 48955 16068 16151 48940 48970 48949 16193 15718 48518
  48969 16025 16188 16168 16001 48985 48966 48998 48888 48954 48885 48747
  16226 15970 16171 16087 48966 16113 48870 16014 48802 16254 48882 48866
  16220 49011 16073 16102 16172 16242 16243 48990 16164 16021 16022 48958
  16025 16247 16210 48633 49003 48781 16167 16078 48550 48995 48661 48509
  16219 16016 48832 15695 48990 16241 48783 48437 48788 16058 16038 16092
  48877 48828 48959 16031 49003 15944 16189 16200 48592 48550 48984 16046
  16164 48898 48673 16173 16193 48899 15823 48925 48971 16210 16164 16133
  48999 16175 48637 48801 15806 48977 16131 15912]
 [48928 48927 48929 48994 15923 16174 49015 48998 15893 16163 48817 48793
  15941 48871 49010 16112 16000 15909 16119 16051 48918 48791 48959 48957
  16052 16183 16236 16003 48929 48969 16160 15905 15986 16144 16080 16171
  48995 16125 16179 48858 16015 48830 16234 49006 15907 48938 16089 48933
  48903 48184 16212 48915 48950 16132 15010 16210 48948 16021 48904 48943
  16059 15935 16130 48835 48597 48705 16247 48852 48850 48788 15876 48893
  16212 48879 16202 48971 16032 16208 48937 16239 48576 16228 16053 48843
  48927 48840 48976 48950 48970 48669 16151 48951 48957 16018 48923 48974
  48938 16216 16164 48789 16031 15768 16053 16059 16003 48879 49004 48565
  16200 15886 16170 16251 48940 16068 16050 16245 16248 16063 48899 16152
  48969 16143 16210 48751 16005 48655 48638 48834 16134 16223 16225 48934
  16191 16115 48893 48989 48877 16211 16008 16098 48888 16096 49009 48767
  16001 48949 16165 48903 16027 48706 15940 48968 49015 16209 48875 16163
  16255 48915 48880 16038 16238 16212 15292 16151 48954 16244 16237 48940
  48845 48972 48873 16161 48761 48978 48801 16246 16004 48683 48938 16248
  16164 48863 48988 48995 48962 15909 16219 48085 16175 48605 16085 16109
  48934 48782 16012 48987 48781 15758 16254 48464 16161 48651 16151 15939
  16197 48694 15957 16005 48681 48950 48976 49015 16191 48902 48915 16113
  48824 15430 48940 16235 16180 16186 48702 16134 48950 49019 49013 15921
  48566 15635 49020 48670 16095 48618 16109 48904 16160 15925 48916 48902
  16003 16168 48684 48887 16187 16045 48596 48326 48919 16001 48784 16253
  48418 48359 15878 16213 16154 48584 16095 15920 48250 48925 48531 48898
  16212 48808 16231 15751 16006 15791 48957 48766 48973 15995 48601 16142
  48911 48939 48703 16218 16087 48678 15629 48980 16248 16042 48859 15919
  48967 16238 48934 16023 48898 16094 16141 16049 15978 16200 48983 48813
  48896 16249 48738 16110 16061 48915 48901 48863 48694 48904 49013 16194
  16238 48802 48805 49020 16056 16166 48948 48942 16148 15982 49001 15994
  48835 48774 16138 16159 48716 16228 48703 16139 48388 16203 16208 48979
  16223 16166 16149 48921 16156 16179 48855 16231 48998 48947 15769 15899
  16020 49015 16235 49001 48950 49016 15880 16221 16041 16165 49017 15788
  48549 47879 48987 16060 15315 16135 48368 48947 16023 48935 16190 15975
  48943 16236 15638 48986 16001 48892 16155 16162 16245 15221 48568 16129
  48956 15808 15805 48978 48679 16180 16182 48973 48977 48882 16191 48958
  16097 48972 15996 48787 16147 48904 16014 48903 16090 16191 48959 16187
  15935 48958 48660 48941 16077 16132 48969 15433 16161 16223 15581 16230
  15762 48728 16178 48229 48486 48286 16177 16169 48709 48810 48260 15893
  48901 16150 48349 48809 48969 48901 16230 48839 48937 48545 48837 49005
  48821 15796 15827 48786 48599 16238 48763 48887 48899 48556 16132 48918
  16086 49013 48678 16141 48805 15874 48919 16119 48997 16180 48922 16191
  48791 16100 48825 16207 48959 48932 48228 48982 48923 16227 16243 48765
  16216 15799 48875 16079 16034 16250 48880 16048 48997 48965 49021 16255
  16154 16146 15519 48844 48946 48860 48766 16131 15778 48984 49014 48971
  48695 16221 16012 16154 48521 48781 48968 16192]
 [16144 48937 15560 48334 16000 16228 15907 15780 48998 48991 48928 49007
  16121 16100 48954 16172 48944 48843 48896 48770 48891 48309 48701 16249
  48995 48951 48996 16000 48996 16172 15555 15709 15868 48936 48922 48825
  15935 48916 48964 16240 49012 16154 16147 48847 48954 48949 16074 16018
  16144 16223 16068 48944 48899 16175 48916 48986 16080 48711 16215 16025
  48977 16229 48887 48806 48712 48997 48100 48960 48714 48792 16139 16155
  48945 48776 48769 48946 16152 16084 48926 48776 48969 16003 48961 16248
  16143 48736 15904 16210 15837 48934 48760 16175 16019 16026 16187 16201
  16214 48975 15796 16118 16131 15962 48938 16152 16097 48979 48532 48934
  48806 49014 48716 15820 15988 16039 16172 48913 48962 16179 48943 16243
  16175 15077 16246 48974 48841 16013 48793 16219 48990 15818 15930 16028
  48890 48778 16175 48924 16167 15872 16134 16090 48917 15884 16188 48651
  16238 48579 48950 48738 16231 48824 16188 16195 48793 48981 16101 48833
  16144 48618 48369 16142 48752 48616 48765 48775 15700 16158 48781 15686
  16046 48876 48867 16221 16100 15902 16023 49008 15985 15515 15803 48783
  48982 48925 16230 48698 48520 48997 49004 16094 15772 15502 48899 16122
  48937 48926 48544 48858 48897 16020 16026 16166 48680 48986 48871 16245
  15941 16086 49020 15637 49004 15885 16215 16239 15782 48555 16227 16049
  48990 48524 48900 48503 48566 15912 48786 48939 15347 16169 16039 48805
  16222 16211 48916 49003 16119 16167 16239 16199 15949 15734 49009 48897
  48549 16003 15850 16120 48865 15877 48978 48688 16128 16070 16251 48867
  47981 48814 48627 16182 16060 16195 48919 16191 48993 16198 48815 48829
  15558 16225 48999 48791 16182 48724 48922 48666 48746 16212 16134 15399
  16250 48526 48994 48883 48642 48943 16229 16136 48877 15929 16098 16225
  16195 15608 16140 15870 15831 48965 48959 15729 48876 49013 16100 49007
  15939 15776 16240 48385 48991 15827 16174 16254 48654 48824 16208 48926
  15980 48705 49002 48796 48880 16062 16229 48877 16159 48995 15772 48987
  16222 16136 16033 16165 16023 16240 16091 16217 15628 48964 15718 48959
  15933 48399 15995 49018 48924 48270 16230 48750 48666 16091 15956 48845
  48694 48912 16238 48957 48771 49010 48910 16143 48920 48983 48465 49018
  48980 16157 16138 16212 16181 16059 48997 16144 16176 16153 15498 48904
  16176 16104 16246 48944 48908 48915 16149 48928 48989 16255 49011 16171
  48777 16174 15839 16205 16218 49019 48985 48895 16045 16198 48548 15963
  48927 16156 16239 48876 48169 48979 15858 15286 48950 48621 48809 15666
  15919 49019 16133 16090 48776 48996 16130 16233 48901 48820 48929 15901
  48944 48787 16073 15862 48744 48675 15870 49020 48983 16195 48984 16083
  16215 48874 48772 15885 16195 16226 16117 48979 16045 48695 48496 48998
  48926 16148 48572 48843 48749 16181 16126 48873 48963 48893 16215 15911
  15753 15941 48777 16157 15678 48964 48957 15766 16223 48836 16189 16135
  48897 49005 48971 16105 48921 48771 15198 16102 48966 48703 48372 15783
  16163 48936 16157 16069 15844 16076 48692 48953 16041 15690 16014 48805
  16208 15922 48980 48589 16131 16150 48177 16202 48877 48695 16204 16202
  16062 16183 48978 16186 48823 48932 48901 48680]
 [48894 48823 48954 48848 15892 48622 48796 16124 16201 16131 48812 16122
  48946 48957 48798 16157 48897 48991 48956 16183 16008 48892 15842 15713
  16031 48904 16186 48835 16070 49015 48770 48791 15794 48986 16148 48912
  16053 16155 15869 16118 16037 48787 16158 48850 15889 16123 48759 48841
  48550 16162 16220 15800 16037 16206 48973 48905 16085 16165 16182 48685
  48978 48638 48905 48853 16139 48985 16167 48660 15940 48978 48806 48978
  16236 16157 48549 48909 16221 48799 48941 15873 16227 49022 48902 16224
  48936 48966 15887 16185 48443 16253 16055 48986 16252 48700 48857 15853
  48840 48979 49023 48590 16172 15892 16255 48858 48864 48942 48939 48859
  16149 16207 16243 48905 16195 48815 48966 16189 16011 48939 48655 48857
  16114 48574 16250 48995 48788 48404 15309 48828 16106 16191 16224 16156
  16179 15823 16166 48841 48719 48827 48517 48859 16236 48831 48973 15707
  48994 48967 48911 48530 48648 16153 16117 48662 48810 48827 16140 48997
  49017 16151 48443 48956 48903 16221 16184 16086 48401 15654 16243 16238
  48913 16159 48923 48914 16052 48706 16220 48978 15548 16214 16206 48943
  48776 15987 48942 16239 16212 48938 48961 48980 16209 48924 48683 48593
  15946 48987 48907 16220 16209 16144 49014 48817 16003 48870 16209 16009
  48987 16209 16234 48984 15748 48841 48731 48932 15903 16234 15305 48981
  15989 48803 16182 48645 48925 48926 16137 48880 16136 48918 48822 48525
  16226 16221 48918 48785 48947 15523 48545 16205 16220 48750 48263 16202
  16157 49022 48824 48672 48906 48921 49004 16018 48883 48997 48905 16154
  16179 48394 48683 16244 48921 48913 48853 48935 48759 16210 15980 48692
  16222 48999 48916 15878 15980 49003 48710 16024 16074 16013 48823 48976
  48661 48958 16229 48459 48827 16136 48006 48834 16159 16187 16049 48999
  15879 16134 48954 48906 16195 49013 16129 48470 48602 49020 16163 48783
  15782 16053 16079 16233 15744 48717 16232 16017 48846 48959 16175 48781
  16036 48495 48922 15952 48992 48689 15806 48642 16126 16167 16138 49004
  48924 15765 16222 16171 16175 48841 48656 48495 48943 49008 16228 48900
  48901 48981 16219 15907 16043 16210 48798 15992 49004 48928 16169 16136
  48792 48764 15753 49023 48900 48917 48895 16156 48865 48925 15371 16187
  48900 48983 48787 16125 15823 16162 16235 16149 15956 48218 49003 16247
  48750 48946 16042 48860 15919 15921 48606 16172 48880 48594 15770 16039
  16145 48727 16021 48946 16221 48751 16107 49013 48918 48339 16193 15711
  16220 48388 48284 48962 16154 48897 16204 16210 16226 15653 16053 16142
  48956 15950 49006 48031 48944 48930 48778 48650 15996 48985 15345 48930
  15895 16012 15848 16116 48808 16135 48649 48385 16023 49014 16029 15986
  48834 48980 48977 16216 16065 48958 48786 15933 16171 49001 48902 16199
  49019 48920 16235 15976 48884 48989 49009 48898 16195 48684 16097 16214
  48700 48926 15628 16208 16155 48990 16069 15891 16208 48961 15755 16194
  48696 48403 48987 48867 48819 16227 48862 48544 16047 48940 48350 16116
  16187 16001 16045 48959 16228 48956 16140 48880 16221 16097 16129 48911
  48617 15985 16138 48970 16236 16199 48875 16165 15638 48540 48830 15909
  16107 48694 16004 16076 16088 48997 16184 48554]
 [48883 48900 48395 16198 48761 16127 48974 48452 16251 16138 48916 15164
  48904 48697 16143 16138 48907 16216 15933 48757 15229 15959 15861 48350
  15393 48933 16160 15787 48956 16136 16221 16229 48774 48954 15638 48966
  16222 48930 48893 48703 48751 16150 48562 48936 48878 15509 48948 15972
  15878 16091 16224 16211 16228 48898 48956 48842 16202 16241 16183 48967
  16229 48668 49019 48619 49000 15795 48805 48473 15975 16188 16037 48647
  16163 16207 48962 15746 48860 48999 16044 16185 48940 16159 16180 16212
  48880 16206 48823 15830 48998 49001 16097 48611 48889 48926 16046 49023
  16156 48983 48925 48744 48376 48788 48823 16237 16016 49012 48654 16192
  48843 48975 16132 15961 15888 48996 48952 15994 48917 15365 15799 48861
  16229 16175 16099 48984 48969 48236 48941 16244 48942 48333 48779 16014
  48957 48654 48870 16198 49003 16211 16170 48847 16148 49008 16239 15705
  48841 48780 48990 16250 49003 16030 48618 16229 48898 15747 48400 16079
  48989 48924 48914 16115 48927 15894 48913 16185 16226 15639 48791 48904
  48998 48877 16029 15753 16227 48724 16070 48302 15566 48877 48568 48495
  16083 16225 48814 49002 48114 15798 48937 16133 16248 16228 48923 16192
  16081 48573 15782 16178 48418 48769 48221 15906 48927 16205 16050 16008
  48973 15957 48962 48983 15711 48711 15925 48978 48653 48934 16249 15866
  16063 48818 48975 16243 48858 48668 16025 49011 16158 15765 48867 48992
  48940 16202 16062 48896 48990 16067 15892 48707 48779 48912 16045 16240
  48934 15942 48667 48602 48891 16166 48369 15793 48839 48930 48980 16091
  48923 16066 48736 48684 48508 48775 48972 48834 16039 16041 48858 48547
  48924 48916 49012 16203 48916 48907 48865 48958 16014 48985 48955 16020
  48804 16084 15851 48889 16026 48964 15765 48640 48877 15957 16190 16255
  15964 48707 48908 48888 48424 48775 16211 48774 48769 48750 16172 16026
  15977 48809 16162 49004 16189 15568 48720 48057 16043 49017 16190 48602
  48800 48953 48631 48112 48709 16054 48674 16236 15947 16157 48968 48722
  48807 15886 16184 48983 48986 16179 48915 16044 15791 16170 48959 48957
  15848 16228 48686 48817 15962 16220 16172 16253 49012 48966 15968 16164
  48859 48901 16146 48995 48773 15422 15863 16106 48788 15974 15918 15811
  16015 48886 48980 48962 48909 14799 16174 16078 16147 48792 48707 48729
  48925 48992 15930 16250 48938 49000 16143 48893 16168 16080 16228 48698
  16037 48527 16005 48590 48927 15489 15722 16159 16113 16039 48965 16097
  14879 16201 16214 48995 16164 49004 48776 15789 48948 16124 49019 48937
  15909 16091 16213 16082 16047 48728 49023 48962 15757 16051 48681 16108
  15667 48986 48925 16174 16102 16202 48963 16250 48916 49017 16254 48864
  16044 48933 15908 16206 48824 16046 48927 15999 48807 48915 48831 48932
  16205 48722 48898 48595 48823 16122 16241 48637 16184 15878 48943 16067
  15580 16026 16199 48627 16205 16128 48314 15955 48818 16247 16043 49001
  48817 15996 48995 49011 48588 48811 48636 48883 48939 16065 15598 48921
  48824 15932 48987 48948 48986 16159 16129 16129 16093 16045 48444 16017
  49004 15992 16142 14907 48785 48867 16018 16069 16189 48801 16138 15867
  16196 15715 15632 15903 16127 16237 48986 48996]
 [16224 15732 15979 48399 48976 16137 16125 48832 48838 16172 48986 16195
  48889 15934 16223 16054 48687 16066 48799 48868 16254 16128 16020 48788
  48998 49008 15837 16134 15769 16174 49006 48776 48902 48599 48986 16232
  48909 16216 48663 16248 15837 16220 49021 16126 16206 48952 48974 48666
  16222 15789 15712 48951 49023 16158 48979 16009 16212 48917 16041 48983
  15956 48940 16113 48843 48533 15947 48936 16119 48842 16038 48942 16064
  48958 48664 48897 16126 48883 16195 16200 48923 15977 48979 48734 16090
  16035 15999 48862 48761 48971 16096 15358 16085 48896 48819 48809 49010
  48802 16155 16203 15637 48566 49008 16194 49017 16227 48304 48801 16217
  49011 15910 15816 48911 48657 16027 16104 49023 16223 48939 48904 48882
  49004 48960 16249 48829 48964 48969 16096 16181 48888 49013 48909 48995
  48971 48652 48906 15618 48892 16225 16207 15880 48789 48755 48692 16105
  48582 16182 16227 48807 15864 48975 48921 48689 48918 16192 48942 48565
  15960 16068 48751 16188 15883 48631 48989 48528 16164 15978 16170 48196
  48963 49017 48841 16074 16148 48849 48142 48673 48695 48905 48954 48923
  48995 48922 49019 16002 48828 16242 48924 48797 48785 49019 16173 49007
  16225 16200 15761 15794 16029 48743 16022 49001 48996 48559 15819 16198
  48970 16165 48916 48728 48827 48716 48946 15337 16154 48623 48281 16178
  16083 48284 48888 16197 15901 48910 48876 16155 49001 16251 48957 16151
  48727 48255 16194 48690 15769 48998 49022 48898 16056 48961 48965 48694
  16023 16089 48932 48983 16225 48885 16180 16186 16139 48937 16164 16137
  15942 48806 48883 48961 15519 15918 48784 48457 48779 16016 16205 48940
  48754 48951 15999 16106 16221 48866 16230 48991 15954 48994 16201 15732
  16045 16169 48947 49004 16193 48829 48957 48513 15945 49008 48870 49007
  48675 16202 16247 16012 48941 16207 15621 48945 16215 16131 16109 16086
  48921 48915 16064 48911 48635 16144 16145 48575 16149 16173 16030 48907
  48871 48829 48964 48872 48916 48566 16209 48970 16097 16063 48974 16216
  15884 48779 16131 48888 16070 49003 16173 48596 16011 48910 16053 16139
  48475 15985 48562 16201 48011 16175 16154 48695 48906 48704 16167 48907
  15688 16156 48790 16017 48898 48968 16150 48973 48874 16181 48797 16242
  16245 48877 49003 16081 48584 48972 16084 49008 16189 48953 48958 48934
  16235 16069 16154 48721 48807 48903 48414 15828 16006 48888 16229 48937
  16238 49016 48410 48810 48592 15888 48643 48686 16110 16062 16170 48896
  15968 15918 48773 48356 48830 48951 48914 48969 16059 16036 16230 16107
  48997 16196 16185 48616 15919 16243 15748 16207 48981 48926 48626 15917
  16161 16249 48739 48999 16154 15957 48922 48169 16120 16138 47688 48839
  16242 16039 48699 48864 16108 48900 48936 15732 48855 16003 48963 16030
  48861 49023 48959 16222 16188 48904 16142 15966 16241 48769 16057 48991
  48724 16237 15775 48857 48962 16080 16020 48769 16230 49012 48840 16215
  48823 48893 15756 16165 48971 16226 16151 48931 16089 48747 48712 16145
  16236 48959 48674 48412 48765 48780 48997 16061 48642 48924 16161 16154
  48350 48846 16013 48856 48903 16108 49003 48975 49020 48945 48988 16253
  48856 48947 48900 16223 15653 48778 16191 48727]
 [48808 48917 48762 48827 16053 48855 15902 48990 48926 48701 16223 48763
  16040 48890 48958 48994 48839 48943 48934 16133 49015 15852 48758 15446
  15872 48831 48849 16111 16190 48925 48974 16203 48793 15826 48783 48959
  15926 15693 48920 48581 16152 15929 48974 15812 16079 16149 16004 48945
  16087 16053 49011 48692 48811 16045 48913 15930 16211 16152 16215 16244
  49018 15995 48690 16184 48894 16246 15976 16150 48980 48930 16132 49012
  16162 49016 16032 48778 15972 16072 48801 48968 48988 15926 15657 16120
  15519 48670 48720 49010 48808 16243 16191 48814 15923 16177 48624 49014
  48985 15530 16240 16069 48987 48927 16138 16174 15985 16019 49009 16168
  16147 48886 16085 48913 49003 48921 48932 48806 48679 15499 48446 48874
  49009 15959 48725 48846 16187 16124 16183 48164 48956 16072 48918 48624
  48990 16166 48959 16206 16186 48529 16122 15988 16155 48651 16146 48537
  16225 48351 48537 16145 16164 15839 48931 48516 16239 16129 16159 49007
  48515 16022 16168 48998 16180 15814 48922 48827 48863 15740 48997 48942
  16160 48956 48904 48574 15628 16134 48599 16148 15986 48966 48943 48640
  48723 16121 15909 48741 48936 48907 15898 48668 15604 48936 16038 16180
  48887 48267 16243 48810 15938 48977 15961 48978 16235 16092 16147 16081
  15927 48589 16183 16233 47868 16220 15914 15773 48570 48916 49022 48900
  15519 48757 48595 16246 48793 48579 48955 48999 16141 15888 16133 48947
  15891 48892 48907 49018 48957 48835 48964 16248 48835 48957 48922 15923
  48991 16185 16236 48897 48588 49012 16016 48688 48875 48918 16029 48683
  48932 16065 15877 16183 48963 16146 16049 48965 16071 48623 16227 48951
  16018 48753 16233 48814 16236 16205 48875 16155 16253 48893 48641 15653
  48849 49016 48911 48863 48615 48936 16191 16081 48980 16025 16029 16233
  49022 48897 16219 16221 16097 16136 48977 15587 48905 48931 16158 48954
  48512 16224 48928 16244 16253 15843 48936 48828 48666 48835 48864 16241
  48945 16110 49023 15940 16212 48857 48929 16027 16089 16064 48825 48893
  16233 16216 48558 16177 48579 48666 48943 48662 15769 49012 48612 16144
  16056 16010 16209 49014 15849 16147 15785 48820 48954 16198 48495 16193
  15919 16050 16155 16034 48720 15583 16155 48769 48741 48975 16212 48977
  16023 48689 48705 16055 48989 15935 16139 16168 48936 16203 16031 16195
  48369 15788 16214 16204 48596 48871 48730 48741 48858 48876 16184 48988
  16053 48935 48799 48992 48875 16137 16197 48910 48533 48499 16191 16134
  15574 16046 16177 49019 48710 16208 16118 15791 15730 48795 15656 16031
  48679 16091 16184 48944 48582 48700 16063 48896 16015 16193 48679 16210
  16252 48969 48904 16230 16234 48973 49016 48941 16253 48931 15270 16178
  49013 15957 48868 16185 48861 16063 16050 48910 49006 48697 48855 16158
  16153 48560 15962 15957 16167 48665 48869 48880 15764 48592 48629 48977
  16095 48914 48923 48690 48907 15915 48771 48593 15768 48919 48944 16194
  48647 48692 49005 48004 15837 15857 16083 48933 48893 16159 16228 48954
  48026 48914 48993 48818 48950 16086 15754 48950 49019 16157 48933 15961
  48806 15919 48828 48979 48909 48927 48659 16034 48881 49017 15643 15960
  16236 15927 48492 15894 16219 16168 48821 48902]
 [48883 15376 16121 15314 48989 16100 16156 48855 16040 48662 16199 16176
  15696 16068 16196 48140 48831 16129 48911 48740 16187 16101 48708 48914
  48787 48861 48933 16121 48893 48571 48745 16246 48735 48983 48978 15929
  15947 48678 48651 48996 15623 15387 48947 48970 48960 48972 15968 48923
  48894 48935 16234 16181 48905 48816 48916 48261 49013 16047 15677 16204
  48939 16155 16149 48958 48719 48936 48891 48882 15846 48693 16229 48959
  16242 48905 16139 48804 48950 16183 48835 16034 15880 48487 48136 16109
  48979 16044 16202 48994 48951 16093 48640 48709 48953 15453 48959 48447
  16134 48887 48413 16251 16063 16174 48686 16137 49003 48961 48920 48712
  16177 48797 16030 16086 15920 48786 15901 48801 48981 16252 48958 48986
  16193 48842 16025 48815 48734 48883 48800 48694 16097 15549 16227 49002
  15305 15916 16215 48998 15894 16181 48900 16192 49014 16110 16221 16032
  48633 49001 16215 48499 49009 16066 48404 48960 48914 48990 15896 15993
  15420 16162 16184 15980 49017 16071 48679 15878 16024 48793 16213 48955
  16047 49021 16217 48966 48975 48811 48769 48914 15918 48617 49006 48824
  16158 16066 16102 16074 48833 48972 48872 16169 16246 48201 49019 48952
  48822 15904 48985 16226 48778 16211 16143 16130 15962 16001 16013 16003
  15836 16249 16109 16141 16190 48913 48981 48396 15590 16168 48614 15889
  15709 49004 15979 16167 48943 15937 15935 48939 48960 16245 48729 48907
  48936 16043 15968 16018 48978 16201 48738 48831 48538 48737 16186 16219
  48841 16186 16144 16220 48898 15901 48870 16165 49021 15876 48804 48821
  16020 16179 15967 16180 48881 15647 48586 49018 15848 16037 15932 16113
  15890 48989 48964 15941 48870 48983 48656 15838 48815 16097 16019 48811
  16130 16024 16012 15834 49018 16073 48765 16226 16162 15923 48893 48919
  48803 48447 48848 15604 48939 16244 48968 16221 16211 15695 16102 48642
  16005 48803 48843 15904 47989 15906 48858 48776 48981 48997 48892 48985
  48970 16160 49004 16034 48872 16190 48373 48839 15632 48753 15875 48965
  16254 48664 48795 16087 48779 16170 48571 16096 48968 16177 16113 48915
  48949 48828 16243 48889 48563 49008 48722 15890 16231 15625 16163 15809
  49003 48829 15898 16230 16183 48907 48911 48920 16216 16180 16140 48731
  15375 48530 48892 15396 49008 48956 16197 16128 48669 15628 48773 16118
  16145 16134 16099 48919 48805 48503 48813 16130 48814 48953 48718 16245
  48908 15973 48649 48987 48326 16079 15576 16190 48856 48979 16223 48761
  15900 16149 48819 16093 48954 48853 48949 16159 48910 16094 16226 15715
  15779 48543 48818 48455 15954 16248 16224 16185 16199 48515 16033 16202
  48731 16236 48684 15951 16086 16230 48898 16124 15658 48876 16141 15829
  16036 48821 48409 15984 48706 48922 16236 15547 16111 48694 48788 48702
  48697 15796 15794 48058 48954 48128 48937 48959 16221 15958 16035 48713
  16209 16013 16137 48774 16235 16164 16181 48935 48874 48859 48874 16181
  49007 48985 48871 48921 48905 16152 15873 49021 48656 48700 48965 16052
  16078 16098 16105 49023 16232 16160 16206 49015 16222 16158 16172 48976
  16116 16235 16054 15888 16228 48617 15947 48449 16221 48985 15122 16063
  16149 15914 16209 16226 48991 48711 49011 48814]
 [15767 16210 16177 48958 48976 15926 15747 48879 16204 16218 48711 16199
  48749 16114 48453 48961 16219 48572 16112 48776 49014 48972 48119 16066
  48809 16072 16075 16080 48245 16212 48305 48587 48921 48836 49002 16008
  48896 48840 16138 48816 48899 48937 16140 48957 48573 15459 16063 16008
  16159 49001 48848 48865 48949 48855 48834 15667 16039 48755 16096 48807
  48854 15784 49011 48983 48679 16226 16098 48978 16177 16109 15971 16163
  48708 48910 15556 15816 15772 15877 16229 16205 16192 16154 16227 48973
  48880 48162 16177 15401 16125 48952 48893 16109 48939 48792 48880 48793
  16085 48775 15842 48972 16156 48773 16024 16102 48916 16196 15982 48657
  48930 16226 16130 48917 48806 16158 16072 16136 48624 16093 48744 48915
  16007 16243 48833 48543 16050 15786 16175 16134 48994 16255 16129 16186
  16026 16182 48966 48795 16192 48920 48983 16147 16171 48940 16181 16063
  15652 16169 48677 48924 48860 15401 15744 16156 16149 15910 16143 48925
  48998 16191 48985 48897 16072 48697 16192 48846 49017 48844 15903 48766
  15758 16192 16211 48879 48539 15817 16229 16255 48903 16104 48761 49019
  49019 48545 48319 49012 16063 48850 15861 48843 48938 48702 48905 15758
  48922 15497 48943 16047 16130 48967 48515 48987 15945 48881 15714 15631
  16217 15817 15913 48713 16229 16141 48859 16176 48650 16168 16165 48927
  16077 48854 48847 48848 16102 48906 49023 16092 48936 48970 48902 48757
  48453 49001 16240 16093 48821 48825 48594 16001 48949 48927 16184 48889
  48757 16190 16039 48802 16060 49013 16113 48340 16160 16232 16218 16209
  15559 48783 48527 16066 16196 48918 16214 16161 16245 16194 48865 48969
  48966 48853 15977 16155 16204 15997 49021 48928 48972 48779 15153 49001
  48795 48932 16022 48530 48153 48660 16233 48914 15624 16113 15848 16219
  48761 48532 48978 15967 48856 48941 15798 15748 48985 16074 15997 48927
  48506 16097 15729 48726 48821 15970 16224 16047 48985 48545 16200 48975
  16250 16229 48983 16221 48780 16176 48679 48626 16009 16140 49006 15934
  48928 48797 48795 48509 48809 48969 48949 49006 48499 16232 48964 16228
  16110 16012 16020 16167 48969 15387 16073 15921 16170 48986 16067 15755
  48759 48803 15991 16200 48122 16166 48712 48971 48992 48997 48757 48806
  16095 16120 48997 48910 48871 15811 48950 48955 16227 16155 48931 48703
  48787 16148 15527 48958 16116 48723 48882 48766 48019 48800 48900 48719
  49014 16139 48936 49001 16029 16140 16160 48212 48918 16114 16076 48897
  16206 48970 16247 16184 16064 16224 16099 48926 48620 48987 48737 16119
  48744 48813 15939 16190 48999 48746 48942 16072 48969 16040 48858 48922
  16223 49014 48638 49012 48390 15113 48822 48956 48765 16048 16144 15739
  15927 48921 48857 48941 48896 48908 15647 15872 16227 48923 16017 16162
  15862 48890 48883 49003 48839 16122 48999 48911 16083 16144 48567 16074
  48741 48942 48720 15907 16229 48988 15474 48815 15496 49011 48831 16163
  15836 48586 48859 48846 48751 16171 16239 48635 48730 16177 48661 15829
  48905 16121 15747 16158 16143 48913 16092 16153 48797 48935 49022 48585
  48791 15840 48927 16184 48888 48908 48413 47894 48913 48873 48937 16095
  16138 48538 16091 16113 48953 16238 16164 48919]
 [48928 48959 48953 16126 48504 16144 16124 15958 16062 49014 48832 16013
  49019 49007 16180 16060 48880 16064 16149 48837 49005 16221 48798 48969
  48261 16137 48910 48876 48899 16251 48922 15898 16217 48948 16241 16229
  16196 48914 16009 16133 16248 48931 16136 48805 48934 48673 16150 48527
  15769 16253 48718 15980 48777 48731 16072 16224 15789 16137 48978 48915
  15243 49013 48893 15630 49016 48881 15589 15893 16217 16020 48686 16220
  16145 48921 48957 16052 15861 16148 16116 16000 16249 15753 48966 16168
  48894 16141 16234 16073 15940 48546 48778 48790 16011 16128 16054 48922
  48197 16149 48455 15766 16138 16037 48697 16202 48940 16253 48963 49016
  16199 48898 16107 16159 16183 16251 48850 16087 48964 48702 16178 48775
  15930 15351 16021 16242 48995 15895 16185 48408 48983 15863 48811 48944
  16178 15664 16221 16156 16069 49021 48659 48922 16210 48934 48859 15625
  48882 48916 15946 48978 48994 48770 16097 15840 48669 15878 48777 16223
  48995 16049 16200 16155 48929 48848 16094 48980 16159 16096 16107 48972
  16094 16056 16169 49002 49012 48770 48947 15855 16213 48734 16176 49023
  48937 49008 48815 16208 48974 15961 48582 16224 48961 48915 49008 48647
  48867 16189 15958 15977 15746 48976 48609 16255 16171 16201 16165 48971
  48907 49022 48841 48968 48478 16053 16191 16127 16224 48996 49017 16037
  48855 48892 48813 48875 15547 48629 15563 16048 48743 48894 48938 48794
  16119 16131 16042 48904 15924 15888 48384 15820 48262 15878 16092 48967
  16127 48954 48989 16243 16233 48993 48616 48928 48368 16169 16230 16009
  48789 15955 48832 16209 16189 15854 48819 48851 49006 16161 48587 48819
  48492 16163 48960 16183 16203 16228 48721 48912 48769 48811 48933 15963
  48447 16187 49007 16019 16134 16132 16197 16106 16219 48811 15314 49016
  49020 48901 48972 48885 48933 49009 16209 49019 16113 48946 16211 16201
  16029 16048 49021 16248 16193 16202 16035 48798 16201 48853 15872 48972
  16216 48951 48908 15854 16135 15988 48905 49023 16131 16248 16158 48546
  16206 48696 15692 48443 48598 16140 15707 48827 48887 49004 15914 48906
  48948 16029 16057 16129 15338 16201 16223 16157 16010 48840 16247 48871
  48920 48620 48994 16244 15925 15849 16031 48067 49007 15974 16093 48682
  16131 48907 48910 48941 48771 16177 16167 48751 15926 16098 48900 48937
  16241 15984 16246 48806 16079 48910 48884 15555 48824 48938 48882 49005
  16081 48257 48975 48936 48971 15974 48975 16130 49013 48896 16200 16095
  48986 16164 48228 16177 15950 16058 16252 48905 15997 48546 49003 49016
  48962 16024 15881 15834 49007 48507 16217 48721 15999 16143 16145 15645
  16183 48734 16199 48901 48865 48996 16151 48681 48906 48905 16205 16170
  15835 15981 48466 48733 16212 48959 48679 48799 47986 48557 15642 48952
  15575 48899 48929 48990 16134 48660 16001 16105 16055 48497 48741 48766
  16015 48170 16178 16191 48936 48954 16005 48843 49014 16198 48907 16219
  16094 16134 48920 48904 15662 48935 48839 48822 48942 48918 16147 48938
  49009 16004 16243 48812 48963 15888 16208 16145 15994 48829 15787 48977
  16055 16102 16238 48885 49014 15802 16083 16148 48924 48883 15566 48813
  16184 48470 16153 15909 16139 48811 16169 48870]
 [15804 48914 48456 48826 48878 16239 48942 16147 16247 49013 16075 48893
  49003 48710 16222 49017 15923 15159 16191 48980 16057 16056 16045 16226
  16165 49002 48492 48720 48834 48583 48749 48650 16245 48978 16216 48417
  15997 16169 48782 48654 48697 48768 16217 16168 48968 48968 48659 48973
  15987 48950 15671 49020 48827 16053 48386 16244 16191 48784 49000 16176
  16210 16164 48958 16254 48887 16101 16208 48903 16209 48835 16243 48863
  16232 48996 16086 15747 48437 48909 16082 48926 15832 48892 16233 49009
  48921 48899 48687 48904 48269 16190 16089 15907 48978 16070 48938 16146
  48895 48681 48793 16183 48959 15878 48951 16081 16207 48645 48323 16218
  15659 48331 15904 16065 48969 16164 48644 48986 16146 48764 48972 16008
  16194 16198 16234 16188 49022 48757 16163 48776 15951 15961 48778 16207
  15315 48528 16254 48212 48932 15574 16160 16141 16147 16085 48891 16185
  16201 48924 48957 16243 16188 16201 16197 15786 16021 15801 48997 16123
  15406 16023 15277 48262 48936 48866 48942 48923 16242 48945 48876 15929
  15969 48945 16150 16146 48902 48856 16224 16166 16074 48981 48679 15858
  48928 48596 15950 48816 16143 16174 48820 16173 48970 16172 48945 48981
  16017 48485 16208 48780 48857 15040 48564 48799 16070 16132 16180 16242
  48878 16093 48728 16053 48452 16252 16106 16231 16171 16206 16160 48551
  48894 48772 49013 15684 15397 15694 16242 16210 48941 48774 48667 48782
  16152 15684 15891 16180 16156 48956 16091 48644 48850 48998 48336 48788
  48894 16071 16137 48898 48998 16178 49018 16223 16002 48822 48897 49019
  48903 48953 15973 48938 15722 15928 48846 49006 49004 49010 16116 48826
  16151 48651 48576 15571 16090 48871 48961 15845 48817 48619 16022 48192
  15990 15797 16117 16082 15756 16055 16191 48650 48690 16135 15913 48987
  16200 49008 16126 16132 16231 48996 15942 48659 48813 48977 15872 48427
  48970 15974 16115 16136 16207 48697 16231 16187 48848 48942 48644 48712
  15899 15914 16127 15522 48970 16183 48834 16241 48963 16234 48977 48905
  49000 16082 16179 48647 16219 15928 16005 16176 48848 48789 16207 16205
  16243 16205 48958 16165 48696 16251 48483 15836 15731 48822 48985 16202
  16154 48952 16141 16000 48698 48891 16184 16076 15811 15968 48977 48469
  48924 48917 16037 16210 48709 48917 16024 16190 16126 16188 15765 16128
  48952 48795 48738 15545 16219 16191 48955 48935 48785 48854 15979 16206
  16236 16029 16173 15694 48917 15690 15841 16120 48911 48774 48779 16235
  48613 16130 16128 48880 15891 16201 48459 16227 48914 48986 16200 16178
  16252 16055 16223 16167 16176 15885 48752 16222 48651 15775 48604 15876
  48497 48999 16195 48611 15926 48952 49022 48898 16081 48973 16209 48913
  48919 48931 49016 16139 16192 15977 48927 48859 48453 16232 48897 16109
  48632 48847 48564 48987 16152 48899 16102 48989 16233 48925 16195 16158
  16239 48437 16104 48772 48929 48617 48939 16246 48974 15926 16001 15771
  16038 48964 15841 48857 16225 16134 16241 49004 48860 48923 49018 48899
  16055 48905 15507 16198 16070 48727 48770 48565 48933 16009 48779 16180
  16131 15970 48779 48916 16141 48350 48908 48924 48939 16141 48906 15706
  48582 15907 16193 16188 48584 49016 48662 15961]
 [15852 16026 48945 16022 48930 16128 48804 16086 48999 48700 16081 48907
  16151 16005 15923 48789 48399 15943 48481 16075 48647 48920 48914 49021
  48843 16126 16150 48920 16235 15261 16213 16083 16099 48980 48911 49019
  16093 48799 16146 48804 16163 48957 48935 48802 48699 48794 16134 48974
  48792 16172 48989 16226 16248 48978 48853 48770 16141 15940 16019 16131
  48963 16170 16082 15902 16199 16077 48920 48655 48195 48995 16232 48958
  16074 15436 49010 16217 16180 15686 48906 48961 48779 48890 15451 16238
  15897 16199 16026 48458 16181 48490 16188 48853 48958 16181 15923 16199
  16224 48996 15102 48768 16000 16150 48864 15848 16085 48955 16160 15961
  16230 48804 48968 15445 48980 16240 49004 16129 15693 48774 48990 15994
  15918 48864 16210 48840 48589 15795 48972 16221 48768 48982 48742 15949
  15583 16071 48995 48860 16163 48983 16182 48976 16171 48782 15973 48945
  48990 48913 48958 48832 15595 15925 16148 16031 15966 48692 48470 48687
  16175 48906 49021 16026 48920 16199 16183 48984 48969 48158 15967 48870
  16094 15938 48819 49011 16128 48914 16171 48675 15901 16190 16186 48771
  48917 16140 48649 48925 16207 48922 49010 49013 15994 16037 48833 48824
  48804 16056 48994 16219 48910 16255 48936 16139 48909 48982 16191 16183
  48709 16079 15849 16180 48829 15681 48367 48789 16200 48939 48947 15901
  16033 48924 48735 16228 48897 16044 16117 48596 16224 16114 48556 15885
  16069 15932 16193 48786 48844 48914 49004 49001 16189 16054 16036 15978
  16178 48417 16189 48783 16218 16075 48888 15875 15751 48953 15930 48829
  48997 16229 16016 16192 16052 48786 15567 16051 16235 48892 16191 16217
  16046 16220 48721 16231 16079 49002 16208 48382 48546 15880 48947 48508
  16169 49016 48872 49022 48684 16105 16152 16227 15966 48891 16217 16140
  15896 16072 16217 16089 48774 16090 49003 48744 48703 48938 49012 48955
  16030 16154 16249 48797 15947 16223 48938 16094 16130 48978 16184 16160
  49006 48977 48998 48809 15512 15748 48877 16210 48774 49000 48844 15742
  48699 48871 48956 16163 16254 48814 48754 15985 16095 48733 16207 15861
  48587 16022 16231 16150 49003 48811 48497 48829 16076 16167 16108 16250
  48872 16191 16136 48781 16111 48970 16148 15748 48852 16031 16017 48916
  49008 48647 15886 16192 16219 15723 16129 48632 16123 48919 48772 16009
  49014 16099 16171 48718 48597 16179 16141 48856 48820 16055 15873 48940
  48834 16204 16064 16248 16136 16226 48913 16139 49013 16046 48507 48796
  16185 16181 49012 15968 48775 48684 16170 48834 16226 48932 16038 16048
  48893 48819 16171 16134 48815 15755 48992 48917 48360 48979 16175 16095
  16227 16070 16225 15839 15949 16244 16017 49008 16101 16207 16151 15915
  16047 16250 48977 16043 48861 16015 15964 48945 48918 15993 48958 48880
  16171 48817 48323 16225 48907 48738 15962 16130 16205 16212 16141 48907
  49011 48750 48951 16087 16036 49001 16172 48896 48650 16043 48656 48624
  48990 48713 16135 16212 48689 48668 16079 16226 48878 48629 16151 15968
  48967 16002 48928 15527 15726 16192 48537 48865 48905 16191 48936 48663
  48928 16139 48465 48792 48782 16180 15836 16095 16203 16205 48815 16231
  49011 48764 16202 48870 48872 48842 15974 48636]
 [16104 16202 16050 48919 16221 48881 48947 48977 15873 48965 48952 48844
  48863 15957 16162 16133 48883 48898 16238 49019 16194 48921 16229 48801
  48628 16084 15923 48826 15836 16108 49002 49018 48555 48956 16040 48914
  48649 48922 15814 48964 49012 48997 16232 48951 16085 48989 48968 15505
  48527 16231 16227 16143 15953 48568 48787 16228 15954 15905 48905 49000
  16227 48830 48619 48965 16172 49009 16171 48952 16197 16107 48939 15878
  48831 48932 16183 48709 48719 48937 48751 16190 48780 16231 16228 48949
  48933 16185 48731 49021 48871 15943 16153 48955 48967 16216 16128 15927
  16137 48657 16132 48771 48899 16106 48676 16246 48794 16215 16221 48900
  16152 48649 16213 48588 16122 48519 48907 48921 48664 16130 15959 16065
  48862 48408 49001 16162 16250 48702 49018 48937 16028 15973 16147 48892
  16134 16064 48821 15802 48948 48578 16195 48673 16173 15928 48925 15910
  15428 48719 48962 48682 48986 48973 48684 48839 16217 48766 16132 15735
  16080 48885 16226 15734 16169 48778 48972 16049 49020 48458 48925 16002
  16245 48529 16162 15487 48136 16220 16199 16146 48848 15800 48909 48613
  48385 16169 16202 48686 49014 16185 48934 15993 49011 48717 16248 48972
  48668 48837 16207 16189 48902 48982 16002 48807 16048 49007 48955 16062
  48915 16183 48994 48913 16255 48649 16079 48930 15969 16103 48829 16168
  15955 48739 15852 15901 48939 48711 48800 48714 16133 48399 16225 48851
  48684 16146 15804 15808 48996 48719 48874 16255 48836 16196 16052 48802
  15794 16174 16196 48941 48804 48808 49002 15945 16181 48754 16117 16002
  48766 48951 16086 16181 16062 49014 48913 48988 15888 16131 48967 16173
  15843 16066 16241 48981 16205 48959 48731 16179 16208 15440 15936 16085
  16170 48961 16158 48409 48586 48667 15510 16227 15813 16232 48931 16101
  16159 16055 15962 15876 16184 16164 48961 16178 48687 48892 16189 48651
  16157 48882 49021 48148 48972 16130 48869 48614 48979 48858 16144 48946
  16022 16213 16056 16159 48968 48895 16202 16092 16014 16039 48687 49001
  16145 16055 48478 16204 48807 48850 16190 16152 15605 48957 48913 16031
  48747 16172 16230 16156 48762 16147 48792 48938 49006 48746 16206 48901
  48918 16240 49011 16146 48822 49004 16213 48952 15828 48871 48990 48998
  48964 48987 16133 48364 48800 48679 16219 16210 16092 16196 48824 48755
  15976 15997 48405 48715 16248 16164 48645 16104 48875 48972 48791 48710
  49015 16161 48784 15908 48986 48934 16199 15966 16230 16255 48771 48846
  16183 16255 16004 16151 16144 48788 15896 16170 16064 49013 48807 48950
  48904 16207 49005 48911 48835 15983 15755 48912 48939 48902 15269 48874
  16229 48532 48993 16106 48815 16029 48865 15888 16139 16219 48884 48809
  48530 16218 16205 48977 48956 48147 48969 48798 48948 16011 16230 16254
  48767 15946 16182 48963 16066 48698 48918 48711 48985 16072 48893 48833
  48962 16186 48214 15891 15886 48695 48925 16123 48958 48970 16087 48917
  48837 48458 48591 16085 15996 16019 16091 48852 48821 48637 48837 16248
  16160 48939 49021 49002 48899 48965 15752 16183 16114 48913 48718 15489
  16158 16173 16209 15511 16070 48966 15877 48896 48651 16009 48888 48997
  49018 49012 49019 48967 48901 48910 16249 48838]
 [48958 15802 16183 16054 48848 15868 16092 16105 16042 16189 16189 15905
  48655 16016 16162 49021 16251 48930 48499 16190 48908 48446 48956 48726
  48933 48779 48769 16252 16253 48965 16103 48997 49008 48970 16238 16225
  48924 48941 48900 15614 15886 48910 16131 48835 16216 16032 48642 16148
  16162 48854 48804 16223 48939 49002 48572 16154 16139 16214 15751 48972
  15925 16142 48976 48935 49017 15935 16198 16046 16246 48991 16206 16160
  48830 16242 48857 16199 16194 16131 15873 48962 15746 48786 16149 16132
  16210 49016 16158 16224 16148 48957 48982 49013 16003 16004 16249 48720
  48812 15998 16166 16223 16155 48662 16010 16182 48281 48913 48937 49023
  16095 48967 48899 48846 15863 48720 16050 48995 48960 47822 48806 48849
  48989 16202 16068 48961 48990 16243 16057 48681 16078 16131 16143 48437
  48655 49018 16218 15955 48919 16214 16212 16250 16191 16254 48898 16175
  16165 48905 48973 16245 48848 16189 49021 49013 48523 48901 16066 15878
  48984 48940 48741 48928 16149 48683 48976 48384 48977 48957 48901 16184
  16217 16167 48809 48873 15817 16099 16252 48956 48998 16071 16170 16177
  16054 16232 15540 16211 16239 16177 48834 48923 15813 48576 16193 48972
  48888 16128 48975 48823 48743 15995 48943 16184 48598 16213 48515 48870
  48951 49022 15747 48969 48733 15926 48869 48934 16140 16228 48972 48944
  16235 49004 16244 49021 16191 48837 16224 48827 16030 48983 48899 16140
  15722 16219 48657 16189 48593 16245 16235 48814 16197 16177 48916 15998
  48986 16172 48934 48987 48716 15901 16181 16242 48631 48993 16127 15877
  48597 48835 15261 48805 16131 15795 16192 15794 48902 16179 15850 48918
  15996 48785 16176 48575 16103 48975 48724 16247 16157 48942 48867 48814
  16025 16131 16127 15521 16159 48640 48960 15875 16231 16150 15905 16022
  16220 48658 48812 16244 16186 48821 48532 48685 48947 16234 48707 16192
  48927 15812 49011 16135 15909 16000 48997 48915 48985 48856 16002 15879
  15973 15817 48872 48898 48953 16178 15982 48928 48933 16190 16120 16035
  48702 48883 16245 16152 48842 16177 16132 48847 48662 48928 48967 16100
  48878 16163 16253 48984 48476 16154 16147 16133 48794 48573 15938 16242
  48816 16216 48876 16250 16046 48533 15976 48872 48871 48965 48965 48795
  16134 15965 48971 16180 15951 16235 16046 48934 48470 16024 49009 49016
  48957 48894 48656 48333 48953 16049 15940 48850 49017 48984 48733 48945
  48764 16003 15809 48905 48799 15977 16184 16129 15834 48781 48778 16194
  49003 16249 16040 16057 49004 15960 48377 48969 48867 16199 15820 48689
  48986 16091 16079 15977 15528 48647 15935 48904 16225 15925 48833 48590
  16156 48941 48852 16055 48828 16149 48957 16134 48989 49017 16203 15910
  48791 48904 15983 15507 16251 16247 16010 48618 48273 16058 48971 48815
  48985 48986 48923 48369 16145 48365 48808 48981 15822 48874 15979 16244
  48967 48915 48476 16239 16139 16203 48810 16251 48971 48996 16182 16218
  48977 48965 49007 48970 48916 16240 16043 16142 16141 15759 16152 15940
  48829 15866 15753 16165 16246 48694 16134 48972 16141 48771 49003 48780
  15970 48962 16217 48984 16220 16084 48814 48735 16118 15951 16047 48738
  48327 16250 48914 48680 48853 16135 16135 48852]
 [48982 49018 48660 48695 16250 48503 48889 16200 48274 15947 48975 48751
  16227 15927 48799 16000 16210 48871 15399 16234 48935 16096 15978 16055
  48792 48830 16060 48913 48676 48927 49019 16240 48651 16240 48952 15922
  48921 16148 16145 48966 16210 48924 15975 16248 16195 16233 48801 48969
  48927 14977 16150 48947 16035 48820 48802 16037 48519 16159 48944 16148
  48991 48924 16031 16181 48893 48816 15768 48915 16159 16140 48949 48532
  16140 48806 16008 48998 15966 48945 16169 48788 48863 16174 48998 48723
  48773 48860 16210 16128 48991 16091 15711 16205 48831 15895 15045 48299
  48563 48918 16130 48583 16234 48884 16059 16225 16039 16190 16167 48783
  15949 48943 15761 48906 16121 15717 48693 48876 16255 48987 49001 48912
  16241 16245 16030 16194 48914 16241 48950 48972 48966 15893 16143 48776
  16244 48646 48946 48523 16055 16170 48552 15935 48878 16021 16248 48998
  16197 15871 48893 16232 48392 48812 48931 48898 16170 15978 16211 48905
  48961 49020 15488 16255 16071 48836 16192 16144 49016 16162 48844 48947
  48908 48512 48665 48856 48935 16134 16250 16142 48848 48898 48912 48954
  15826 15959 16082 16056 48852 48813 16057 48794 48915 48768 48873 48978
  16169 16180 48911 48990 16116 48915 48730 48991 48908 16149 16155 48917
  48808 48955 48986 16251 16031 15788 16135 16174 16157 49015 48928 16030
  48766 16247 16041 16233 48920 16186 48822 16250 48943 15621 16149 48649
  48514 16249 48664 15957 48996 16175 16023 48708 49015 15931 49017 49023
  15981 48927 48925 16028 48996 48831 48947 15908 16037 16098 48890 48978
  48983 48663 16228 48912 48889 48972 15960 16056 16018 16184 48350 48955
  48855 16038 15975 15741 16059 16012 16195 15920 16142 48896 16054 16205
  48746 16142 16102 48993 15910 48957 16239 16159 48967 48961 15937 48798
  49006 15786 48741 48972 16154 16212 16131 16165 48913 48882 48917 16135
  16229 16094 16195 16014 48742 48664 48985 49007 16072 48636 15829 15852
  48867 48453 48495 48740 16164 48584 15956 16202 16187 16199 48875 49006
  48884 48866 16209 16024 48982 48954 48944 16005 16113 16184 16225 48920
  48834 48900 48784 16212 15897 16115 48289 49009 48991 15771 16096 48913
  16099 16159 48692 16124 48708 16054 16135 16251 48798 48694 48939 48919
  16070 16213 48727 48931 48860 48568 48854 48904 16113 49019 15776 16150
  48879 15955 16044 16030 48605 48797 16171 16132 48823 48971 48987 48975
  15913 48997 48806 16129 48850 16134 16123 48898 16106 16125 48722 48916
  15662 16215 16014 48935 16059 48661 15931 16111 15604 16160 16099 15979
  48946 16172 16223 48953 48320 48886 16130 16098 48951 16193 48931 16152
  48560 48815 48942 48938 16037 15822 48961 48966 48986 16121 16088 48994
  15862 48980 16206 16208 16074 16218 16159 16168 15886 48838 48912 48816
  16003 48935 48887 48514 48904 15925 16216 16126 16042 15913 48325 48928
  16202 48896 48977 16128 48934 48771 49009 48953 48935 48996 16032 16172
  48769 16191 48914 48818 48946 15990 48676 15976 16133 15803 16002 16222
  48845 48784 16094 15971 48932 48765 48515 48677 48932 16217 16134 48408
  16056 16203 48954 48895 15790 16153 49005 16247 48568 48784 48852 48934
  16149 16233 48688 16231 16165 48411 16050 48645]
 [15856 48994 16072 48996 16162 16166 48902 48820 48409 15941 48857 15933
  48847 48995 49022 48972 16149 16236 48661 15567 48948 15825 48949 15971
  16221 48923 16135 49011 48766 48967 48791 48935 48769 48680 48844 16032
  16214 48715 48925 48874 16181 15890 48568 48947 48589 48866 16226 16196
  48981 15624 48908 48694 16192 15713 48809 48917 16153 15999 48514 48912
  48809 16235 15652 48715 15663 16142 48803 48932 15917 16041 16089 16195
  48771 48985 16234 48645 15996 16042 15806 48918 16130 16155 15832 48315
  48965 48981 48804 48833 16232 16145 16035 15632 48938 16244 48767 48969
  48203 16191 16198 49018 16197 48874 49004 16178 16186 15941 15896 16160
  16146 16199 15832 16239 16254 48964 16178 47546 48742 15975 48995 15443
  16189 48914 48662 16225 48658 48785 48627 15647 16007 16153 48580 16162
  15754 48805 16033 16094 15853 48995 48937 48859 48862 16049 49014 16130
  48880 48834 15716 48913 16196 48980 48611 16178 15981 48852 48674 16083
  16242 16201 48801 16255 49022 49009 16165 48921 48992 48902 48663 16108
  15998 48902 15318 16218 16161 48821 16246 16085 48992 49005 48937 16105
  48929 15548 48976 16215 48799 16208 16227 49020 48530 49011 16209 15638
  48985 48967 48750 16225 16069 16188 48776 49001 16242 49015 16229 48774
  49018 16065 16246 16238 48941 48931 15878 16012 16117 48931 16235 16014
  16177 15780 48687 16244 15912 16187 16232 16051 15816 49022 49003 48921
  48928 48891 48839 48783 48674 48973 49002 16050 15768 48612 16009 16167
  48660 16016 16232 16173 48663 16020 48933 15863 16246 15638 16218 48701
  16255 15906 49002 15921 48870 49007 16164 48869 16151 48856 48924 16242
  48781 15951 15969 15863 16212 16050 48709 16185 48931 15797 16230 16000
  16162 16029 16173 16227 48872 48937 48387 16078 48907 49021 48800 16240
  16071 48714 48925 48787 48937 48969 16208 16254 48939 48996 48814 48541
  48919 48843 48921 16140 16089 16010 48742 16209 16240 48935 48909 15697
  48977 48642 15911 15668 48813 15789 16234 48918 16030 49001 48989 15828
  48970 49012 48936 15876 16080 48920 16044 48930 15976 48692 16029 16253
  16224 49021 16197 48989 16231 48863 48753 48977 48966 16104 16227 15970
  16093 16134 48882 49000 49023 48792 48900 48992 48932 48960 16212 48952
  15770 15934 15794 48973 48825 48997 48725 48927 15868 16069 15747 48646
  48742 16174 48911 16111 16131 48677 48847 48497 48976 49000 48966 48928
  15368 16178 48903 16222 16232 16234 16172 48779 48986 15884 15856 16179
  16253 15493 48798 48928 49021 15509 15843 16166 15381 16213 16003 16174
  48948 16181 16051 48936 48926 16218 49007 48537 48831 16041 16173 48782
  48661 16246 16145 16203 48634 48904 48692 16093 48967 48875 49000 48650
  16167 49011 16051 16221 48902 16070 16243 16236 48903 48972 48948 16078
  16103 16050 48807 48937 15909 48389 16106 48624 48805 48851 48915 48879
  48975 48796 49005 48928 16124 48818 16044 16094 15910 16234 49013 16116
  16234 16185 48938 48817 48935 15951 16089 48827 15777 16067 48673 16181
  16139 48990 15992 48903 15851 16233 16194 48707 48853 48903 15749 48965
  15817 49023 48820 48911 16241 16104 48793 48976 15625 48914 15765 16171
  15981 16008 15784 16218 16221 15568 48838 48549]
 [48928 16011 14657 48971 48922 48422 16198 15879 16057 48804 15890 48599
  16034 48998 48219 48848 48817 16235 48930 48833 15522 16185 48682 16121
  16182 48834 48731 48786 16170 49001 48836 16055 15878 48642 15779 48922
  48653 15199 16205 48884 16188 16019 49013 16102 49005 16254 16190 48847
  48888 48754 48787 48770 48826 15992 48939 16177 16159 48448 16180 48897
  49015 15988 48556 15881 16204 16240 16009 16135 48981 48941 16110 48652
  48605 48835 15963 48929 16001 48935 48991 48813 48905 16199 48995 48933
  15815 48411 49000 49020 16249 16034 48777 48498 48879 48798 16024 16195
  48929 16174 48961 48913 49004 48951 16213 48550 48984 16235 16194 16130
  16221 48911 16172 16066 16189 16152 48797 16140 48883 48815 48968 16222
  48854 15656 48734 16235 48808 16142 16181 48643 48761 16125 16211 16130
  48907 16198 48742 15900 16169 48927 16145 15940 16201 48935 48674 16170
  49014 48966 16251 48864 16243 48930 48782 16129 16033 15910 15732 16175
  48903 48619 48944 15940 48895 48810 48491 49010 48976 16062 48657 16186
  16071 49019 15983 48976 16143 16251 15743 16059 48902 48639 16182 48938
  48880 48607 16089 48766 16218 48975 48772 16085 48908 16032 48939 48995
  48962 16220 15827 16151 48811 15933 48165 16228 16125 16108 49000 15819
  48519 16219 48888 48875 48693 48899 48957 16182 15854 16185 16169 48863
  15811 48981 16212 48708 48729 48841 48545 48894 48768 16153 16171 48840
  48509 16191 48997 16199 48911 16054 15913 15832 16183 48971 48796 15772
  16159 48913 16155 48717 48927 16132 48977 15601 48991 48787 15951 15845
  48707 48657 48907 48564 16232 16179 48949 49008 16221 15707 15770 16143
  48829 48404 16239 16048 48945 48955 48919 16136 48849 49013 16227 48937
  49019 48902 48903 48671 16215 16194 48560 48694 15841 48899 48997 16224
  48928 48922 48481 48265 49014 48948 48761 16060 48907 48669 15850 16198
  48818 48955 48303 16124 48967 48666 49014 49006 48395 48846 16176 15953
  48572 48700 48052 49003 16201 16255 48931 48962 48950 16036 16037 16178
  16128 48590 15975 16064 15568 48455 16020 15851 16019 15975 16096 16018
  15649 16058 48590 48900 49023 15861 15929 16241 48781 48728 48920 48987
  16139 48896 15967 16064 48491 16192 48614 48860 16202 16185 48940 49010
  48977 48858 16241 15855 48769 16199 48575 48829 16225 16178 16175 15561
  16148 48932 15893 16247 48854 16150 48284 49003 16134 48937 16006 48980
  16228 48853 48908 48957 16228 16088 16119 47772 48463 48967 15861 48897
  16244 16151 48690 48946 16146 48961 48927 48915 15849 16146 48830 48980
  48529 16126 48910 48911 16228 16232 16251 16157 48927 48915 48803 48826
  16233 16148 16101 48928 16209 16167 48940 16190 48873 48982 16032 16029
  48975 48825 16252 16054 16107 48914 48983 48868 48896 48903 48925 15897
  48816 16164 48929 48528 49017 48406 48995 16244 16148 48290 48979 15933
  16132 48926 15883 16160 16137 16155 16194 16224 48705 15884 16148 16073
  16253 49016 48788 48864 48883 48910 16086 48980 16119 16070 48895 48893
  16003 16134 16192 16180 16238 15910 16209 16157 16202 49018 16238 48472
  16152 48958 48725 48874 48853 48960 16156 49019 48831 48934 15926 48891
  48886 48319 16028 48961 48934 48897 16242 48722]
 [15946 48900 48284 48986 49006 48512 48719 48953 16064 16252 48725 15999
  16237 16169 48533 16115 48958 15558 48866 48941 48662 48956 16075 48563
  15743 48949 48952 15914 16248 48974 48859 16189 48986 16192 15686 48699
  48834 48847 48838 16197 16101 16045 16152 48888 15985 48547 16144 48835
  16018 16195 48712 48989 15619 48797 16048 16230 48363 48522 16030 48971
  48892 16214 16046 49017 48919 16059 16135 16174 48852 16220 15832 16073
  15942 48961 16237 48961 48891 16160 15986 16173 15616 48763 16215 49005
  16182 48905 16178 48952 15908 16198 48472 16124 16155 16114 16217 48601
  48935 48999 48897 48950 15853 48929 49004 49005 16169 15931 48785 16201
  48988 16245 15982 48930 16055 16134 48656 16185 48946 48866 48976 48916
  48901 16213 48984 48660 15748 16204 16254 16129 16241 16146 16237 16084
  48983 48712 16022 48792 48872 15902 16221 49006 16137 16100 16237 16220
  16134 15655 48919 15801 16135 16202 16148 48924 15948 48811 49019 48921
  48966 16175 48887 48860 16235 48759 49019 48861 48962 48971 48984 15934
  48927 48782 16185 48666 16212 48007 48719 16128 48986 48978 16027 48341
  16148 16213 48740 15941 15030 16246 16169 16210 48891 16139 48880 48917
  16227 49014 16238 48947 16163 48869 48792 48913 15919 48795 16033 49015
  48991 48972 48677 16161 16198 48898 15896 16137 48856 48698 15684 48954
  49010 48945 16001 48986 48926 48806 48984 48925 16210 49014 16029 48748
  16048 15925 48909 16177 48260 16165 48704 16248 16138 16238 15594 48471
  16130 16194 16237 48819 16152 48916 15802 48931 48796 16220 48949 16007
  15934 48962 48818 15872 48928 16153 16241 48914 48928 48568 16125 48863
  49013 15784 16233 48734 48675 16240 16071 16096 15872 16242 16065 16202
  16076 16112 48854 48841 16144 48848 15872 48896 16162 48967 16168 15954
  48928 15788 48862 48820 48792 48991 16248 49007 16038 48771 16021 48787
  16049 16106 16067 48965 16032 48865 49009 48686 48648 48518 16081 48835
  48829 48992 16063 15882 48794 16082 15769 48507 15545 16011 16035 48856
  48951 48943 16014 16190 48697 48937 16131 16170 16194 15962 16184 49016
  48969 48976 16089 48988 48110 48479 48833 16189 48936 48791 16140 49008
  16049 16161 16221 16192 48824 15920 48984 48887 48975 48829 16192 48796
  15869 48648 48552 16240 48848 16002 48675 48992 48302 16160 48973 48988
  48945 16135 16101 15877 48514 16198 16136 16159 16160 16018 48555 16186
  16218 49011 48997 16234 48868 16191 48739 48963 48982 48943 48896 48316
  16078 16249 48623 15636 15666 15777 15633 49019 49023 48973 48972 16081
  48919 16202 16219 16243 16224 48873 15520 48934 16156 16198 16179 48648
  16132 48974 49003 16129 48664 16253 48974 16182 48419 16167 16162 16212
  48847 16230 48946 48982 48652 16168 48473 16168 16107 48916 16229 48992
  16203 48840 14747 48671 48936 48785 48925 48919 48928 48307 16152 15885
  16201 16011 16065 16043 48591 16065 48988 16184 16142 48898 16137 49017
  48912 48990 16143 16131 16160 49021 15137 16081 48944 16025 48980 48931
  48454 16029 48949 48929 48919 48901 48908 48726 16029 48637 16141 16096
  48959 48998 16193 48983 48948 49012 16003 15912 16249 16198 48694 48771
  48848 48945 48953 48956 48965 48900 48837 16236]
 [15904 16249 48770 48557 48819 48930 48950 16227 16249 49001 48947 48668
  48928 48779 48957 48562 48873 48791 48975 48659 16247 48815 16192 16175
  16231 16148 16035 16182 48985 48536 16250 16138 16236 16143 16191 16083
  16133 15677 16217 16166 16176 16049 48840 49005 16223 15920 48846 48947
  16168 16172 16161 16020 48777 48840 49019 16170 48979 16005 15365 15706
  16218 49007 16139 48997 49004 48655 48991 16148 15730 49009 49003 15974
  16156 48638 15839 16153 15970 48908 15975 16003 16111 15991 16240 48922
  16230 15773 16048 48973 48756 16137 16083 49003 15806 48978 16253 16203
  49013 16183 16214 48789 16096 48621 16030 48803 48821 48666 48949 16169
  48794 48716 16201 48093 15797 16233 16198 48937 48475 16241 48770 48771
  48924 48965 16118 16138 16240 16139 48899 49003 16248 48803 48832 16207
  15918 48913 16199 16252 48979 16185 48736 15685 16212 16242 48883 48915
  48982 15869 49017 48692 48986 48706 49003 16171 48916 48815 16189 16124
  48911 48987 16092 48735 16136 48608 48797 48583 16126 16205 48998 15685
  49007 48513 16197 48781 16221 16005 16222 16131 48971 48905 48728 48936
  48166 48490 16233 48647 16146 16226 16193 48917 48130 48795 48717 48782
  16167 48580 15682 16247 48993 48325 16140 48946 15972 48901 16188 48817
  48815 15945 48930 48860 48682 48789 15691 15948 15880 16029 48836 48959
  16133 16179 48888 48702 47931 15752 16035 49002 16098 48992 48513 16167
  48583 48947 16248 16199 16138 48693 48929 16226 15748 16180 48801 48808
  16248 15666 48951 48911 48403 49002 48537 48678 16143 48788 16247 48931
  15930 48978 16111 16253 16163 15844 48377 16171 16223 16250 48723 16251
  48944 48892 48978 48873 16137 16180 16142 16006 15588 16085 48735 16174
  16053 16074 15763 16197 48893 48755 16142 48237 16199 48797 48773 16199
  48529 15620 48811 48868 16031 48962 16194 16142 48926 16070 15954 48929
  48872 48698 16076 16014 15748 16137 16132 15985 16146 48809 16195 15979
  16165 15805 48912 15789 48771 16074 48454 16172 16054 16060 48912 16247
  16174 16147 48813 15761 48953 15773 48949 15833 16024 48736 47934 16192
  48968 16149 48936 49005 48928 16135 48706 16190 15690 49012 16093 48967
  16148 48937 48798 16133 16232 48771 16168 48926 16157 16033 48925 48842
  48956 48751 48919 16019 16253 49017 15783 15894 16212 15428 15795 48488
  48876 48995 48699 48997 15822 48837 15753 48955 16221 16201 48926 48800
  15976 48975 48788 48894 16212 16180 15907 15654 16220 16221 16240 48959
  48941 16052 15785 49014 48992 16198 16188 48786 16200 15935 16156 48660
  48965 48647 48558 15824 48969 16251 48899 48922 15707 15768 48630 16139
  15624 15968 16101 49011 15888 16196 49015 48706 16218 48790 48553 16246
  48921 48990 16184 16188 48484 15592 16171 16116 48880 49015 48422 16183
  16202 16233 16194 15907 48610 16140 16117 15772 48979 16218 48565 48779
  16004 16050 48916 16172 48855 48928 48703 16108 16238 16158 16225 48952
  48987 15852 48854 16167 16048 16241 48891 48360 15138 48901 15928 48616
  48602 48780 49015 15669 48808 49023 48836 48866 48730 48956 15483 16069
  16005 16155 48580 15644 16158 48660 16078 48645 48680 16133 48934 48805
  48909 48784 48906 15906 16152 16146 48778 16250]
 [15936 48718 16171 16107 16127 48923 48513 16185 15364 16059 15924 16175
  48860 15898 48960 16066 16109 49002 16052 48686 48960 48676 48924 48684
  48748 16116 16140 15963 49012 16220 16062 49006 16163 48921 15906 48520
  48676 16199 48640 48985 16228 16215 16060 48515 48976 16148 48985 48988
  15769 48942 49020 48669 48953 48941 48984 48918 16092 16158 48578 15446
  49007 48988 48888 15795 16117 15959 48732 48963 16143 48779 16113 15572
  16116 16208 16215 15759 15548 48879 16223 48556 48958 48649 48958 15269
  15866 48806 48987 16227 16139 16173 48776 16133 48367 48921 48960 48798
  48953 16255 48998 48625 48580 48844 15890 48947 16145 48811 15931 16092
  16199 16171 15965 48740 15314 16137 16193 48970 48747 16141 48651 48811
  48693 15954 16255 48229 48917 48940 49002 15856 15798 48918 16072 16118
  48886 48799 16251 48768 16133 48577 16150 16137 16043 16181 16224 15907
  48902 48719 16132 16026 48932 48997 16059 48894 47660 16124 15872 48981
  48928 48911 48887 15877 15361 48919 48989 48936 16248 48512 16188 16178
  15548 16083 48925 16064 48873 16170 48981 16139 48972 16195 48840 16030
  48332 48776 16020 16229 49002 16214 15967 16157 48749 48486 16188 48686
  15757 49013 48942 16017 16094 15913 48950 48607 48788 48142 16189 16141
  48980 16199 48487 16121 48952 16046 48903 48636 49015 48946 48976 48901
  48972 16068 49009 15985 48951 16227 16221 48908 15978 49009 16221 15676
  49001 48801 48984 48731 16046 48502 48750 48962 48898 48972 16157 48954
  15939 48801 48908 16014 48560 48716 15934 48271 48841 15857 16045 49010
  48523 48994 48928 15863 16187 16195 48988 48677 15913 48948 16135 16122
  16206 49019 48913 16167 16046 16201 48994 15942 15885 49005 15581 15968
  48926 48872 16015 48513 16183 48801 48878 16248 16210 49009 16138 48967
  49009 48871 48876 16163 16087 16246 16088 48679 16075 16255 16087 16133
  16224 48965 16081 16179 16232 48915 15360 16056 48897 15949 48888 48810
  48623 15727 48591 48222 48846 48942 48999 48923 15911 16146 48937 48968
  16127 48839 16231 16091 48817 48855 15682 48983 48963 48933 16140 15587
  49018 16049 48668 15537 48914 15828 16245 48986 48861 48899 48896 48760
  16162 16211 48920 15791 16012 15666 48647 48925 48321 48714 16151 16134
  48955 48978 16208 15761 16183 48994 15705 15777 16184 48974 48900 48703
  16187 16224 16252 16235 49020 48999 48948 48794 16168 16201 48928 15989
  16213 48532 48970 48556 48766 15903 48635 49015 16252 15794 48472 16232
  48944 48927 16157 48884 16153 48873 49007 15627 48923 16132 16016 16216
  16144 48931 16153 16017 16045 16170 15895 48523 16011 48846 48930 15982
  48904 48983 49023 15965 48781 16129 48767 48357 48702 16026 48787 16237
  16223 16178 16215 48592 15765 16119 16072 16200 16093 16254 48795 16170
  16074 16067 48818 16146 16204 48912 16000 48732 16250 48429 48907 48753
  16029 48985 15956 16220 16179 48989 16252 16075 48940 49017 48936 16173
  49012 48904 16131 15920 16144 16124 48998 16200 48907 15834 16019 48937
  16243 48322 48994 16223 15920 16075 15694 16171 49007 48877 48504 48984
  16082 48729 48872 49022 16097 16170 48726 15875 48907 15994 49017 48314
  16019 16214 48755 16135 15944 16218 48720 48825]
 [16198 48998 48954 48981 16175 49018 16185 48583 49021 48713 48928 15998
  16055 48332 49003 16031 16175 16097 16168 48921 16199 48822 49017 16175
  16226 16031 48905 48894 48520 16203 48947 16166 48853 16157 16215 48660
  48778 16154 15729 16060 15995 48945 16176 48923 16221 48895 16111 48860
  48826 48834 16125 15848 16196 48837 16068 16129 48946 48715 48396 48787
  48822 16062 48913 16086 16222 15877 15972 48988 16186 48859 15979 16245
  15939 16102 48607 48993 16152 49006 16077 49012 16185 48943 15593 15942
  48557 48803 48515 48833 48637 48784 15879 48902 16250 15076 48924 48443
  16187 49012 16055 15812 48937 16162 48774 48851 16168 16013 16203 16005
  16118 16172 48995 16141 15976 48988 15500 48981 16113 15806 16232 48930
  15961 48915 15977 16099 16099 16161 16181 48984 48800 16063 47929 48926
  15831 48701 48737 16158 48701 49010 48994 16182 16235 16064 48778 16224
  16038 16176 16136 48759 48430 48928 48852 16142 16201 16101 48526 48979
  48994 48768 48532 15967 49020 16250 48779 16178 15759 48957 16152 16086
  15712 15598 48979 16031 16210 48976 48882 16205 48860 16029 15758 15941
  48684 48844 48999 16122 16123 16046 16019 48899 49012 16158 48273 48837
  48971 48991 48794 16156 16214 16203 16215 16208 15711 48911 16152 48914
  48878 48904 15605 48822 48945 48575 16191 15888 16193 48923 48938 15898
  48534 16036 16150 16128 16226 48720 48918 15824 48967 48856 48917 48723
  48967 49007 16032 15969 16085 16036 48965 48853 48957 16175 16124 48920
  48802 16238 15936 16154 48881 48916 16145 16062 16057 15831 15874 16113
  48875 48790 16190 48835 15805 16079 16255 48644 48659 16175 16156 16108
  48534 48820 15966 16192 16196 48968 48658 48528 16244 16054 48701 49010
  15877 48974 16171 16129 48545 48656 16203 48856 48896 16224 16158 16164
  48924 48950 49010 48902 16140 48901 16106 48894 48726 16247 48898 48765
  48843 48967 48293 48760 16071 16162 15797 49007 15987 48995 15982 16061
  48922 16163 16210 16160 48839 15921 16212 48823 16163 49019 49022 16132
  16133 16147 16220 48963 48905 16206 48933 16058 15737 48981 48859 15654
  16180 16084 15993 48129 48846 48962 48698 49009 48915 48650 48678 49001
  15926 15819 48984 16226 48973 16181 49023 16195 49013 16131 48781 16115
  48713 48987 16136 48987 16216 48997 48425 16100 48730 48912 16132 16145
  16216 48765 15436 48780 48888 16128 48804 48659 48709 16089 16213 16042
  48488 16142 16016 48992 48975 49004 48560 16166 48831 48749 16209 16172
  16041 48878 48964 49015 48969 48852 15828 48991 48954 48931 16007 15981
  15823 48895 48771 48974 48908 16203 16245 16023 16213 16018 49007 16254
  48973 16059 48893 48733 16021 48642 48895 48809 48802 16235 16152 48553
  48921 16159 48943 48916 48777 16194 48956 48961 48197 48868 15884 48582
  48645 48966 48951 16164 16197 48903 48965 48996 15965 16092 48770 16055
  16090 16222 48990 48925 48988 16188 16149 15896 48981 48872 48847 15864
  48887 48986 16108 48845 48579 48958 16154 15878 16205 48148 16226 16200
  15900 16222 48821 48777 49000 15926 16099 16140 48947 48612 48933 16038
  48943 16206 48905 48853 16179 48554 49011 48177 48980 16248 15924 48889
  15874 48984 16153 16217 16191 48802 48818 49006]
 [16027 15758 48550 16208 48938 49019 48986 48909 49006 15290 48830 48931
  16128 48919 16064 48794 15553 16222 49004 14858 16181 15924 48868 48721
  16056 16200 49002 48987 48819 48904 48880 48910 48923 48957 16222 48950
  48919 48897 16221 16130 16148 48970 16172 48700 48882 15899 16164 16142
  16199 16219 48902 48667 49016 16194 48944 16185 48814 48775 49003 48817
  16198 49010 48703 49007 48772 48935 48893 16193 48642 48871 15926 48951
  48886 15805 48902 16055 48267 16139 16229 48964 48809 48824 48946 16158
  16133 48383 15770 48993 15843 16149 15895 48880 16043 48781 15799 48331
  48755 16096 16196 49021 16222 15548 16077 16182 48518 16171 48933 48942
  16033 16189 16200 16019 15696 48812 16245 48824 16122 15746 15966 48730
  16237 15890 16224 49020 15892 16094 16122 16207 49021 49023 48483 49009
  16242 48910 48479 48992 15668 48757 49001 48808 48734 16250 48917 15799
  16249 16149 16252 16239 48299 16073 48967 48625 16158 15406 16079 16123
  48892 16192 48548 48916 16187 48680 16128 15812 48753 16158 15916 48736
  48967 16202 49005 16185 48783 16014 16216 48946 15881 16135 16131 15697
  15999 16131 16174 16134 48789 16254 48646 49011 48780 48958 48961 48863
  48996 16065 48986 48919 48976 48991 48877 15891 16237 16192 16192 48933
  48880 48984 16142 48988 15848 48897 48899 16251 16131 16172 15891 16189
  16020 16228 48863 15939 16066 48731 16194 16245 48204 48735 48485 16180
  16020 49001 15788 49015 16142 48815 48485 16152 49000 48942 48720 48906
  48805 16255 16166 16196 16223 48802 48847 48904 16169 16055 48903 48763
  15451 15718 16199 48756 16209 48624 16124 16220 16208 48994 48918 48445
  48652 16016 16227 48966 48581 48925 16201 16237 48430 48970 16146 16073
  48788 16198 16243 15852 15878 48847 15917 48631 48842 48989 48893 48922
  15788 15952 15966 48741 48673 16171 48450 16249 48631 16025 48998 16029
  16179 16226 16254 48863 15898 48585 15874 48943 16182 16209 48590 48864
  48951 16060 48832 16209 16047 16021 15859 49000 16221 16003 16252 15769
  16087 48995 16006 16135 16142 16138 48908 16243 16253 48985 16223 48855
  16065 48805 16239 48972 48019 48659 48818 16021 48956 16093 16246 16155
  16184 48783 48819 15627 49000 16228 48950 16206 48981 16165 48946 49004
  16096 48865 16091 15841 48968 16221 48579 16112 15109 15957 48841 48921
  15790 48628 48737 16048 16067 49000 48805 48692 48974 48903 48997 16254
  16114 48979 49013 16096 48633 16146 16216 15947 48928 16144 16233 15908
  16058 48806 48754 16112 16219 16004 16148 48936 48915 15747 48933 16010
  48853 16149 16157 48532 48931 16022 16252 15995 49005 49015 48823 48923
  16160 16176 48887 48818 48903 16209 15277 16031 48685 16006 48745 48804
  16009 15930 48851 48947 48774 48685 16003 16212 49005 48899 48924 15254
  48655 16106 48899 15937 16196 16210 16234 16139 16207 48903 48922 49020
  16083 16223 48928 16012 16124 16218 16022 16240 48799 48793 15792 48750
  49023 16109 16128 16124 48798 15670 48783 49015 15871 48960 48983 16130
  49019 16235 15609 16247 48994 15915 48794 16175 48782 48885 16183 48768
  49015 48736 16030 48891 48651 48994 15924 16131 48689 48675 48978 48920
  48944 48406 15727 16229 48986 15948 15705 15620]
 [16191 48918 49003 16048 48798 49014 48894 48835 15983 48935 48690 48399
  48550 16242 49000 16230 15911 16151 48654 48573 16194 16202 48901 48921
  48118 16204 48821 16027 16085 16142 15874 48711 16239 15972 16106 48798
  16046 48888 48898 16091 15663 16059 48876 15946 48613 15942 48854 16092
  16156 48885 48844 16037 16072 16080 16059 48731 48727 48891 48943 16069
  48976 16224 16167 16183 16208 48699 16177 48943 49012 16145 48985 16250
  16050 16129 48898 16050 49001 16172 48937 16074 48909 48988 48407 48937
  16106 48902 48801 15882 48860 48761 16161 48932 48981 48815 48666 15790
  48770 16148 49003 48651 48753 16023 16238 15529 16249 48842 49008 48939
  48726 48828 48974 48649 48805 48961 48848 16197 48842 16091 15973 48661
  48901 48774 15932 48792 48913 48964 16194 48628 16000 48285 16190 15808
  48413 16217 16096 48966 48933 16147 16171 15801 15839 16007 48633 16056
  48968 16236 16128 16006 48828 48941 48697 16037 16008 48752 15976 16160
  49010 48586 16132 15805 16027 15624 16251 48996 48274 48977 48942 48751
  48944 16237 16228 48807 16015 15754 16161 16002 49023 16134 16124 15519
  16206 16209 15683 15965 16254 48846 48819 48930 16202 16122 48969 16246
  16108 16179 48999 15394 16075 15791 16042 16162 48768 16178 48940 48874
  49001 48778 48757 16156 16028 48641 16027 48996 48931 16001 16016 16140
  48710 16099 16060 16237 48913 15827 15952 16255 48920 15678 48797 15700
  48905 48999 15892 48808 48930 48820 48998 16230 15910 16161 48669 16206
  48392 15895 48262 16110 15880 48873 48949 15961 48305 48974 48725 15602
  16167 48985 48795 16165 16023 48855 16176 48219 47960 16244 16228 48784
  48952 48818 49008 49013 48725 16225 16190 15547 15877 49020 48913 49011
  16130 48949 16188 16018 48906 48943 16002 16205 16095 48795 15922 48833
  16255 16126 15978 48669 15985 48802 49009 48726 16220 16001 48981 16197
  48876 48899 48847 15902 15799 48268 16094 48827 16144 48934 16144 16039
  16059 48407 16043 48983 16179 48995 48947 15901 16117 48984 16215 16242
  15960 48409 16119 48815 48220 16213 16233 16218 48883 48904 48847 48624
  48830 48768 15991 16134 16113 16160 49007 48999 16148 15751 15904 48997
  48890 16013 16183 16213 14939 15802 16170 15770 15626 16207 16148 16209
  48912 15687 16175 48967 16150 48930 16157 15973 48925 48474 16058 16009
  48660 16204 15645 15424 48992 16216 48933 15720 16155 48913 15712 48900
  16132 15875 16182 16202 16024 16102 15817 48748 16023 16209 48682 48830
  48740 48644 48986 47948 48186 15925 48780 15975 16193 16233 15915 49002
  16240 16082 48807 48948 48950 48938 49000 16205 15782 16076 16167 16149
  16195 16239 48633 16230 16100 48987 16058 16063 16207 48770 15917 49017
  48811 48992 15667 16162 48918 15712 48919 48962 15540 48983 15922 49007
  48969 15820 15931 49009 15894 16173 16099 48956 15933 16048 49004 16181
  16208 16179 16166 16122 16008 16054 16156 16038 48816 48766 16203 49015
  16075 16232 16083 16252 16064 49006 16167 48860 48604 48832 48877 48652
  48760 16008 16160 48847 48914 16042 16046 16205 49015 16180 15660 15992
  48977 48650 48907 48891 15366 16159 16121 15930 15777 48660 16242 15862
  48891 48906 15972 15675 49020 16168 16081 16037]
 [48988 48781 16222 16185 48859 48943 48592 48787 16058 16238 48780 48992
  16203 49004 16231 16040 16226 48921 49003 48321 48586 48812 16234 16165
  16037 48940 16111 16104 48665 16217 48938 48878 48991 16151 15993 48829
  48940 49003 48938 48575 48897 48886 16192 15608 16106 49005 48778 48426
  48928 48962 16189 16224 48983 48794 16234 48981 16019 16241 16244 48491
  48940 48920 16199 16210 15964 16136 16117 16037 16167 16061 15755 48902
  16121 48473 48850 16154 16073 16223 48939 16024 48898 16206 48973 16031
  16149 48788 16232 16179 48850 49020 48848 48863 16199 16239 48987 48491
  15813 48976 48762 48827 15763 16037 16080 48953 16160 16054 16199 48591
  16201 16187 48636 48755 16221 16092 16219 16152 15967 48964 48853 16240
  48824 48976 16084 16111 48859 48847 48510 49012 16148 48827 16181 16154
  16037 48819 15621 48609 48804 16178 48391 16170 48970 48951 16244 15923
  15520 15677 48913 16095 48980 15894 15888 16212 15702 48953 15892 48977
  48919 49008 15577 48980 48506 16221 16097 48984 48909 16049 16202 49007
  16159 15869 15804 16234 16125 16179 48789 15838 15980 48822 15887 48902
  48950 48769 16117 16213 48557 16018 48971 16207 15884 16143 16150 48889
  15726 16235 48978 16059 16236 48844 16185 16222 16125 48905 48809 49005
  16169 16179 16007 48791 48984 16129 16103 16211 16108 16168 16123 16005
  48661 16205 16026 48720 48981 48854 15795 48869 48910 15712 48937 16153
  48384 15895 48948 48819 48696 16157 16138 48909 15981 48899 16249 16231
  15873 16075 16154 16098 16076 16234 15941 16011 16178 16045 16110 48904
  48771 48948 15420 48565 16254 15971 16146 48809 16169 15979 16073 48850
  15815 16009 15926 16212 16203 16241 16043 16241 16170 48874 48660 48901
  49021 48927 49021 16097 48664 48831 16134 16170 16243 16017 48541 48839
  48910 48914 48697 16251 49023 48923 48927 16094 48791 48559 48947 48706
  48971 15751 48973 16148 15880 16101 48678 48754 48973 15683 15597 48514
  16118 16170 16128 48950 15993 48982 16071 48753 48956 16185 15977 48788
  49008 15768 16216 15941 16241 48954 15883 16152 15697 48977 15913 15972
  16106 16133 16138 16039 48913 48708 16141 16232 48983 15761 48831 48908
  15422 15961 49018 16143 16163 16238 48931 15937 48662 48809 15878 16144
  49012 16240 16158 16128 16133 48739 16128 48743 16204 48933 48852 15826
  48825 48667 48248 16182 15677 48780 48897 48699 15616 16124 48962 48910
  48758 48782 48733 16150 48820 15224 15997 48905 16095 15808 48601 16158
  48899 16196 15866 15967 16192 16162 15951 16129 48648 15810 48992 48977
  16168 48993 48937 16151 49023 48862 15916 15939 16141 15426 15514 16102
  47924 15966 16203 48713 48747 49022 15976 49008 15367 16155 15820 48875
  16146 48875 16110 15969 48936 16207 48921 16250 49020 48882 48921 49016
  16109 16070 16149 48889 48612 16034 48630 16074 16009 48965 16143 16097
  16031 48944 48877 48730 48865 48907 16156 16013 15878 48908 16214 48926
  16151 16238 16104 16252 16026 48912 48919 48819 49020 16058 48876 16161
  48784 48420 16238 48900 16098 16130 48910 15106 48793 16139 15994 48452
  16143 48903 16129 16187 16193 16145 48700 16246 48758 16013 48941 16245
  16080 16129 48990 16134 16140 16047 48853 48296]
 [48967 48488 48899 48794 48940 48906 48984 16214 15737 48723 15759 16003
  16216 48932 48849 16243 48771 49012 48948 49010 16250 48866 16216 16253
  15948 49007 48982 48406 48704 15961 48634 16222 15758 16070 16203 48948
  48906 48969 48952 15566 48823 48669 16247 48943 15783 48973 48825 15713
  16228 48734 48990 48741 48949 48906 15985 48989 48528 15968 48672 49014
  16248 48776 16142 48818 48460 48740 48801 49012 48783 16199 16066 48949
  15930 16200 16076 48947 16188 48843 48572 15702 16179 16220 16219 49019
  16216 48996 48879 15605 48420 15958 48424 16222 48900 48871 16215 48984
  15968 16058 15413 16070 48935 16180 48952 48715 48985 15801 16045 16225
  16117 15784 16221 48432 15866 15940 48696 16173 48929 15840 16099 16206
  16196 15503 16018 48728 48514 16208 16220 16202 48953 16179 16229 48782
  15640 16142 15870 16252 48565 16091 16149 48193 16182 15805 48692 48968
  48730 16111 16215 48894 48788 48945 16067 16235 16016 15983 15835 48978
  16107 15952 16037 16204 16145 16143 16218 16250 15910 48968 48551 16147
  49009 48994 48989 16108 15128 48774 48969 16109 48823 48880 16027 15857
  48780 16016 48874 16150 48906 48942 16144 16084 48930 48964 16173 16141
  48816 16033 48960 15462 49014 48733 48985 48459 48672 48611 49000 48781
  16131 48774 16092 48773 48669 15874 16230 48968 49007 15965 16229 16250
  48385 48514 16020 15843 16009 16191 16124 48076 48540 16014 48565 48556
  49015 48934 48316 16165 48866 15673 48798 48970 16234 16181 48983 16097
  48796 16253 48842 48901 15883 16171 48925 16086 48992 16214 48982 16212
  48278 48596 16242 16251 16025 48958 15434 15726 15596 15886 49014 16088
  16089 48964 15887 15884 16058 48980 16001 48864 15461 16139 16082 48963
  15930 16240 48943 16180 16079 16140 48863 48857 16207 48783 48991 15950
  48960 16151 16017 16191 16145 48966 48755 16140 48681 16241 16113 49016
  16194 48972 48952 16112 16186 15764 48856 48792 48800 48817 48899 15966
  16205 48837 48928 16173 16119 16220 48939 48950 15785 15978 48418 15946
  48931 48423 16033 48649 16055 48583 48810 48841 48694 49012 16044 16176
  48788 49000 16249 48881 48959 48773 16116 48851 15896 48684 48963 48813
  16102 15973 48962 48940 16016 16160 48794 15939 48936 48833 49013 16137
  48714 16161 16085 16168 48859 48929 16241 16094 16171 49017 48789 16120
  48984 15881 48657 49014 48903 48860 48966 16006 48899 48867 16203 48518
  48732 16101 16209 49011 48596 15970 48825 16139 16241 16227 48879 48908
  16234 48553 48917 16083 48860 48878 16194 48940 48991 48876 15963 48960
  48488 16002 16178 48906 16162 48903 16053 48653 48965 16091 48912 48933
  48785 16028 48904 48929 49018 48488 48658 48904 48996 48656 16147 16092
  16184 49019 16238 48802 16251 48893 48489 48789 48787 16175 16124 16251
  15976 48534 48977 16254 15827 16077 48702 15811 16226 48938 48852 48946
  16149 48992 48982 48846 15592 48703 49001 16234 16231 48865 16109 15904
  48902 48883 48272 48677 48853 16157 48407 16030 48927 15753 48826 15704
  16143 16137 48789 16070 16225 16000 48948 16056 48970 16190 15624 48747
  48994 48756 16206 49013 48463 16220 48727 48659 15904 48535 48937 49014
  15968 16215 48969 48915 48772 16158 48876 16195]
 [48995 16225 15864 16034 48775 16144 48938 48998 48725 16181 16130 15628
  15891 48957 16174 16146 16032 48522 16237 16194 16019 48771 15985 15898
  48728 48837 48702 15895 48659 48882 16133 15744 48989 48774 16197 16130
  48820 16224 48984 16236 48898 49019 48647 48784 15776 16151 16175 48714
  48655 48948 48999 16016 48991 16111 15776 48922 15777 48930 48634 16153
  48539 48947 16101 48928 16116 48425 48573 16179 16085 49007 48848 16189
  49014 15801 16105 15993 16133 16103 16068 16164 16021 48711 48486 16093
  16192 48873 48801 16220 15904 48932 16039 16251 16165 16123 48917 16192
  15699 16199 48814 48992 48452 48875 16092 16234 16067 16198 48576 16139
  16175 16087 15486 16000 16077 48892 16158 16230 48526 16077 16114 16038
  15808 16195 48593 48992 16176 16050 16178 48953 49008 16222 48948 16158
  16165 16085 48956 16043 16199 48664 48689 48618 48981 16200 16189 16254
  15918 16128 48920 16043 16025 16205 16169 16224 16188 16188 48991 16177
  15964 48756 48995 16053 48815 48515 16058 16210 16166 48586 48741 48901
  48770 48967 16241 15895 48958 48790 15808 15750 49005 16230 48870 49015
  48984 15908 48953 49002 48758 15995 48966 48831 48680 48942 15431 48980
  49000 15650 48897 48975 48667 16212 16101 16161 16190 16241 16134 15966
  48777 48930 16063 16253 48517 16101 48160 48651 48695 15383 48776 16126
  16191 16196 48907 16202 48802 48835 16104 48839 48996 48769 16098 48817
  16004 16035 16111 16203 48650 48938 48825 48650 16091 49017 48828 16143
  16046 16109 16159 16145 16058 48631 16247 15885 48920 48852 16070 16217
  48932 48981 16195 16212 48868 48763 16036 48814 16193 48968 49004 48917
  48859 48966 48990 16130 48939 16211 48775 16046 48908 48900 15897 15864
  16137 16132 16046 48592 16200 15995 16250 16163 49001 48823 15891 16098
  15822 16146 48862 48929 48996 15894 16065 48818 15976 48997 48973 16078
  48775 16047 16169 16180 48935 48352 16111 16140 16145 48907 48925 15928
  16118 48825 48970 16093 48845 48938 48948 48829 15933 48784 49013 48974
  48854 16035 48973 15864 48962 48915 48935 48989 16047 48533 16169 48973
  48949 48838 16136 48838 48699 48843 48982 16224 15814 16147 16034 15593
  48978 16018 48944 48687 16004 16144 16061 16047 48947 48797 49002 16096
  16231 48881 48979 48456 16182 15828 49000 16242 16168 48956 16215 48585
  48771 48543 16171 16035 48993 16234 48948 16123 16011 48927 48936 16189
  48676 16030 15365 16104 48426 48857 48779 16183 48514 48914 16222 16151
  48995 16255 16071 48941 48902 16069 16143 48901 48888 48837 15944 48936
  48970 16055 16142 15091 48779 48651 48740 16235 16137 48917 48749 15796
  15975 48514 16158 16137 15401 16181 16128 16142 16233 48879 48877 16199
  16139 16218 48991 16002 48949 15359 48944 48958 49017 16005 48784 48970
  48821 48937 16226 48824 48810 16174 16023 16087 16011 16228 48918 16250
  16169 15926 16038 16024 48994 48912 16236 15756 48761 16134 15688 49017
  16113 16109 48939 16233 48909 48557 48965 15955 48767 48790 16167 49019
  16152 15890 16248 15927 48995 48998 16196 16174 48797 15985 48298 16239
  16230 16247 16187 16209 48912 16169 16085 16236 15889 48980 15943 16063
  48911 48728 15945 48768 48768 48955 16225 16128]
 [49023 16135 16117 49019 48773 15962 48577 16142 48664 48945 16243 48900
  16094 48950 48815 48621 48925 48588 48943 15857 16039 48992 16190 48929
  48908 16037 48511 47774 48958 16156 15983 48954 48769 16158 15883 48968
  48770 48899 15631 16175 48642 48648 16207 15900 15879 48883 15964 15899
  48723 16251 16195 16127 15768 48539 48929 48838 16140 48573 16195 48948
  15496 16022 15626 16199 16250 48964 48957 48957 16057 48770 16110 48705
  16002 16138 15813 15777 48978 48694 15803 48539 16205 16208 16164 48767
  16094 48726 48904 48800 48987 48812 48544 16233 48831 16206 48906 48926
  15643 16048 49001 48910 48565 48813 16089 15542 48941 16201 48852 16108
  16143 16237 47939 15981 48809 16054 48533 48639 16181 48998 16195 16180
  15440 48288 48781 16253 48967 15928 16058 16222 16143 16019 48964 48769
  48952 16195 16127 16131 16027 15462 48947 48814 48953 16102 48941 16078
  16068 48550 48954 48829 48824 16077 48965 16168 16133 48928 16096 16044
  16126 48927 48943 48902 48777 16150 16115 16217 48993 49018 16075 48866
  48809 15807 48971 16018 48819 16007 16171 48936 16220 15739 16216 48917
  15958 48708 16140 15960 48179 16211 48763 48911 15965 15998 48633 48347
  16235 16110 48967 48915 16243 16103 16212 48840 16119 16091 48850 15824
  16002 48410 16167 16170 16179 16155 48323 48754 16169 48288 48897 15472
  48951 16068 48808 48885 16233 16141 16146 15997 16173 16132 15946 16236
  48925 16227 48713 15720 48961 15780 15971 16254 16243 16238 48795 16251
  48566 16180 48913 15423 16238 16228 16060 16152 48933 16098 15985 48977
  48966 48968 16101 48951 48516 48786 15822 16083 16061 15614 48530 48721
  16185 48813 48886 16121 48783 16177 48816 16078 49000 48746 48800 16162
  16239 48544 16166 16076 16239 16159 48984 16090 15761 49015 48894 16215
  16218 16153 16246 16156 49018 48857 49008 48975 48911 15337 16177 16185
  15981 16219 14594 16199 48572 48868 16213 48741 15327 48815 16038 16253
  49010 16204 49021 48779 48937 16131 48998 15835 48849 48955 16139 48912
  48909 48870 15921 16035 49014 48900 48653 48812 16196 16147 16000 48805
  16077 16175 15938 16145 16127 15890 48832 16123 48918 16143 16155 16164
  48477 48925 48972 16121 16197 16026 48950 16222 16250 48648 15938 16141
  16114 16239 48965 15909 16068 16199 16191 16244 15557 16169 48660 48671
  48892 16162 16248 48889 48995 16161 15990 16235 48893 48987 48247 48980
  48883 48959 48909 48969 16232 48866 48613 16204 16053 15985 16082 16168
  16193 16018 16199 15760 48868 16194 15785 16207 49003 48721 16229 48896
  16226 16232 16195 15874 16022 16189 16141 16005 16246 16062 16243 48994
  48952 48582 48747 16144 48941 16243 48829 48657 48870 15906 48993 48947
  16123 48928 48903 16150 48976 48640 49012 48796 16075 48977 16198 16209
  48970 16251 48847 48980 49021 48699 16004 48811 16172 16093 48793 16111
  16225 48976 48838 48534 48003 15788 48844 16043 16020 15903 48965 48444
  48787 48274 16215 48415 49016 48634 16164 16143 15579 48896 48526 15874
  16255 16019 16070 48268 48789 16160 48166 16253 48559 48989 16058 49000
  48895 48789 16117 48188 49009 15983 48693 16215 47717 16085 48911 16133
  16098 16206 49006 48599 16055 48975 48695 16226]
 [48643 16248 48994 16095 15909 14989 16241 48957 16202 16067 48886 16205
  48656 16160 48739 16179 16011 48951 16025 48926 48692 48936 49012 48915
  15764 48407 15172 48897 16061 16081 48785 16195 16019 16090 48868 49023
  16187 16165 48960 48768 16037 16027 16184 48952 48655 48974 48738 49016
  16203 15709 16179 48993 48907 48886 48744 16155 48744 48919 48990 48983
  16133 48610 16103 16058 48954 48950 16130 16098 48761 48984 49017 48856
  49019 48906 48676 48961 48970 16202 15919 16222 48797 16053 48919 15986
  48957 49022 16220 15840 16218 48810 48816 48715 16082 15878 16217 49010
  16085 48813 48931 15530 15397 48953 48920 48700 48698 48826 48947 49021
  16240 16227 48389 16253 16049 48988 48963 16213 16005 16175 16203 48597
  48999 48927 48989 48927 48695 48963 48938 48605 48803 48516 48657 16019
  16223 48968 48973 16180 15441 16136 48913 16168 16217 16010 48969 16202
  16149 16128 49005 16153 48953 48910 15901 48880 16037 15965 48968 16031
  16217 48941 15942 48801 48549 48858 48789 49009 16246 15999 15032 48750
  15777 48757 48783 48531 48869 48931 15847 16175 48945 49007 48897 16245
  16168 15940 16219 48608 16247 48848 48900 16013 48761 16001 48839 15985
  48869 48997 16211 16196 16241 16093 16059 15857 48959 48927 48855 16199
  48935 16216 15674 16092 48967 48876 16234 48879 48848 48922 48957 48904
  16017 48566 15836 48961 16154 16145 49012 48750 48988 16149 16114 16205
  48902 48563 48929 48771 15670 48996 16092 15793 16168 48873 16206 16255
  16214 16142 16159 15895 48926 16053 16089 16248 15785 48874 16060 16245
  48933 48818 15787 48936 49012 48806 16187 49001 48657 16134 16232 16248
  48671 16230 49005 16123 16018 48896 15471 48957 16190 48785 16001 48942
  48918 16251 16129 16236 48849 48939 15305 48174 48934 16110 48781 48928
  48812 15874 16103 48404 15697 48952 16212 16219 16059 49014 15767 16004
  16253 16253 16183 48991 16232 15974 16154 48702 48824 48534 48948 48786
  16183 49004 48946 48959 48710 16254 48935 48949 16212 16195 49007 16128
  16031 16137 48180 16251 49001 48904 48723 48589 16215 15861 49000 48700
  48683 16238 15947 16010 16090 16138 16010 48902 16191 16109 16119 16254
  16154 16168 16231 48946 48020 15909 48814 16173 16134 16098 16254 48886
  16113 15826 48831 48941 16202 15939 16166 15801 48911 48806 48754 16242
  49021 16248 16245 16254 48447 16237 48725 49010 48909 16227 49016 15804
  48985 48858 48978 16184 15930 16205 16064 16241 15521 16014 15900 48384
  16177 16019 16154 16146 48926 16025 48921 15914 16053 16254 49008 48977
  48984 48720 16164 16176 16114 16203 48821 48978 48994 16180 16107 16075
  48804 48757 16234 48991 16140 48834 49004 16120 48813 16099 16084 15758
  16142 15909 48858 16111 15926 49017 16205 15802 16188 16195 48609 15483
  48684 48591 16202 16147 48959 15969 16253 15939 16146 16137 48793 48771
  16101 47114 15888 16090 16142 48873 48948 48853 15479 48801 15884 48996
  15519 48775 15757 48670 48860 16206 48929 16057 16217 15774 16192 48960
  48203 48560 49019 48616 48774 16045 16224 48980 48816 48613 48567 16140
  48615 49010 16087 16197 15587 15910 48940 48911 48903 48653 16219 15666
  48925 48879 48749 15996 48629 48732 15876 48900]
 [48983 49011 48894 48977 48807 16139 16093 15971 16180 48863 16197 48718
  48714 48705 48973 16243 48953 48802 48825 48985 48946 49001 48852 16187
  48804 48960 16021 16254 48905 48865 16241 48932 15543 48901 16221 16246
  16161 48829 48709 48899 16200 16212 48678 16032 48939 48645 16006 48746
  48785 49023 16155 16199 16240 16096 15815 48876 16255 15927 16057 16058
  16176 49019 48911 16041 16202 16061 48689 48781 16115 16119 15963 48853
  16217 15828 16148 48914 48799 16191 48998 15561 48405 16128 48863 48911
  16218 15890 48970 48925 16255 48923 15970 48675 16197 16130 15942 49018
  16194 48610 16220 48146 16070 48988 16123 48805 48792 48963 48948 48928
  48815 16200 48774 16101 48981 15930 48404 16244 16177 48569 16140 48925
  15871 48985 48795 48908 16096 48290 16128 15610 48979 16113 16170 16206
  15891 16129 16129 48944 48939 48987 48824 48473 16254 48653 16103 16070
  48919 48994 15804 16077 16255 48784 16202 48753 16065 15945 48996 48983
  49013 48772 16123 48935 15960 48856 16152 16152 16141 15691 48860 16158
  48928 48855 48929 16050 16062 16028 48684 48972 16210 15485 48702 15925
  48925 48956 48705 48907 48898 16200 15739 48391 16066 16231 48966 16170
  15916 48949 48847 48400 16067 48899 15758 16061 48593 16185 16189 48496
  16242 48985 49022 48756 15951 16004 48448 48960 48936 16180 16188 16050
  16040 15944 48920 48658 16072 15768 49014 16232 16176 48885 15982 16216
  48974 15302 48563 48695 16171 48756 48991 48990 49002 48698 16095 48919
  16021 16063 48890 15949 16061 48520 48807 15988 16244 48661 48733 48530
  48984 15833 48815 48961 48522 49022 48713 48969 49011 16166 16213 48917
  15776 48867 48210 48641 48876 16077 48959 48996 16137 16041 47937 48515
  48041 48640 48731 47650 15721 16068 16088 48762 48689 48769 15765 48575
  16199 16073 16204 16086 16241 16010 16237 48943 48997 15906 16247 48680
  48915 15664 16024 48829 16091 16243 16203 48853 48817 48771 48727 48972
  16134 48777 16194 16218 49011 16250 16087 15655 48738 15639 48819 15995
  48976 15992 48870 49014 15831 15904 48662 48986 16201 15972 48964 15539
  48051 48993 15962 16157 16126 48920 16185 48801 16228 48987 48353 15942
  48897 16138 16001 49014 15965 48267 48923 16253 16203 48852 15784 48827
  16141 16220 48784 16156 47952 48723 16224 15530 48517 16048 48884 48819
  16221 16054 16167 48874 15795 16241 48825 48941 15538 48741 48942 16198
  16251 15884 16140 16183 16077 49001 48943 48987 49018 48838 48732 48900
  48990 15732 48872 16151 49019 16175 16232 16093 16111 16221 48916 16253
  16140 16104 48782 15803 16029 15990 16081 48981 48787 48647 48885 48935
  48952 48776 48214 48991 16228 16135 16108 48935 15956 15731 16247 16125
  15899 16179 48944 49016 16066 48973 48964 16122 48874 16003 16213 48827
  48912 48969 48957 48992 48979 48651 48823 16083 16189 16145 15738 48971
  16086 48780 48980 16175 48805 48912 16190 16205 48804 48788 15907 16111
  48991 15935 16231 48883 16209 16230 48876 16130 48901 16115 16152 48897
  16093 16159 48784 48938 48976 15898 16244 16165 48643 15765 48865 48940
  48402 48533 15667 16231 15956 15960 48958 16254 16139 16193 48687 15243
  15668 48924 16066 16206 48940 48979 16115 48872]
 [15997 16072 48822 16161 15820 16188 16134 16188 49013 48899 48977 48621
  16199 48516 16179 48816 48804 16202 48663 16148 48902 16229 15896 16132
  48978 48240 16205 16193 49000 48841 48616 48935 16107 48929 48797 16039
  48402 16116 16236 48964 16086 48906 48687 49007 48954 48824 48801 16204
  16119 16241 15946 48900 48816 48824 48817 16049 15740 48746 48947 49012
  48911 48968 16146 48966 16101 48746 48986 16160 15907 48903 16202 49000
  48920 16129 16086 48855 48992 16183 48830 48923 15619 16210 49001 16136
  15892 48664 16121 16238 48906 48950 16211 16045 48638 15894 16123 16139
  16214 48661 48851 16015 48684 15937 48675 48945 48506 16067 16153 48218
  48939 48686 16146 48690 16073 15468 48900 16151 48980 15691 48917 48989
  15296 47717 16083 16122 16105 48697 16006 15901 48672 15943 16228 48925
  16207 48996 48836 48856 16001 48956 16195 16168 16027 48554 16221 16169
  47795 16078 15881 15924 48813 48539 48984 48786 16072 16232 16237 15844
  15962 48928 16071 48987 48860 16044 48834 48998 16169 48834 48991 48985
  48894 48932 16140 48822 16156 48934 48233 16064 16027 15951 16217 48906
  48205 16196 48984 48995 48904 16008 48885 48926 48552 15976 48896 48844
  15976 16228 16050 16144 48776 48873 48571 16157 48562 16177 16250 48987
  49000 48947 48748 48956 16189 49012 48828 48929 16220 16045 16210 16241
  48062 48904 48924 48909 16085 49003 48997 15965 16017 16041 48771 16156
  15753 48970 16152 16231 48993 48734 48332 48949 16188 48861 16144 16047
  15944 48925 48910 48999 48900 48798 16170 48776 16130 48632 16145 16243
  48901 16185 15993 16162 16027 48667 48907 48988 15761 16251 16115 48816
  16167 16137 48863 49016 48963 16193 16172 48849 48859 16149 16224 16142
  15960 48899 15698 48904 16157 48743 16170 48754 16165 48810 48629 15980
  48988 16229 15894 15488 16173 16187 15670 16218 48990 48966 15942 48789
  48530 48816 48707 16165 15935 16254 16146 48871 48881 48808 16175 49010
  48906 16207 16015 48907 48911 16185 16201 48889 48674 16171 16138 16160
  15638 16210 48818 48943 16085 15777 16181 48982 16175 48851 16030 49003
  15968 16094 48774 48913 15770 16170 48820 48893 48866 16229 48784 49022
  16144 16076 48958 16248 15965 15052 48753 16204 48899 48859 48961 16132
  15939 15967 48912 16026 16135 48785 16154 48794 16132 49006 15825 16240
  16246 48863 48624 48991 16191 15884 48747 48966 16228 15735 48862 48793
  48874 15952 16220 16182 48546 16167 48669 48893 16247 48840 48820 16250
  48955 16133 16223 15553 49022 48767 48966 48683 16148 48635 48651 15848
  15911 16182 48836 16164 15879 48844 48849 48782 15995 48905 16215 15897
  16215 49000 48801 49012 48873 16185 49005 48642 48963 48682 16173 15996
  16114 48794 16227 16086 48672 48662 16214 15900 16083 48681 48909 16100
  15964 15152 15997 48917 16150 16229 16200 48822 48704 16157 15938 15812
  16218 15763 15604 49002 48988 49020 16211 48699 48512 16176 15967 15968
  48848 16170 48939 48996 48925 48877 48862 16046 48912 16052 48977 48948
  15504 16216 16184 16240 16026 16052 16000 15995 48948 15795 48745 48619
  15681 48958 48783 48991 16245 48963 48887 16200 48397 48954 48749 48964
  48921 48997 48637 16156 15920 15961 48921 48799]
 [16176 48979 16183 48389 16172 48826 48805 16128 16145 48906 16242 48980
  48988 15939 16100 16235 48706 49011 15954 48855 48649 48316 48990 48357
  48662 16089 16021 48929 48918 48894 48932 16032 16253 16027 15962 48696
  48831 16210 16240 48083 48854 16138 48956 16135 16163 48960 16244 16248
  16223 48129 48898 15911 48675 48918 48668 16039 48987 48810 49014 16127
  16016 48991 16237 49012 15928 16141 16147 49006 16208 16214 15867 48402
  49001 15869 48697 16139 48708 16059 48972 48955 48952 49000 15785 16150
  15970 15897 16056 48804 48781 48830 16089 48941 49017 15941 16226 15968
  16144 16048 48039 16095 16165 48908 48807 48909 48579 16197 48798 48768
  16184 15611 15761 16184 48283 16057 48980 48932 48707 48169 16238 16240
  16179 48828 16237 16065 48731 16078 49015 48949 16168 16021 48779 15022
  16207 16006 48720 48962 48851 16244 48640 48486 47927 16196 15956 16070
  48738 49009 16220 16229 16229 16227 16161 16061 16176 15949 48955 48734
  16241 48792 16188 48976 48809 48792 48997 48963 48925 16172 48991 48846
  49018 16072 15990 16020 48768 48917 16097 16159 48953 48343 48896 48937
  16111 15772 48913 48834 16238 16178 16194 48547 15997 48764 48984 48714
  15936 48857 16178 48946 48776 48960 48706 49003 48872 48715 48434 15794
  48870 15676 15507 48828 16169 15802 48811 16229 16176 16247 16068 48761
  48864 16039 16246 16001 16195 48814 48702 16208 16131 16246 16140 48594
  15742 16205 15827 48890 48643 15621 48974 16121 48968 48706 16155 48516
  16175 48801 16234 48916 49004 16190 16129 48905 16248 15253 16230 15396
  48486 48592 48809 15754 48578 49005 48885 48914 16188 15946 16135 16233
  16019 16247 48832 48928 48710 48495 16202 15861 48852 16120 15423 48940
  15901 16210 16175 15921 48763 48979 48504 16129 48783 48903 16220 16164
  16013 48953 48949 48971 15982 48964 16175 16252 48776 48573 16088 16223
  16201 48994 48937 16130 16065 48955 15239 16143 48911 16190 48996 16144
  15981 48829 16098 16144 16222 48775 16062 15954 15694 16199 49022 48863
  15772 48932 16208 16023 48437 16161 48585 15856 49022 48777 48952 16066
  48427 48843 48515 48916 16217 48996 16187 15546 15987 48842 16238 48863
  15926 16252 16195 15764 16251 16078 48917 48705 48809 48799 16133 15916
  49004 16193 48848 16254 16232 16225 16159 48911 15749 48909 48886 15971
  49003 16240 16214 48756 15612 48522 16195 16065 48867 48601 48657 16235
  48934 48978 16194 16203 16190 15539 16035 15873 48988 15940 49017 48819
  16221 48840 16225 48895 48829 16003 16133 15157 16195 49003 16216 48923
  16196 48715 16170 16047 48933 16214 48898 48899 16160 48969 48910 15345
  16169 48948 15811 16088 16184 16223 16145 16028 48647 48966 16086 16252
  16114 49015 48117 15978 16066 16096 15854 48909 16226 16073 48902 48821
  16216 16198 48706 49004 48999 48861 16004 15916 16009 16094 49014 48970
  48783 48944 48985 16016 16161 16129 16162 16041 16112 48873 16252 48930
  48914 48856 16243 16250 16150 16004 15652 16240 16072 16227 48827 48810
  16181 48947 16228 15476 16218 48807 16093 48396 16001 15375 16239 16068
  48894 16209 48850 48771 48971 16204 48859 48886 16215 16156 48951 16137
  16211 48983 16166 15810 16045 48234 16074 49006]
 [16134 49006 48567 48946 16165 48830 48572 48657 16139 48410 16147 48986
  48925 15827 16228 48985 49001 48943 16016 48718 16166 48987 48923 48844
  16001 16061 48960 16227 48802 16090 15686 48909 16177 16162 48724 15925
  48887 16066 48835 16176 48912 49016 48877 48926 15495 48919 16134 48900
  16083 15904 16248 16255 16189 16133 48744 16129 16233 49012 15771 48912
  15853 48521 15899 15824 16235 15829 16177 48824 48637 48498 48866 48758
  15945 15908 16011 48791 48828 15972 48955 48892 49002 48986 48899 49014
  48898 16030 48992 48641 16211 16149 48839 16217 48814 48986 16252 16189
  48523 16042 16047 48924 48921 48505 16210 49018 16144 48994 48434 16013
  16063 48994 48678 15915 48990 48954 16039 15665 48941 15760 16211 49016
  16018 48986 49020 48946 48669 16154 48863 16000 48693 48904 15593 16152
  16170 16177 48805 16150 48915 16116 16229 49016 48628 16023 16078 48933
  16241 15980 48939 49013 16145 48983 48951 15897 15955 16063 48730 16140
  16242 48874 16079 16219 16062 16057 48909 15759 15872 16076 16254 49006
  48990 48984 16120 48954 15994 48819 48558 48913 16187 15920 16227 15896
  48960 48936 16250 16102 48998 16080 48691 48837 48945 16174 48991 48855
  48838 48941 15494 49018 48843 16222 48834 48782 48475 15868 16158 48926
  16190 16131 16099 48979 49012 15936 16185 15916 48914 48977 16076 16099
  48935 49009 48699 15913 16082 16158 15970 48967 16058 16247 16207 16190
  48842 16128 16179 16054 48895 16232 48585 48957 48967 16023 48639 48975
  16118 16153 16102 48920 16066 49018 48839 48719 16171 48736 49018 48791
  47885 16229 16225 48931 48929 48940 16147 49020 48958 15771 48897 48976
  48783 48871 15541 16245 48960 48770 16221 16192 48728 16075 48979 16089
  16242 15769 47941 48928 16008 15929 16027 49010 15815 15938 48917 48917
  48869 16088 15961 16177 48849 16210 16121 48727 48975 48888 16233 48834
  48814 48926 16157 48869 48813 48687 48647 48693 15349 16161 16163 16152
  48972 16153 48962 48960 16229 16163 15830 16191 16250 15970 15975 16130
  48905 48938 16132 48798 48954 48829 48784 16238 16074 15740 16240 16206
  15556 16207 48707 48906 48904 16038 15116 16034 16062 49012 48996 15749
  48926 16007 15829 15919 48842 16015 16168 16255 16173 15851 48924 16057
  16224 48915 48889 48947 16114 48703 48991 16191 15852 48812 48799 48854
  48566 48806 15812 16140 16050 48850 15723 16174 48989 48983 15846 16014
  48915 16123 16021 16216 48937 16128 48981 15877 15828 48740 16176 49021
  15653 48912 16121 49001 16169 16173 16170 48945 16005 49016 16178 16100
  15743 16108 48975 15722 48853 16241 16182 16110 16222 48796 16205 48818
  16110 16114 49014 48782 49014 16254 48961 15791 16148 48920 48372 15964
  48941 16142 48845 48915 15854 48695 16215 16194 48392 48784 48818 48878
  15798 16156 48833 48926 48456 48988 16078 15638 48109 48844 16207 48977
  16189 48764 16194 16106 48970 16169 16058 49007 48955 16010 16038 16124
  16097 16035 16136 15897 48884 16211 49014 48776 16106 48661 49011 48990
  16024 16238 15828 15453 48826 48889 49013 48872 48592 48922 48979 16094
  16202 16223 15985 48996 16118 48967 16045 16143 16103 16231 16115 16069
  48883 16217 48932 16207 48831 48957 16167 49022]
 [16170 48883 16196 16068 16042 48777 48993 16168 48936 48770 15949 48401
  48922 48952 48960 16185 49007 16244 48922 48967 15901 48983 15953 16179
  48999 16153 48728 48942 48933 16214 48967 16187 15797 49004 48529 16162
  16103 48311 16184 48962 16209 16177 16085 16162 15795 16051 15864 48788
  15885 48888 48628 48864 48961 48822 16180 48755 16125 48934 48666 48965
  48953 15984 15964 48914 48465 16186 48934 49014 16027 48996 16245 15968
  48498 48655 15893 48977 16220 16000 48929 15872 48955 49015 16005 16024
  15915 48930 15955 48995 15967 15837 16030 16202 16179 16246 16243 16139
  16233 16188 16105 48985 48998 16172 48297 16161 48831 48721 16076 16212
  48979 16185 16150 48828 48788 49000 49015 48444 48975 48924 16177 15889
  16008 48928 16168 16188 15679 16211 16176 16108 16111 48970 48874 48989
  49019 48942 16194 48901 16240 15943 48902 48060 48911 16247 16177 49010
  16229 16098 48981 16046 16022 48911 16132 48979 48300 49018 16239 16128
  48942 48802 48941 16136 48993 16174 16226 16052 48914 48783 48442 15958
  16044 15838 48792 16200 48982 48522 16141 48992 16082 16163 16036 49017
  48931 48801 48904 16236 16027 48847 16220 16118 48860 48760 48921 16241
  15629 16202 48797 16184 48996 16246 16210 48780 16140 16129 16205 48837
  48525 16186 16142 48730 16177 48999 16144 48918 48859 48222 48589 15656
  15799 48812 48934 16137 48716 15423 16020 16209 16084 49000 16173 16250
  48481 16240 15809 48549 48812 16033 48906 48970 49010 48852 48725 15829
  48852 16247 48853 48625 48971 48885 48999 15859 16128 48923 48775 49015
  16173 16143 48991 48778 16233 48733 15702 48788 15940 16244 16254 16140
  48707 48182 48786 16248 16084 48593 49017 15655 16247 15676 48930 49012
  48788 16214 16254 16228 16106 15854 15929 15775 16084 48678 16045 48961
  48879 16172 16206 15775 49007 16218 16078 48688 15945 48655 48525 16198
  48941 48970 49022 48830 48948 48911 49018 48907 48811 49007 15964 15884
  48974 15938 16255 16227 49022 16151 48789 48991 48848 48822 15678 16036
  16127 48898 48822 48836 48780 16255 16142 16243 16069 48703 48737 48315
  48682 16168 48527 48849 16140 16181 48674 16043 48993 15729 49000 49009
  15975 48841 16120 16202 48952 16101 15597 48966 16027 15968 15616 16218
  15660 16251 15511 48964 48497 48930 15942 16069 48513 48973 48512 48982
  16058 16148 16236 48947 15748 15882 16216 16002 48949 48642 16030 16077
  16185 48931 16231 48993 16247 16183 16036 16112 48986 49002 48971 48979
  15810 48913 16184 48606 16072 16028 48824 48899 48801 16151 15920 48892
  16162 48995 16075 48633 16108 16218 16128 48621 48946 16156 48544 48985
  16096 48853 48998 16206 48394 48864 16093 16197 49023 16064 16136 48916
  48298 48978 16124 16177 48968 16162 16139 48796 16066 49023 16221 15822
  15990 16040 15867 16182 15968 16208 15912 48936 16211 16057 16076 16248
  48985 48658 48901 16005 16157 16238 48569 16146 16213 16059 48899 15964
  16240 16249 16017 16198 48921 48898 16231 48954 48926 48674 15927 15956
  48853 16215 16212 48733 48646 16079 16038 48753 48687 48795 48903 48555
  16062 16119 16142 48768 16135 49020 48444 16150 16005 48468 16020 16208
  15879 16153 16246 16082 15894 49004 48768 15878]
 [16152 48637 16235 48873 16122 48677 48357 16154 48848 48974 15653 15723
  16152 16239 48995 15931 16057 16248 16226 16089 15666 48941 48749 15918
  16102 16010 16091 48657 16105 48950 48940 48940 16200 48985 16154 48904
  48513 16212 15919 48916 48861 16215 48661 15922 48548 48760 48909 16062
  16095 48870 16147 16181 16215 48941 48840 16184 48922 49022 16189 48817
  48687 48603 16178 48805 16200 15983 15711 48818 48899 15998 48601 16210
  48264 15553 48682 16148 48665 48876 16185 15942 15931 15970 16096 48831
  49006 16159 48958 16099 48981 48767 48991 15669 16028 48936 48771 16220
  48619 16154 16218 16242 16203 48826 16236 16159 16172 49016 16232 16142
  16137 48982 48904 16236 15025 48721 16174 48979 48682 48766 48793 48836
  48916 48935 16015 16214 15505 48846 48942 16169 16241 48794 48854 15951
  16140 48566 16005 16093 16235 48939 16254 48732 16100 15892 48346 16074
  48725 48959 48309 15667 48920 16223 48907 48697 48944 15762 48836 48303
  48908 48996 16142 16016 48803 48999 16187 48937 16220 48431 48803 16119
  16192 48772 48701 48648 16216 16069 48897 48929 48906 48882 48906 16034
  48964 48742 16000 48854 48990 48982 48959 16171 16033 48990 48735 48866
  15903 15674 48410 48829 48953 16120 16194 16227 48993 16117 16103 16228
  48893 16119 48996 16006 48792 16137 16186 48778 15697 48963 48682 48782
  48930 16201 48948 16010 16199 16210 16150 48933 16162 48868 16216 16086
  16146 48980 15913 16164 16185 49009 16224 49001 15978 16070 48969 48999
  16145 48748 48969 16134 16178 15922 48941 49016 16077 15821 16026 16160
  48646 48960 16225 15801 15980 16221 16220 15891 48847 16254 16057 48699
  15861 48684 16198 48399 16165 16174 16166 16099 16181 48742 48965 16175
  47984 48958 48964 48942 16128 16087 48919 16177 48863 16150 48311 16109
  48754 48796 16174 49005 16243 16023 48650 16003 48961 15590 16248 48903
  16099 48645 16028 48919 48497 16245 48924 16011 15898 15877 15979 15250
  49015 16204 16167 48934 48689 16138 16245 16230 16204 48942 16212 16193
  48764 48728 48548 16031 48884 49012 48951 48629 48863 16135 48969 16213
  16202 16209 16117 48969 48637 48956 16249 48810 15918 16143 16215 16130
  16050 48523 15959 48975 16196 15795 49003 16214 48303 16188 16182 16161
  48992 48897 16192 16204 48555 48629 48934 16239 48914 48926 16036 48899
  16224 49018 49021 15391 48323 48940 48179 48692 16199 49019 16243 15998
  48946 49000 15772 48903 48843 48898 16025 15835 48984 15705 16149 48982
  16199 15904 16230 48948 16252 16019 15882 15610 49011 16225 16019 48977
  49013 48997 15968 15977 47662 48837 15746 15621 49014 48862 48996 16204
  16102 16254 48842 16193 15955 48575 48910 16116 16206 48903 48934 16072
  16244 16127 48860 48675 48748 16180 16138 15926 48870 16224 16028 16240
  15908 16164 16160 48806 16237 49012 16137 16238 48804 16023 15870 16133
  16187 15955 16161 48832 48906 48653 16054 48928 16056 48728 16151 49005
  16044 16025 16225 16090 16151 16207 16051 48854 16189 16125 48666 16087
  16188 16243 16231 48818 48672 48967 48897 16195 48782 15990 16041 16144
  48930 48839 48595 48778 16247 16171 48422 16194 48796 16146 48909 16139
  48562 48968 48872 48712 16127 48986 16035 16093]
 [16029 16133 48932 15922 16225 15970 15972 16114 48810 16077 16213 49018
  16189 48912 48564 16180 16165 16200 16225 48600 16032 48736 48792 48652
  16120 15164 16160 16123 49013 16005 48641 48561 16163 15811 16197 16089
  15832 16130 49004 49010 48981 48639 48903 16247 15789 16038 48866 48822
  48808 16075 48471 15632 15932 16137 48977 16141 15873 16045 48816 48697
  48905 16245 48068 16253 48295 48911 15476 49003 16207 16163 16103 15968
  15907 16254 48867 16143 15910 16243 16167 16255 15924 48919 15345 16088
  16140 49023 15396 48903 16191 48945 16042 48879 48786 16225 48900 48975
  48988 15383 16017 48816 16066 48992 16182 16162 16248 16223 48787 48718
  16123 48955 48830 48963 48568 15829 48915 49010 16096 49013 16242 48910
  16039 48645 48993 48483 15625 16181 16109 48983 48916 48832 48964 48560
  16247 15599 16119 16059 16179 48913 16129 16195 48936 48796 16240 16143
  48862 15874 48707 48292 48788 48865 16050 16142 16191 48944 16165 48891
  48660 16205 48570 48923 48942 48477 16134 16254 16147 16193 16125 16202
  48984 16220 48724 16215 48985 16092 16113 16254 16137 48752 15850 48776
  48923 48896 48910 15815 16207 16211 48995 48983 48898 48890 48975 48740
  15923 15904 15793 48805 16083 16167 48797 48980 48848 48953 48517 48944
  48536 48910 16116 49009 15840 48937 49023 16189 16047 48973 16040 15972
  48474 48677 16198 48898 48720 48814 16138 16213 16179 16152 16249 16073
  16128 16247 49020 16009 16116 16213 16196 16175 16228 15769 49020 49018
  15798 48644 48583 48715 16213 48784 16182 16206 47746 48601 16133 16084
  48815 48971 48880 48956 48850 48883 16013 16232 16062 16218 16145 16105
  48688 48819 16177 16207 48581 49019 16149 48860 49018 16156 15630 16061
  16212 15784 15313 48854 48839 16151 48592 48940 48975 48477 48527 16029
  48493 48950 15487 16208 48942 16066 15936 16126 48946 16226 15991 16177
  48897 16117 16143 48722 48749 16033 48976 16113 49002 48926 16040 48973
  16241 16188 16001 16163 16198 48886 16178 48924 48689 15854 16091 49008
  48854 15966 48786 16140 16027 48903 48949 16004 48586 48937 48817 48841
  48968 15808 16134 15898 16167 48958 48643 15968 16052 16072 16106 16027
  48975 16071 16102 16252 16070 16063 15602 16188 16254 16142 15974 48983
  16104 16085 16141 48960 16029 48849 16133 48900 16060 48849 49019 16008
  48966 16035 16217 16240 48903 16158 48789 16205 16147 48986 48702 48806
  16146 48695 16061 15953 16243 16224 48660 16100 16168 16204 48989 48842
  48824 48646 48937 48120 16039 48044 16041 48989 16192 16224 15985 16195
  48956 16152 48962 48700 48820 15919 48843 16012 48775 16184 16009 48913
  48807 16177 48744 15762 16024 48795 48850 48458 48913 48860 48992 48840
  48823 16236 15927 16147 49000 48969 16161 15997 48926 48706 15774 16175
  48993 15942 16094 16244 16157 48869 16086 16134 16107 16163 16206 48973
  48970 16151 48893 48994 48714 16163 48959 16047 49022 48967 48792 48981
  16177 16186 16130 48899 15678 48929 48863 15619 16112 48975 48848 16218
  48657 16224 16251 15706 48857 16148 48942 48893 16145 48647 48920 16026
  16110 48959 48868 48910 48758 16134 16090 16038 49020 48951 48909 48873
  48949 48695 48985 16128 16147 15896 48978 16199]
 [16238 48920 16081 16175 15779 48820 48431 15561 48715 16220 16121 48900
  15919 16065 48952 48784 16207 15881 48912 48961 15637 15811 48809 16005
  48988 48949 15805 48992 16195 48951 16050 48734 48717 16135 47756 16103
  15402 15934 16133 15963 15980 16148 16229 48764 15901 48979 48784 48692
  16171 15579 16108 49014 48529 16205 48909 49007 48648 16081 48570 48547
  16045 48891 16128 48945 48725 16031 16168 16149 16099 48784 48961 48912
  16186 16182 16231 48985 15766 16024 16087 16019 16138 48783 48932 48919
  49017 48793 48977 48822 16003 16201 16173 48893 48955 48925 16241 15818
  48930 16174 48726 16204 48885 48730 15394 16201 16188 15896 48910 48709
  16243 15964 16143 48589 15747 48657 16079 16179 15473 48412 48803 48933
  16224 48828 16153 16092 16148 16223 15996 16203 48938 16001 16139 48873
  16118 16142 16169 48831 16057 48840 16116 48535 15943 48684 48941 48932
  48984 15985 16178 49013 48990 48558 16115 48943 48873 48905 48718 48908
  48790 16106 15971 48982 16013 48443 16222 48855 16103 16108 48910 16206
  48272 16055 48949 48888 15920 48825 47648 48769 16015 48338 49021 16025
  48671 48802 48975 48911 48909 16222 48650 49002 48952 48983 15926 48928
  47933 48773 16155 48823 48554 16098 48648 16150 16037 48695 15362 16239
  16037 16207 48932 48393 16209 48821 16239 48974 16206 48608 48986 16194
  48894 49012 48954 16034 16244 48966 48539 48931 16122 48963 48901 48923
  15831 16191 15541 48994 15873 16152 48956 48986 48927 16123 15931 15782
  48896 48811 16238 48900 16205 15908 48960 48517 16229 48678 16186 48889
  15889 16176 16215 48360 16015 49022 48892 48866 48976 48865 48823 16240
  16044 48663 16249 48945 48452 16022 48995 16094 48972 48952 48942 16219
  16059 16031 15843 48852 15991 48696 48949 16066 48957 48926 16162 16035
  16006 48679 48724 16066 16117 15527 16240 16233 48691 16164 15793 15552
  48995 15895 16205 16143 16146 48942 48784 48904 48828 15906 48778 15864
  48635 48858 48975 16200 49018 49023 16167 16254 16104 49016 48907 16241
  16158 15880 48902 49016 49013 15973 49012 16252 48930 16087 48944 15780
  48982 16136 15917 48979 16178 15808 16215 16213 16215 48984 48962 16249
  48331 48902 16138 48881 16104 16172 16145 48871 48713 48689 48270 48938
  48578 15536 15745 16163 15630 48905 16039 16152 48824 16020 48948 48801
  16209 16210 15898 16079 16181 16234 48293 15868 48684 48987 48670 16148
  16156 16200 48997 15710 48968 48921 16204 48082 16132 48991 48682 16050
  48955 48818 48990 16026 16241 16167 16243 16176 16181 15902 15637 48703
  16162 48930 48995 16229 49022 16244 16106 48815 16074 16162 48898 16138
  16155 48896 49002 48919 48921 48990 16103 48757 16196 48893 48575 16014
  16193 15689 48769 16187 48834 48983 48609 16145 49008 15919 15937 16219
  48858 48866 48627 48786 16114 16017 16132 16163 16216 48653 16248 48913
  16091 15755 16162 48446 16145 16220 16109 16141 48989 48919 16242 16069
  15867 48776 49001 48774 47886 48915 48935 15497 15919 48901 15922 16204
  48475 16182 16218 48976 48974 48452 15924 48663 48817 16016 49022 16239
  48905 16213 48968 48902 48903 16254 49021 16014 16189 16048 48780 16234
  16201 48647 15894 16239 16247 48589 16177 48842]
 [48771 48939 48916 16032 15536 48905 48710 48769 16249 16181 48741 16211
  48801 16043 16238 48736 16056 48848 48879 15895 16245 48575 16224 16212
  48892 48713 16018 15635 48974 16252 16129 48639 15986 48979 48153 16220
  16203 48806 15744 16074 48803 48990 15410 15952 49021 48975 48917 48795
  15784 48851 48869 16189 48949 48148 16231 16000 16094 48652 49013 16021
  16007 48967 48538 16212 48918 48543 48543 16159 16166 16132 48777 48987
  48794 16056 16079 16238 48573 16007 15776 48946 48542 15799 16230 48776
  16245 15789 48899 48925 48951 48576 49012 48609 16250 16046 16133 48963
  48476 48858 16201 48931 48553 15924 15590 16169 48905 48763 16149 15717
  48712 49008 16129 16241 15990 16182 15626 48905 49016 16029 48225 16144
  16071 16249 15528 48661 48858 48445 16190 49002 16244 16252 15944 48812
  48909 48868 48998 48459 48994 16095 48771 48921 15799 16242 16071 48263
  16141 16115 16200 48919 16183 48843 16225 48864 16218 16237 48949 16242
  48980 48912 48612 16252 48315 15822 16071 16239 16145 48909 48841 48974
  16019 48931 48888 16198 48817 15880 48721 48986 48780 48700 16202 48819
  48759 16144 16132 16152 16232 16151 48701 16164 15502 48867 48841 48909
  48949 48929 48991 16198 16220 15921 16174 48930 16205 15440 48989 48951
  48835 49001 48835 48993 48903 48879 16253 48903 48901 16063 16183 48743
  16192 48803 48923 48814 15967 48776 16049 48902 16077 48796 48564 15852
  16062 48901 16172 16099 48904 16243 16040 48578 48943 15752 48939 48656
  48698 16097 48925 16164 48818 48613 16139 16000 48836 48745 48838 15938
  48811 16103 15907 48949 48834 48910 48736 15618 15453 16130 48927 16228
  48800 48844 16061 16156 48760 16124 16196 16136 49006 16167 16140 16045
  16133 16245 48653 48989 48544 49000 48850 15921 48834 16061 16164 48674
  16204 48983 16174 16168 48822 48846 48839 16159 16169 48814 15933 48952
  48511 16255 48942 16229 16166 16241 48932 48914 49015 16102 16019 48932
  16149 48845 48954 48670 48977 48882 48771 16180 16149 48618 16101 15884
  48802 16103 16059 15987 15985 16059 48748 16188 48940 16196 48801 48959
  15948 48765 16161 48653 16044 48836 48916 48741 15962 16032 15904 16249
  16067 16220 48963 48992 48833 48954 15699 15643 15897 16123 16241 16193
  48963 48805 48890 48933 15799 15834 48907 16088 16110 49013 48725 16199
  15654 48796 48892 48899 48972 16162 48979 48852 49000 16144 49003 48836
  15894 48697 48862 48870 16152 16242 48795 49003 49005 16132 15830 16145
  16074 16208 16197 16147 48459 48836 15462 15239 15969 48928 16031 48561
  15990 48901 48646 48916 16192 48325 48908 49002 16051 48914 16250 15754
  48856 16033 48870 16163 48836 16249 15959 16176 48986 48795 16115 16030
  48924 48787 48882 15976 48799 48835 48917 48698 48923 16236 48944 16211
  48658 48762 48905 16011 16061 48516 48995 16214 16245 48653 15976 48587
  48822 48984 48563 16163 49015 15912 16194 48912 48930 16139 48890 48925
  48761 48732 16191 15986 48704 15756 16232 48966 48917 16236 16234 48933
  48949 48673 48998 16030 48984 48994 48370 16234 48661 48786 16254 15746
  48767 48745 48924 15560 48634 48874 48941 48833 15502 48994 48945 16229
  15791 48991 16069 48992 16116 16127 16026 16109]
 [48978 16104 48954 48804 16226 15292 16239 48978 48439 48992 16005 48983
  48934 48886 16126 48940 16177 48956 49005 48726 16245 48967 48971 16128
  48832 16094 48921 48547 48880 48582 16137 16134 15617 16219 48881 48900
  15977 15992 49000 15964 48768 16125 16157 15829 49023 16011 16126 48896
  48528 16238 48846 48909 48916 15856 16230 15966 48841 16013 15999 15942
  48942 16009 48655 49014 15778 16250 48793 16238 48974 16110 48965 48871
  15889 15934 16140 15980 15935 16211 48579 48908 48941 48716 16089 49002
  48957 48969 15918 48899 48938 15933 16133 48811 15904 48973 16222 48807
  16254 16245 16142 49013 15794 48979 16202 16148 16241 15965 15669 15643
  48744 48512 16010 16221 15940 16182 16185 15642 48796 16014 48605 48982
  48762 16252 48999 16073 16174 16024 15886 16084 48656 48977 16236 48650
  16041 15744 48996 16231 16149 48947 16246 16114 48482 15972 48969 15863
  48986 15799 15831 16191 16102 48896 16198 15894 15961 48937 16183 16220
  16140 16225 48842 16184 48309 48940 16044 16060 48858 49009 48921 48717
  48938 48924 48734 16236 16135 48824 16231 16021 48566 48513 48694 48904
  48744 15716 15717 16134 48784 16094 15903 16236 48746 16205 16164 16012
  16030 48980 16230 48969 15873 48814 48655 15969 16209 48557 16249 15934
  48941 48926 16093 48998 48417 48948 48648 16127 48552 48940 48894 48775
  48988 15916 15964 48992 48712 48688 48810 15852 48797 48683 16152 48941
  15987 15415 48839 16104 15825 48441 16043 16154 16242 16004 16191 49023
  15735 48914 48975 15746 16124 48691 16046 48296 48640 48854 48752 48793
  16021 48964 48976 16035 15805 48654 48945 48694 16148 16199 16079 48993
  16046 48900 48829 48923 16141 16024 15973 16044 48902 48610 16008 16011
  16149 48858 16138 48629 16046 48565 16229 48932 16051 15900 48935 48990
  16153 48943 48928 16244 16094 48895 15930 15755 16176 16106 16169 48915
  16015 49003 48988 16090 49011 15907 16174 48757 49001 16090 16219 16094
  15904 48906 49016 16071 48905 16183 48521 15738 16130 16143 16018 16224
  16246 16228 16165 16082 16039 48970 48874 49021 48953 48632 48948 16205
  16156 48987 48896 16163 16155 16228 16254 16243 48696 48895 16132 48845
  16156 15755 16150 48869 15491 15875 16226 48879 16223 16156 16108 16146
  15959 48899 48926 16187 16102 48914 15979 48598 48942 15746 48863 48974
  48519 15928 48999 48712 48888 49008 48959 48952 48930 16155 48631 48948
  48972 48846 16152 48778 48942 48708 15842 49008 16002 48726 49019 16050
  16089 16003 48801 15730 48743 16077 15915 48982 16018 16063 48772 16192
  16175 48934 16206 48626 16101 16160 15399 48718 16212 48905 48888 48781
  16184 16224 48911 16186 48887 16240 15943 49020 49006 48948 48927 16137
  48909 16240 16011 16069 48912 16201 16043 16186 16233 48959 48974 16155
  16187 15915 48777 16028 48838 48901 48322 48913 48389 16233 16173 16226
  16156 48788 16159 16216 16228 16059 48915 49003 48948 16238 48539 16181
  48527 16036 49011 48896 48642 16005 48936 16135 48778 16162 48973 16056
  48851 16151 48712 16041 16222 49013 49018 16138 16021 48851 48183 49002
  48925 48666 16171 48422 15920 16191 48835 16077 16185 48920 48786 16245
  16247 48909 48989 48874 48721 48625 15987 16204]
 [48813 16179 48976 49002 15364 48993 48732 16203 48900 16082 48842 49001
  15848 16171 48697 15984 16204 16148 48924 16110 15224 16123 48179 48958
  15887 48256 15634 16193 16202 48574 48565 15608 15648 16230 16024 48867
  15745 16002 16015 15918 48932 49006 48806 48660 48992 16161 48799 16211
  48944 48994 48400 48927 16223 49018 48690 16218 48748 48976 48841 48002
  48929 48520 16172 16190 48998 48941 48870 15938 48782 16176 16093 48972
  15999 48966 48890 48932 48935 15982 15874 48933 16250 48672 48974 48962
  15915 16245 15891 16229 48612 48643 14198 16074 48775 16186 49009 48630
  15540 15963 48869 48660 48381 16063 16140 16115 48802 16255 16178 48885
  48924 48830 48579 16179 16142 16179 48873 15935 48861 48968 16060 48950
  16043 16023 16158 48952 16145 16255 16179 16128 16038 48672 16108 16101
  16006 16151 48593 48961 15857 48880 48748 49015 48752 16158 15790 49018
  48503 48853 48439 48707 16221 49002 16059 16179 16235 48933 15744 49001
  47830 48959 16173 48965 15577 15660 16241 16030 48857 48900 48958 16131
  16067 15969 49003 16134 16017 16237 15922 48840 48754 48933 16100 16084
  48921 48942 48984 16210 48904 48799 48864 48688 16091 16189 48930 16062
  48790 16246 48845 49020 15616 48946 49001 16075 16109 48544 16053 15772
  16004 15942 16041 48921 48876 48629 48604 16140 48775 48940 48894 48914
  16109 48498 16085 48683 16199 16247 16045 16186 15489 16222 16169 16251
  15996 16142 15791 48886 48788 16201 48995 15931 48770 48744 16196 16181
  15946 48872 48457 48699 48789 48971 15792 48842 16036 48825 48652 48997
  16252 15481 49011 15784 16189 16139 16077 48952 16033 16136 15892 16201
  48868 48900 16189 16000 49023 48790 16183 49010 49022 48863 16211 16205
  15641 15834 48812 48899 16161 48969 48335 16009 48970 15648 15902 16120
  48903 48851 15886 16247 48912 16248 16091 16166 48978 48844 48994 48771
  16246 48970 15871 49020 16089 48923 48957 48806 16138 48969 48906 49019
  16239 15932 16097 16027 48950 15938 48956 48714 15885 15857 48963 49006
  16152 16103 48982 48958 16201 16137 16254 48891 48327 48902 15995 48964
  48958 48987 16070 48194 15985 16194 16118 48540 16247 48563 48966 16252
  49012 15820 48835 15336 15856 48901 15848 16131 48879 48750 48877 16164
  16102 16190 48936 48986 48962 48941 15751 16241 48786 16234 49004 16218
  48931 16211 48995 16229 48921 48842 48276 48756 16043 16243 15961 16098
  48978 16002 48573 16197 48740 16055 48907 48886 48765 48840 48892 48998
  16172 48991 16198 48959 48990 15873 15264 48271 15896 48858 16038 15261
  48809 16167 16105 48729 16177 16215 15767 48913 16212 48926 48999 48816
  16104 16216 16012 16231 48976 48992 15957 16238 15282 48997 48910 48898
  48806 49001 16207 15614 16047 48989 48996 15921 16198 15721 16193 16159
  48985 48920 16033 48615 48854 48678 48608 16210 48971 48865 15769 16075
  16005 16226 16151 15849 48914 48585 16070 16173 16235 15959 15708 49014
  48987 48944 48995 48715 48807 16012 15762 15940 48485 48867 16231 48979
  16224 48833 15567 48968 48987 48656 16119 48876 15871 48866 48740 16208
  16182 15619 48902 48925 16232 48920 16157 48774 16248 48775 48792 16012
  16236 16243 16084 16130 15873 16130 16184 48355]
 [15989 15768 15871 16199 48787 48917 48563 48917 47953 16206 15984 16181
  48938 16205 15952 49007 16008 16231 48983 15912 16212 49019 16006 48461
  48796 16002 48997 16129 49021 48837 15361 48763 48837 16169 16222 16191
  15671 16196 16215 48697 48861 48973 48427 16228 15865 16043 48966 48950
  48529 16231 48782 16193 48962 15983 15950 16184 49022 48926 48911 16230
  48945 49005 15757 15721 16176 16229 15773 16220 16102 48881 16219 16043
  48687 16056 48714 48965 16096 16165 16106 48906 16233 49011 48811 48885
  48999 48705 15996 16195 16250 16157 48512 16101 16175 48526 16145 48398
  48744 15701 16052 16104 48786 15890 16209 16243 48907 48925 16052 48686
  49011 48796 16157 16152 48174 48480 15906 48911 15701 49018 48456 48807
  16051 16013 48756 49020 48893 16008 48986 48968 16022 16130 48822 48297
  16228 16228 48837 16158 15936 16243 48439 16140 16137 48040 16151 48884
  48961 48665 16227 15043 16010 15998 48956 48736 16083 16241 48937 48695
  48975 48899 48764 15782 48905 48907 16142 16236 48820 16064 48887 16219
  16049 16154 48998 15945 15714 48851 48883 15907 16083 49007 15882 48936
  48952 15996 48833 48626 48783 16023 48500 16237 48791 16118 48888 15503
  15831 48814 48487 48866 49020 48913 16076 16138 48865 48700 49004 48902
  16142 15961 48918 48888 16162 48916 48809 16040 15866 48544 16204 48911
  16119 48942 15981 16189 48556 16101 16164 48954 16082 16214 15900 48928
  48959 48886 48971 15579 48988 48909 48630 48469 15877 16082 48999 48982
  48992 48669 49002 16123 48909 16224 48350 48603 16143 16090 15963 16222
  48671 16157 48757 16173 48886 48855 16054 48915 48906 48839 16055 16199
  16050 16167 15794 48988 48972 15838 48816 48911 48522 16042 48747 16154
  16116 16112 16248 48849 16020 16182 15906 16148 48687 15929 48995 16248
  16153 16188 16070 48928 49008 16186 48724 48881 15868 48673 16027 48388
  16073 16180 48923 48814 48641 16236 48777 48755 16029 48677 16231 16201
  15579 16020 48994 16072 16084 48784 48911 16212 48662 16029 49006 48687
  16162 48742 15955 48916 48682 16218 15880 16205 16205 16227 16202 49022
  16222 48953 49003 48995 48794 15991 48712 49010 48448 48621 16131 48865
  48912 48889 48840 15947 48489 48807 48768 48772 16241 48904 16162 16085
  49021 16252 16131 16058 48705 15842 48892 49005 16172 16203 48940 16146
  16118 48932 48672 48670 16133 16172 48975 15872 16134 16146 48948 15696
  16183 48825 48665 16155 48978 16184 48833 49023 48904 48978 48976 16069
  48914 16222 15622 48547 48646 16069 48579 48958 16194 48658 48986 15728
  16022 48869 16153 16045 16025 48674 16236 48871 15903 48835 16122 48999
  49000 16159 48646 48802 15964 16078 48920 48929 16234 15927 48737 16154
  15694 48900 48918 48723 16184 48992 48912 16201 48961 16004 48914 15960
  48751 48971 15912 16059 16056 16012 14827 15647 16010 16066 16030 15922
  48944 48916 48885 16214 16132 15832 48893 48967 16204 16201 48967 16152
  48602 48820 16116 15978 16143 48985 48825 48825 48814 15266 48862 48611
  48775 16112 15955 16029 48916 48818 49013 48968 48880 48990 15954 16255
  48972 16164 48963 16045 16018 16206 48965 48828 48977 48701 16210 16144
  16100 15751 16196 48591 48947 16172 48865 48996]
 [48959 15967 15963 48885 16104 16140 16215 15917 16143 16129 48888 48834
  48432 49014 48847 48469 48968 48959 48534 16108 16170 15805 48462 48748
  48925 48948 16149 48527 16148 16080 48924 15528 48613 48667 15790 16246
  16160 16206 49008 48952 48980 48882 48622 16017 15065 16206 16225 48940
  16180 48405 48575 16145 48976 16195 16046 16192 16253 15635 48976 48938
  48820 48970 16161 48848 16243 16079 48935 48452 48519 48245 15762 49008
  16062 48337 16148 16161 48905 48999 16080 16244 48602 48886 48943 48857
  48816 48667 16031 48872 48997 48769 16182 47960 16237 15341 48869 48925
  16071 15765 15956 16130 16103 49001 16154 15749 48733 15769 15974 48947
  48681 48808 48793 48977 48942 48941 48769 16201 48918 48683 48832 16147
  48998 48923 48916 16252 15888 48952 48873 48938 48960 16152 48139 16006
  48812 15835 48888 48836 16027 48947 15984 16180 48962 16203 48983 48794
  15970 15859 48974 16153 16242 48931 16202 15848 16223 48933 16149 48993
  16196 16050 48772 48926 16162 15955 48782 48614 16167 48804 48978 16210
  48742 48795 48919 16203 48912 16011 16194 49006 16168 48695 16033 48770
  16072 48891 49012 16229 49015 16165 48937 48732 16165 48918 16187 48018
  48777 16038 48802 48796 16111 48834 48921 16157 16156 48030 15706 16072
  15511 48681 16253 48948 15933 16197 16063 16195 48807 48873 16179 48728
  16086 48948 16130 15816 48876 48180 16073 49017 16012 15786 48911 16129
  48841 48868 48491 16052 16219 48951 48724 48989 16132 48598 16083 48822
  16176 15758 16227 48983 15593 16136 15949 49012 16241 48846 48896 48362
  15788 16136 48730 48629 15759 48728 16212 16179 48568 49023 16205 48960
  48898 48945 48931 16155 15906 16233 48905 48363 16244 16167 16106 48927
  16137 48796 15738 15967 15967 16103 16037 48988 48558 16039 48848 48831
  48960 48678 16249 48859 15744 16121 49017 16205 48744 16188 49004 48949
  48821 48798 16178 49018 16016 48956 16165 16142 47397 48915 16009 48943
  48926 16001 16251 16200 15934 15773 16255 15810 48675 16209 48904 48974
  16009 48974 48769 48668 15810 16251 48910 48766 48956 15964 16105 48402
  48898 15991 15776 48936 48705 48644 16247 16178 16111 16199 16113 16206
  48996 48563 16124 15914 48934 48803 48826 48884 48800 15603 16181 16119
  16171 16196 48683 48797 48994 16220 48990 16118 48761 16229 48676 16162
  48862 48845 15939 16254 15631 16223 16146 16151 48643 48744 48925 16237
  16235 16124 48848 48898 16250 48989 16175 48788 48678 16169 48977 48789
  16231 16075 16130 16131 48992 48919 48271 48775 48694 16144 49016 16036
  49023 48991 48699 16174 48949 15839 16054 48906 15562 16210 15560 48943
  16002 15932 49010 48977 48943 48954 48886 48571 48771 16200 15973 16192
  15709 48977 48534 16164 48924 48977 48814 48739 48838 48954 48895 16058
  48745 16007 15764 15816 48896 15664 49011 48651 15892 48930 48889 48911
  48987 48795 16245 48789 48545 16028 16024 16230 16183 16150 16231 48905
  15983 16198 15998 16244 48972 48632 16244 48758 16117 49008 16071 16222
  48752 49013 49009 16200 16099 48969 48996 16156 16158 48962 48843 16143
  15696 16233 48411 16053 15520 16226 48719 48906 48817 16180 48007 48789
  15797 48955 49021 48864 15959 16088 16167 16218]
 [48691 16118 48985 48994 48960 48594 48915 48858 16023 48784 15850 48691
  48937 48986 48903 48994 15986 16151 48804 48743 16161 48910 48962 15122
  16021 15948 16091 48994 48659 48901 16132 16190 48863 48975 48892 48970
  48821 15772 16242 48718 48911 48938 48935 48925 16134 48992 16254 15673
  15797 48785 16066 48489 48815 48880 16217 48854 48642 48793 48979 48928
  48926 16070 48703 16144 16085 48925 15872 16120 16008 15948 16117 48994
  16108 48872 15891 48899 16173 48415 16018 16150 16202 16109 48947 16181
  15986 15968 16215 48896 48901 15576 16128 48600 16009 48578 15970 16164
  48931 16072 16147 48600 48821 49017 16152 48816 48786 48807 47909 16079
  16139 48732 16039 16097 48847 48974 16202 16053 16023 48993 16162 15879
  16178 16242 16234 16182 49018 16197 48985 16179 48865 15969 49004 16138
  48966 48694 16162 16072 49020 48710 49002 16049 16240 16030 48909 48788
  16244 48909 15868 48715 16137 16188 48802 16036 15816 48866 48873 15774
  48945 16159 48988 48975 48801 48963 48455 48717 16099 16231 16129 48932
  16222 48732 48467 48672 48864 16202 48811 15904 48901 16152 16140 48848
  16057 16080 15872 15950 15896 48982 16046 48503 48636 16184 49012 48894
  48961 49005 48869 16250 48875 16039 48963 15952 16248 48853 16178 16254
  15925 48835 16049 16176 48936 48578 48825 48861 16184 48672 48804 15955
  48911 48906 15654 48697 48849 48996 15658 16162 16179 48903 15948 16182
  48698 16221 16206 48917 48886 48931 48923 16208 16220 48997 15935 15875
  48736 16006 16229 48936 48962 49006 48779 48806 48653 15320 16132 48732
  48813 16167 16179 48904 48829 16166 48983 48818 48595 48928 48931 48665
  16130 16174 16245 48986 48913 16131 15782 48816 48918 48864 48656 48933
  16237 48968 16248 16175 48669 16117 16047 48914 48804 15575 16013 15791
  48477 48616 47971 48646 15785 16198 16008 16099 15943 16018 15904 49010
  16255 49006 48726 48970 48974 16150 48663 16154 48872 48889 48894 15981
  16161 48579 48759 16242 48964 48347 48699 48973 48877 49009 16193 15964
  16161 15664 15947 16077 16208 48977 48813 16086 16234 16246 16013 48924
  48962 16228 48647 48924 16222 48970 16107 16000 48979 48805 48947 15958
  48443 49021 16243 48794 48887 48910 48942 16255 48849 48705 16190 16017
  48774 16203 16127 48907 16019 16216 48103 16111 16241 16066 48971 48898
  15938 48869 16234 48705 48559 16078 15686 48753 48984 15941 16188 16062
  48754 48958 16161 16226 48740 16106 48694 15252 16172 48981 15736 48914
  48804 16019 49010 15936 48861 16045 48951 16113 16021 16241 16210 48861
  49010 16031 15954 49009 48961 15917 16210 16208 48946 48748 49001 48507
  16129 16148 47876 48974 48754 16221 48906 48824 16124 16111 16211 48741
  15599 48517 16219 16137 16169 48955 16149 48649 49012 48993 16054 48771
  16188 16111 49012 16063 48925 48670 15999 16190 48563 16157 16144 48687
  15104 16077 49008 16200 16138 48896 16246 48932 16212 48819 16134 48562
  16114 48944 48876 48972 16186 48848 16071 16163 16205 48969 16201 48923
  16114 16106 49019 48911 48260 48675 16214 48783 16223 48550 16237 16115
  16168 48970 15920 48950 48847 15997 16103 49003 15741 15877 48983 15028
  16090 48996 16133 15900 16170 48912 16170 48975]
 [48708 48921 16192 16081 49011 49019 48853 48950 16005 16039 16226 16231
  16034 49021 48784 15575 47831 15955 16235 16197 48968 48879 16170 16166
  48870 16108 16048 48472 48920 16198 16054 48937 16081 16119 16198 48909
  16250 48945 15950 16032 48677 48460 16200 16020 48068 48958 49020 48960
  16233 16135 16239 49005 16056 49001 16144 48755 48974 15883 48865 16035
  16033 16081 16252 48744 48526 16155 15904 49004 16175 48997 48936 48971
  48984 49010 48995 48619 48893 48959 16034 48908 49014 48679 48834 48825
  48608 16044 15982 16223 15633 48480 48914 16130 48951 48273 48673 16034
  16213 16228 48938 48883 16159 15637 48576 16087 15952 16241 15915 48523
  15791 16157 15974 16022 16241 15986 48757 16067 16035 49016 48517 16120
  47867 16143 48585 16247 48852 48976 48655 15786 48794 48899 16048 48763
  16006 16142 16133 48767 15883 48590 16189 16193 48800 48977 48938 48776
  15875 16032 48812 16043 16224 16027 48942 15907 15787 16189 48793 48669
  15946 15688 16096 49003 15874 48961 48829 16037 48943 48835 16079 16026
  48977 15902 48948 48893 48551 48968 16252 48939 16144 16168 16253 48658
  16191 16234 48935 48424 48993 15991 15910 48919 16152 49004 16156 49010
  16032 48983 48894 16099 48864 15543 16212 48998 16159 48990 48959 48962
  16252 48931 16203 16251 48750 16006 16142 48731 48941 48647 16139 16143
  48905 48934 16215 49001 16112 49000 16173 16207 48847 48986 48414 48846
  48681 16040 48916 48786 16144 16019 48817 16040 16135 15933 48901 49023
  16155 16165 16074 48984 15918 16164 48737 48922 15923 16167 48998 15942
  16018 15953 16025 16006 48957 48903 15987 49014 16009 16041 48901 15944
  15755 48885 48535 16209 48662 16004 49005 48984 48982 16142 48793 48907
  16125 48936 48897 48653 48812 15918 48806 48731 16185 16196 16167 16186
  15886 16021 15850 16146 15824 48967 16158 16133 16163 48926 48873 48849
  15492 48955 48746 48930 48880 16083 16181 49012 15878 49005 48980 16082
  16113 16160 48467 16184 48938 48896 48955 16152 48906 48944 15996 48984
  49001 48969 49023 16073 15870 48916 48904 16159 15214 16075 48577 48902
  16240 15878 48956 48704 48814 48914 16221 16195 48922 48791 16134 48917
  15931 16076 16029 16083 16083 16237 48797 16193 49012 48856 48999 16026
  48972 16177 16022 49009 16091 16185 16036 49008 16183 16110 48760 48815
  48421 16187 48893 48972 16186 49010 16210 48838 15494 48956 16205 16127
  16217 16059 48929 48836 48343 15963 16218 48749 16079 16236 48945 16185
  48674 16109 48851 48810 49010 16241 16160 48975 16255 15959 16181 48989
  48738 16045 48969 48309 48618 48913 48844 16239 48856 48914 15764 16047
  16102 16130 49005 48729 16140 16207 15953 48997 48723 48985 16126 48991
  48928 48682 48536 48703 48533 16090 48773 15811 48841 48789 15977 48283
  16100 15863 16155 48615 48274 16046 48910 48745 15999 49009 48641 15946
  16239 16193 48864 15468 48995 48900 16140 48960 48888 16227 16165 16144
  16186 16127 48962 15623 48612 48833 16171 48530 48993 48870 48906 16198
  16022 15863 15449 16025 16130 15838 16224 16244 16253 16045 16221 48707
  16184 16209 16206 16169 48703 48942 48810 16136 48904 48433 15877 15956
  16223 16037 16146 15911 16170 48882 48916 16218]
 [16070 16047 48517 48764 15844 48962 48569 48566 15773 16009 16234 16027
  16196 15846 16001 48988 48955 15907 48725 16152 15792 16195 16241 48948
  48727 16040 48839 48878 16160 16245 16140 15681 48619 15778 48536 15293
  48919 16206 16130 16057 16230 48860 48982 16166 16255 15904 48993 16143
  48986 15779 48867 16212 48583 16204 48845 48742 16228 48920 15904 48740
  16140 48957 48640 16075 48702 48994 16082 15313 49018 15974 16214 48967
  15929 16106 48987 49012 48530 16149 48941 16172 16032 48811 15617 16238
  48913 47731 15998 48953 49001 49017 48819 48986 16155 16254 48992 48649
  49010 48955 48821 48729 16225 48725 48115 48898 49023 16204 48982 16237
  48957 15958 16255 48953 48667 16143 49007 16066 48982 48902 48942 16208
  48931 49003 15923 48797 48705 48963 16126 15951 48779 48936 15935 16142
  48832 49010 48914 16058 16250 49017 48838 48992 48828 48704 16215 48982
  16141 48725 16159 15579 49003 16228 48981 15944 16193 48983 15836 16166
  16248 16101 48866 16076 16082 16076 16181 48979 48968 16015 16232 48523
  16235 16224 16206 16209 16203 16163 16071 49011 48956 48955 49011 48964
  16214 16039 48832 16150 48318 48951 16196 48805 16075 48854 14613 16161
  48943 16244 48988 15755 16213 16228 48905 48950 16101 49002 48369 16151
  15862 48927 48340 16215 15984 16098 48807 48927 48890 15751 48865 15787
  16084 16112 48939 16128 16048 49017 48993 16021 48750 48949 49001 48942
  16234 16105 15714 16226 15987 16103 48862 15926 48950 48707 49006 48913
  48985 48741 16175 48761 16169 16032 15516 48902 16216 48996 16065 15992
  48625 48900 48653 16190 16172 16225 48836 48743 49014 16226 48814 48708
  16208 15705 15879 48933 47919 16214 15856 48890 49008 48807 15892 49002
  15968 15679 16145 49009 16143 15659 48772 16238 48942 15785 48823 15713
  15830 48978 16037 16009 16137 48977 48847 16025 48953 16053 48993 48809
  16177 16140 16020 16189 16086 15646 16245 16071 15951 48698 16206 48849
  49019 48923 48967 48825 16166 16027 48937 16147 15370 15568 48781 16186
  48826 48975 48842 16092 16033 48927 48966 16036 16052 48777 16175 16244
  48918 15901 49021 16090 48687 48925 16129 16159 48967 49003 48809 16001
  16150 15804 15909 16153 15724 15971 15620 16194 48903 48881 48958 16163
  48692 48795 16246 16218 16241 48951 16200 48815 49017 48734 15510 48968
  15770 16163 48762 48790 48805 16216 48999 48608 48881 16201 48974 48693
  48702 16198 48913 16020 48955 16232 15934 16001 48647 48801 48915 15956
  16232 48783 16196 48947 16223 48793 48758 48536 16095 16096 48423 15677
  49008 48840 48797 15856 15854 16086 16094 48903 16138 49013 16093 48971
  16107 15710 48640 16067 49005 48909 15982 16177 48755 48887 15641 15994
  48675 16192 15680 49005 48909 48586 16074 48911 16243 48825 15749 49014
  16197 16147 48923 16221 48828 16068 16163 16118 16213 16186 16253 48930
  48839 16011 16110 15757 48986 16174 16235 48705 48908 49014 48902 16076
  16210 48976 15834 16072 48868 15887 16092 16172 48578 16125 48842 48914
  48928 48784 49005 48862 16027 16023 48986 48857 15886 48825 48679 16089
  49019 48868 48951 48958 16235 48764 15709 16111 48999 48900 16170 16185
  48770 48768 16131 48849 48964 48888 48742 48997]
 [48430 16117 15585 48987 48629 16085 48994 48993 48772 48924 16222 15910
  48857 16081 48768 48956 48902 16018 48997 48872 48917 48921 16059 16166
  16093 16021 16213 48994 48938 48687 48770 48679 48918 48947 15510 16219
  48733 49001 16083 48853 48898 48819 16101 16163 15924 48821 48834 48960
  16221 16013 49010 16038 48600 16241 16163 48936 16097 48364 48928 16075
  15810 49008 16022 16010 48950 48794 15919 48952 16180 49009 48971 48964
  15718 15989 48709 48856 16158 48989 48864 49003 49016 48790 48924 48877
  16164 48940 16143 16051 48817 15806 48611 48958 16208 15886 16194 16165
  48983 48917 48949 16169 16185 15717 48970 48954 16160 16219 48921 49018
  48813 49008 16167 48267 16017 48693 48798 48910 16138 16072 48782 48823
  49023 48991 15996 15599 48645 16167 15359 48748 48941 16164 15900 48976
  16024 48665 16159 16214 15949 16109 48995 15862 16130 48084 15935 16204
  48922 48973 16067 16165 16179 16017 16170 16077 48979 16134 48932 48902
  48727 48829 48822 48937 48851 49013 48477 16137 16185 16164 48683 16107
  48857 48995 16052 16024 16154 15981 48943 16180 16002 16157 16140 48846
  48985 48933 48976 48899 48549 16208 16190 16095 49011 48802 16058 48957
  16154 16212 48789 16082 48948 16067 49013 48946 16086 16088 16016 48441
  16051 16140 16238 16198 16150 16071 15895 48962 48939 16163 16155 15978
  48634 49010 48816 48674 48360 16219 48968 15642 48775 16250 16185 48634
  16255 15590 48938 15844 48908 16011 16223 16146 48872 48848 48988 48859
  48976 47760 16085 16128 48993 48803 48856 48970 48780 48845 16009 16196
  48568 16124 48949 16202 48945 48925 48969 48834 15830 16249 16150 48756
  15899 15996 16165 16114 15885 16045 16123 48955 48921 16065 16179 48697
  16245 48913 48682 48760 16220 48859 48495 48928 15662 16182 48840 16159
  16210 48986 16131 48890 48934 15951 16082 48727 49003 16209 16108 48873
  48077 49009 48804 15672 15629 48917 16141 48845 15908 48873 48665 48917
  16008 48664 49015 49009 48492 48930 15918 48700 16030 16231 15723 16147
  16129 16215 48914 16167 16207 48731 48830 16231 16002 48756 16149 48840
  48933 15796 15879 16166 48560 16161 48833 15898 48917 48746 16183 48913
  16158 48862 49006 48967 16123 48883 16029 16075 48798 48461 48709 16229
  48824 48930 48777 16045 16074 16217 16195 48856 48567 16125 16213 48806
  48611 16204 48784 48415 16207 16154 48899 48819 48790 16211 16255 16140
  48384 49018 16074 48738 16008 15962 48413 16227 49012 16089 48696 16090
  16051 49018 48859 48927 48938 16105 48901 48462 48897 15908 16097 48812
  15954 16166 48975 16087 48821 48961 15802 48908 16164 49002 48973 15660
  15926 16107 48886 16174 16232 47867 16133 15691 48988 48818 48979 16250
  48906 16011 48860 16028 48916 16146 48967 16202 16174 16055 48989 48917
  16183 48961 48944 15796 48871 48910 15899 48770 48952 15758 48743 16112
  48971 15991 48642 48704 48905 49008 16178 48817 16057 16229 15877 48722
  48877 16222 16058 16041 48663 16176 16090 48862 15947 48654 49020 16157
  48961 15523 48807 48801 48441 16254 48699 48930 15976 48903 48969 48998
  49012 48652 48662 48929 16145 48957 16212 15923 49009 16237 48836 48588
  48860 16105 48362 48956 48970 16102 48902 48953]
 [47766 16155 48866 48868 16170 48948 15983 16232 16174 48992 48824 48951
  16230 16248 48903 16045 16174 48904 48927 49018 48692 16204 16206 48958
  48919 48700 16143 15973 15586 15932 48974 48438 16251 48978 15645 48849
  15779 15895 15902 16180 48737 15621 49018 16148 48886 16162 48879 49018
  48944 16248 48824 48968 48963 48834 49004 15548 48914 15646 48951 48655
  15944 48992 48719 48842 48900 15958 15925 16005 48942 48859 48916 15781
  48543 48813 16146 48975 16243 48964 16139 48774 16187 48986 48768 48808
  16252 16248 48926 16005 15761 48944 48938 16250 48577 48959 48914 48877
  15538 48808 48568 48938 48817 48987 16199 48922 16131 48794 48465 48853
  16073 16176 48858 48899 16057 48924 16015 48975 15990 15579 48965 16024
  48602 48912 48790 48257 48977 16234 16041 48971 16165 48821 15942 48868
  16111 16100 15829 48900 48892 48751 48949 48806 16060 16169 48811 48904
  16170 16200 48696 49010 16071 16145 49014 15938 15924 48760 16127 48659
  16053 15628 48896 15962 16114 16242 48757 48990 16249 15997 16228 48970
  48801 48955 16171 16194 15147 48928 48958 15924 15440 16071 48839 48711
  49013 15969 48669 16214 16017 48719 48882 16207 49015 48817 16227 16029
  15750 48919 16170 48919 48896 48925 48943 16232 15952 16013 16232 48905
  49020 15946 15488 48439 48992 48570 48857 48870 48910 48811 48790 48835
  16245 16221 15896 16246 16251 48787 48608 16235 15966 48914 16065 48918
  48804 48907 48898 49021 16194 48848 48979 48979 15845 16252 48949 48972
  48636 15873 48850 48842 48666 48830 16212 49002 48903 16157 16170 48966
  16242 16069 48872 48564 48847 48947 48853 15908 16166 48779 48795 48515
  16020 16128 48817 15920 48738 16093 48939 48888 48663 16199 15894 16238
  48971 48547 48677 15949 16159 16174 16046 16016 16229 48750 16170 16215
  48266 16106 48763 48942 15921 48923 48557 16190 48979 49008 15962 48812
  48680 48705 48979 49022 16203 48912 48663 16241 16167 48968 15499 16107
  16075 16133 48558 48933 48527 16023 15966 48987 48990 16238 48946 48850
  16137 48696 48931 48518 15885 48577 16214 48860 16037 48966 48732 16118
  48908 15927 48945 48971 15678 16051 48965 16213 48908 48962 48920 48937
  48977 16152 48146 48740 16230 48772 48938 48871 48901 47908 48853 15619
  16045 16141 16087 48918 48964 15789 48922 48980 15709 48817 16131 48830
  16245 16132 48994 15505 15872 16071 48016 48391 48775 48874 16228 48826
  48991 48938 16182 15921 16142 16158 16165 15823 48933 48948 15895 48776
  15853 47943 15953 49007 49007 16098 48925 16027 15806 16246 16171 48689
  15982 48963 48744 16111 15995 48382 48933 16155 48872 16164 15972 48770
  49003 48905 16199 16162 15897 48521 16022 48522 16019 48837 16173 16078
  48814 16169 48335 48934 48984 16076 16186 16157 16031 48951 48975 48798
  16181 16236 48900 16134 15895 49007 15791 16156 48869 16203 48903 48984
  48942 16172 48681 16152 15743 48415 16157 48668 16154 48972 16011 16079
  16204 48909 15957 48648 48752 48969 48955 16172 16127 48752 16168 48982
  15999 16188 16173 48770 16123 48660 16174 15740 16135 48983 15928 15821
  15969 16072 16214 16146 48911 16166 48961 15994 16195 48972 16179 16152
  15351 48835 48705 16239 48920 15907 48981 48912]
 [16134 48842 16248 15062 15623 49005 16233 48934 15773 48725 48684 16018
  16037 48945 47704 16148 48616 48939 48831 48915 48959 48762 15783 48986
  15956 16252 16237 16168 48879 49012 16170 48995 48918 15798 48932 16170
  16141 16130 16161 48911 16106 48788 16042 48961 16082 16241 49001 48975
  48960 48654 48854 16157 48470 48381 16094 48781 48790 16131 16143 49016
  48950 48914 48791 48853 16044 16168 48925 15872 48775 15421 15991 16201
  48925 48979 16002 48728 48940 48964 15857 48844 16254 48704 48915 16003
  48898 48193 48398 48574 16151 48913 16207 16149 48810 48931 48865 48811
  15849 49000 16212 48973 48866 48968 48889 16172 15979 48907 16190 16153
  16129 16177 15989 15164 48769 48909 15851 16199 15936 16214 48786 16071
  16024 16046 16020 48910 48950 16245 49000 48516 48665 48783 16144 16123
  16207 48726 15875 16200 16252 16240 16095 48950 49012 16166 16174 16124
  48865 16015 48828 48586 48752 16211 48904 15902 48782 16038 15876 16217
  48971 48911 16136 48774 48939 15321 16027 49001 48853 16158 15653 49005
  48863 16014 48921 16167 16052 48490 16212 48733 48903 16037 15894 48808
  48800 48720 48853 16087 16026 48626 48721 48778 48861 48980 48877 48823
  15811 16140 48725 16227 16167 16248 16192 15983 15945 48957 16099 15949
  15459 16069 48613 15683 48720 16094 16192 16174 16146 49016 16210 48870
  16198 48923 48631 16127 16015 48684 16054 15816 48869 16021 48919 16070
  49022 15815 48714 48841 15616 16020 16238 16170 16094 48428 48732 49007
  48784 16178 48749 48541 48873 48871 48992 15977 48596 15961 15808 16153
  16128 16138 47815 48789 16221 48996 48945 48676 15977 49019 16096 15856
  48378 48668 15647 48941 48968 48855 16086 15924 48418 15890 15858 48837
  48974 16203 15948 16074 48531 16131 15917 48996 16199 48839 48953 48978
  16097 16080 16076 16212 48794 15866 15988 16245 48832 16233 48947 16135
  16008 16162 49009 48983 48988 15934 15954 16207 48516 48989 48916 49019
  16141 16161 16254 48691 49014 48903 15923 16236 48970 48961 16078 16043
  48895 16160 48958 16217 48921 48982 48804 48927 15708 16063 48276 16036
  48778 49009 16242 16163 48986 48592 16010 48926 15903 15753 48917 48951
  16132 48821 48899 16115 16113 48868 16190 16064 48797 48660 16104 48915
  48511 16029 15777 15965 15805 48921 48695 15747 16143 16029 48662 16242
  48968 48918 48802 48906 16000 49003 48933 48851 16059 16192 16152 48930
  15877 49008 48834 16156 48561 48947 48635 48922 48730 48327 48794 16223
  15872 16175 16133 16037 48075 49022 15976 48787 48963 48610 16113 16236
  48768 15790 16179 48809 48951 48863 16204 48942 48814 48528 16177 16224
  48663 16221 48941 48943 16230 15518 48928 48324 16145 16167 16186 15886
  16187 15524 15963 16132 48664 48986 48793 15997 48925 48948 48851 49007
  16121 48887 48960 16075 16175 49013 48904 16227 48746 16224 48871 48912
  48914 48980 16202 16245 16232 16180 16177 16036 16167 48917 48741 16016
  16191 16036 16173 48469 16094 16245 48945 16218 15671 16018 16193 48697
  48678 15710 49014 48090 48853 16219 48979 48550 16229 16205 16078 15927
  48864 48776 48977 16146 48820 16043 48785 48530 15841 16154 48915 48719
  48957 48985 15958 48927 48993 16203 15756 48955]
 [48996 48962 48490 16044 16016 48950 16008 48706 48528 16154 48811 48948
  16191 48915 48850 16083 16059 16153 48929 48791 48959 15784 48852 16065
  49023 48993 48650 16234 16200 16252 48682 49000 48838 16051 48954 48844
  48995 48461 48917 48977 48693 48792 15769 16127 48966 16149 49010 48617
  15923 16233 15895 48942 15631 48725 48425 48923 15064 48947 16121 15936
  48983 16199 15982 48828 49000 16007 48769 16208 49006 49003 16230 16238
  49009 16093 48910 16078 16188 48972 48901 49011 49001 49008 16153 48846
  48222 16147 48165 48657 49018 15883 48960 16135 48888 16050 16021 15982
  48878 48878 16185 49017 48931 15969 16162 48785 16029 15850 48990 15993
  16160 16252 49008 16035 48687 49018 15978 48961 48760 48884 48782 48239
  48784 15831 48901 16010 16181 48909 15489 16024 15876 48777 16017 49009
  48773 15749 49013 15482 16029 16132 48965 16251 15961 48780 48896 15893
  16195 15656 16037 48785 48741 48858 16082 48784 48926 48773 16181 16115
  48809 16208 48985 48998 48958 48964 48979 16037 15950 16023 16064 16131
  48917 15994 15907 16227 48905 48993 16029 16117 48862 15889 48993 16235
  48967 48989 49001 48660 48974 16122 16204 48885 16003 49002 48744 48852
  48906 16020 48957 16184 16040 16087 16222 16226 15827 48151 48808 16092
  15772 16221 48901 48834 48828 16156 48973 48565 48660 48986 48694 15579
  48990 15521 16235 16245 15745 15607 48859 16254 48871 48576 49022 48794
  48987 16121 15865 15891 48858 16161 49022 48810 16035 16208 48903 15784
  15771 16191 48998 48666 48930 49012 48948 16243 48913 16222 48918 16220
  16030 48966 15911 48825 48751 48629 48670 16040 16137 48814 16217 16224
  49003 49016 48665 15929 48867 48886 16054 15952 48938 16196 16056 48780
  16060 48966 48514 48937 49002 48805 48946 16008 16050 48947 49011 16149
  49022 48799 48177 16163 16173 16102 48897 16097 48897 48914 15809 16055
  48996 48993 16145 16184 15957 48657 16176 16106 15907 48824 48922 48678
  48858 48804 15616 48937 16156 48949 48411 16123 48373 48782 48461 16178
  16251 16006 16150 49016 16194 16232 15897 16129 15568 48858 16180 15942
  15906 16034 16182 16109 48915 48519 16245 15839 16224 16160 16042 48794
  48840 16018 48650 16152 16133 48832 16079 48178 48820 48690 16202 48783
  48857 48791 48914 15798 48948 16162 48908 15944 48959 16244 48570 16164
  16137 16090 16167 48972 16054 48879 16146 16233 16205 48965 48773 48778
  48961 48973 48747 16251 15885 15993 48493 16038 16233 15925 48990 48232
  16252 48742 15936 48969 48951 16191 48844 48839 48742 16238 48980 16163
  48802 16178 16251 48794 48957 48950 16132 48949 48885 48919 48787 48985
  16182 16184 48690 15973 16017 16127 15657 15529 16006 16079 48796 48813
  48875 15816 48783 15781 48704 16172 48986 15891 15898 48750 48673 16153
  48864 16190 16202 16026 16139 15975 15694 16238 48862 48945 48857 15978
  48929 16209 48694 16179 48896 48831 48993 48888 48286 16228 48739 16015
  48660 49000 15335 48990 16196 16129 48760 16015 48966 16079 16165 16164
  48860 48881 15663 16239 16215 48783 16143 16215 48884 16169 48877 48800
  48922 15463 16175 15717 48960 48894 15872 15914 15901 48984 16129 16209
  15532 16096 16211 16018 16050 16098 48885 15913]
 [16175 48848 16203 15990 48669 15996 48712 16173 48400 16205 15520 16036
  16254 48948 16114 48952 16173 15941 16224 16187 48985 48953 15951 15638
  48937 48957 15875 48998 16191 16157 16146 49015 48999 15820 16253 48801
  48799 48955 16050 16022 48972 48517 16043 48212 16050 16161 16062 15981
  16181 16205 48739 48935 16162 48914 16219 49012 16215 15926 16140 48719
  16251 48907 48881 48997 16225 48564 16051 16063 16191 16040 15870 16087
  16128 48928 48967 48985 48768 48003 15980 16234 48813 16133 15744 48911
  15980 16239 48960 15470 48997 48823 15990 16174 16107 48536 16209 48842
  16130 48468 16204 16152 16205 48914 16044 16116 16120 15363 49018 48884
  48820 16180 16174 48970 16230 48930 48687 48913 16184 16127 48789 16058
  48929 48753 48763 48902 16192 16055 48865 48900 49014 48797 15707 48867
  16077 48692 48828 16224 48882 48720 48753 48900 48912 48842 16186 16136
  16057 48559 15486 48878 48985 48813 48144 48994 48978 48882 48776 48730
  48963 48908 48884 48989 48818 48987 16080 48745 48817 48959 48908 48904
  16248 16171 49016 15983 48889 48970 16082 48956 48614 16007 15839 16244
  16146 16140 48787 49019 16112 16255 48704 16248 48951 48848 48936 48459
  16152 48803 16207 15799 48525 16146 48972 16140 48899 48864 15947 16205
  15904 16024 16141 48886 16167 48680 48934 48793 48897 48906 48862 48931
  16043 15907 16024 48800 16138 48957 15889 48869 15714 48820 16148 16200
  16120 48934 48870 16214 48640 16225 48732 16231 16217 16036 49019 48716
  16210 16197 48928 48718 16171 15903 16177 16167 16208 48963 48949 48981
  16222 48459 48991 48822 48792 16158 16113 16065 49012 16210 48913 16004
  48992 48982 49019 15879 16004 48998 48854 16179 48972 48913 48666 16175
  48891 16254 48788 48744 48961 16056 48899 16003 48909 48741 16182 16116
  48944 15964 16003 48977 48524 48885 48518 16141 48942 48960 48876 16231
  16125 49014 48714 48888 16013 48550 16237 48911 15923 16077 16166 48702
  16063 48841 48644 16202 16230 16096 48768 16163 49010 48971 16037 48853
  16231 48642 48656 16054 16136 48456 48914 16139 48823 48934 16006 48977
  16241 16007 16248 48804 16241 48949 49003 49007 48527 48981 15559 48816
  48808 16010 48940 16136 15911 16212 48778 16247 15899 16242 49010 16105
  16162 48996 15905 16154 15866 48991 16070 48992 16162 49001 48953 48870
  16008 16243 48963 48950 48774 16172 48518 48822 15866 48885 48714 48811
  16155 16217 16132 48633 15374 48959 16124 15941 16206 48921 16132 16061
  48879 16043 16217 16214 16096 48999 16190 16033 48834 48928 48964 48998
  16130 48903 49011 48722 48398 48937 49001 48927 16055 48981 15841 48949
  48923 48730 48972 48935 48794 48814 16127 48985 16184 16161 16136 48835
  16165 48930 48960 49000 16224 48836 16213 48872 16208 16206 16216 48124
  16187 16230 48819 48678 16096 48844 16129 48986 15680 48961 48851 48887
  16173 48924 16157 16150 47890 48904 48907 48527 49019 15744 16231 48944
  15894 16236 16184 16179 16164 48835 16199 16225 48137 48788 48687 48809
  48915 15986 15872 48537 48974 16152 48934 48965 15996 48719 48993 48787
  16139 15980 48780 48925 16006 16198 16021 16160 15664 16095 16202 16139
  16209 48653 16206 15992 16189 49003 16033 16178]
 [48934 16037 16166 48857 48706 15886 15645 49003 48973 48972 48883 48898
  16120 15892 16135 48988 48370 48820 16179 16084 16189 49000 16098 15779
  16166 15466 15780 48997 16044 48872 49013 48989 16234 48797 16188 16235
  16226 16195 16202 48856 48946 16014 48322 48973 16053 15872 16185 15967
  15895 48626 48536 16232 48953 48604 16031 48649 48861 48857 48904 48799
  16190 15403 48900 48748 48969 16206 48700 16245 48796 16172 48889 48985
  49007 15961 48832 48615 16163 48896 48835 16176 48237 16167 48768 48720
  48938 16213 16203 16247 48711 16163 48686 48571 16168 48933 48911 48829
  16147 48770 48785 16255 48749 48897 15996 16154 48988 15987 49005 15703
  48888 48837 48518 16218 16087 16223 16035 49020 48880 16207 16018 16246
  48944 48848 48780 48817 48893 48615 16017 48833 48983 16085 48551 15847
  48566 16199 15856 16216 15533 48852 48788 15669 15733 16063 48909 16034
  16142 16052 48404 16251 48706 48969 16164 48915 16090 48932 49015 48942
  48763 48969 48922 16135 16138 16162 16174 48674 16188 15700 48496 16095
  48914 16148 48656 48958 48962 48939 16199 16251 48786 48852 48911 16165
  48916 16217 16043 16203 15837 16067 15988 16169 16171 15927 16007 16216
  16220 16040 49020 48970 16183 48980 48914 48905 15949 15900 48855 48917
  16135 16222 48996 48955 16017 16155 16149 16096 16198 48912 48969 15980
  16165 15912 16237 16151 16077 48993 48968 16145 48922 49009 16210 16200
  48912 16143 48999 48860 15997 16134 49018 48817 48914 16255 16047 48705
  48985 15946 16017 16161 48856 16246 48631 48848 48795 15648 16223 16112
  15901 48940 48947 15247 16106 16128 48908 48972 48748 16214 15801 48824
  48820 48956 48475 16149 16239 15185 48938 16059 16131 48987 16179 16168
  48480 15863 16090 16052 49015 48961 48940 16130 48629 15802 16139 48802
  16126 48620 48763 48810 16238 16139 49013 16234 16141 48947 48984 48836
  15998 15982 48869 48606 48915 48998 15627 48796 15791 16228 48950 49022
  48984 48536 16083 15909 48167 48789 48834 48765 15972 48938 16138 15898
  48876 15127 16236 49013 48921 48595 16013 48915 16220 16017 16193 48814
  16168 48761 48893 16210 48976 16226 48553 16252 15778 16131 49020 48090
  16115 16144 48943 48677 48677 48970 48617 16157 48844 48650 16236 49007
  15931 16121 16133 16093 16103 48993 15755 16144 48975 49017 16161 16089
  48691 16225 16136 16239 16219 48409 16130 16045 16159 16147 48945 48904
  48879 16163 16159 48152 15909 16167 48831 48998 48398 16211 16148 48776
  48990 16012 16171 16040 48665 48960 16210 48869 48909 16161 16246 16036
  15999 48824 49013 48925 15916 48946 16196 48927 15669 15556 15956 48816
  16191 48612 16076 16011 48964 15995 15823 16204 16195 48946 48982 48850
  16249 49012 16049 15966 16022 48912 48907 48654 48974 48985 48978 15893
  48721 48851 48828 48917 48693 48920 16074 48960 16229 48978 16227 16170
  16057 16211 48952 48933 48893 48898 48833 15898 49009 48753 48897 15962
  16248 15632 48664 48774 16145 48987 16235 48680 48830 16242 16223 16017
  49014 16126 48808 48740 48942 15680 16122 48872 16224 48924 48990 16019
  16178 16232 16136 48921 16244 16214 48940 15856 15843 48619 16247 48993
  16002 48918 15711 16143 48897 48730 16230 16133]
 [15892 48910 48664 16140 16164 48898 16037 48975 49012 15815 48909 48983
  16107 48004 16151 16039 16107 48837 48882 15950 48921 16161 15675 48907
  16000 16227 48981 48968 16176 48967 49003 48795 48520 15886 15471 16211
  16137 16247 48448 48980 16233 49021 16141 49007 16133 16224 48738 48900
  48908 48263 48936 16049 48774 48821 48542 15790 48951 16084 16196 48867
  48931 16133 48930 49002 15988 48901 48936 16246 48853 16206 48932 16163
  15236 48983 16111 16200 48940 16103 48609 16129 16091 49010 48932 48493
  16222 48801 16003 49017 16088 15955 16092 16207 48948 48884 16253 48943
  16097 16102 16059 48907 48913 16042 48928 16037 48244 48744 48844 16229
  15492 15866 16230 16029 16234 48969 16177 48808 16158 16182 48873 48698
  16103 48973 16130 48967 16212 48869 15898 48964 48876 48708 48340 49023
  16198 49020 16140 48497 15683 48917 15963 15768 48939 48902 48989 48990
  49016 48911 16055 48828 48801 48956 15898 48801 16052 16119 15917 48869
  15501 48894 16206 16136 48229 16238 15807 48815 48975 15795 16184 16187
  15958 48730 16025 16134 48692 48450 16056 16192 16148 49012 48960 16180
  16170 48739 15916 16207 16210 16144 48916 16107 48972 16201 48947 16038
  15969 16141 15827 48993 16082 48751 48824 16251 15929 16087 15703 16138
  16129 16032 16254 48548 16083 16152 48765 48559 16240 49007 48808 48353
  49023 16204 48858 48888 16164 48867 16033 16164 16149 16144 48978 48983
  48837 49005 14945 48727 15849 48846 48361 48809 48924 16024 16049 16168
  16191 16081 16063 48994 48967 16160 48904 48787 48949 48924 16141 48883
  48592 48946 16054 16105 48781 16145 48901 16068 16107 16239 48905 48976
  48882 48961 48937 48809 48688 16206 48923 16241 16158 16195 16219 16129
  16147 48638 15531 16221 48761 49002 16134 15893 16161 48985 15992 48897
  16206 48967 16175 48978 49011 48903 48810 16001 48956 48640 48919 16181
  49000 48787 16006 16211 16188 16202 48991 16174 16143 16206 48832 16210
  48711 16009 48667 48660 15807 48787 16149 16008 16066 48905 16240 16036
  48923 16128 48935 48991 15713 15835 48927 48795 16228 48860 48944 16252
  48842 16056 48905 15821 48744 16236 48649 15916 16227 16250 48971 16171
  48753 15938 48767 48714 48942 15893 15807 48927 15786 16242 16091 48411
  16213 15898 48954 15810 48931 16136 16239 48782 48645 48672 48859 16150
  15985 48991 16173 48928 16245 48764 15982 48984 48799 16154 48442 16207
  15897 16219 16247 48572 15877 16171 48910 16185 15932 16102 48983 16136
  48833 16156 15509 48870 16231 16135 16248 48778 16024 15972 16064 49004
  48853 16209 48668 16235 48914 16254 16074 16141 48723 16208 15802 16057
  48975 16006 16194 48932 16115 49010 16218 16247 48789 48969 16034 49008
  48399 48873 48474 49014 48997 49015 15987 15862 48904 16022 16196 48868
  16169 16038 49006 48767 15486 16109 48857 16247 16060 48770 48974 48931
  48331 48173 16137 16103 48920 15938 49013 48719 16135 48717 16171 16243
  15963 48949 48758 49019 15954 16164 16005 16146 16153 16179 48878 16190
  16029 48855 16249 16230 15896 16175 48884 48683 48929 15652 48131 48915
  16048 48963 48992 48747 48696 48824 48887 48805 48940 48709 16207 48909
  16060 48951 48789 48823 16223 48659 16067 15953]
 [48951 16225 48797 49001 48844 48808 48976 15989 48796 16004 49020 16246
  48936 16035 16092 48936 48966 48945 48897 48937 16050 48674 15770 48999
  16184 48936 48783 48987 48953 16041 16069 16053 15829 16231 15467 48591
  48897 48973 15813 48829 15684 48918 16173 16255 48821 16175 16190 16253
  48801 16131 48906 15999 16081 16118 48917 16178 48673 48913 15790 16186
  16239 16126 49021 48955 48984 48972 48751 48805 48965 16195 15980 16151
  48771 48695 48826 48636 15970 48229 16173 16204 48504 48901 16227 16112
  16015 16123 48985 48989 48945 48948 48674 48943 16181 15903 48774 48988
  15930 48964 16121 16155 15796 48947 16146 48836 48910 48497 16216 48847
  16207 48996 48981 16075 48926 48827 48954 48811 48864 16114 16078 16232
  16101 16071 16070 16196 48848 48844 16119 48906 16210 15758 48844 16141
  48832 16237 16247 16042 48965 48882 15612 16179 48929 48970 48985 15460
  16196 49002 48915 16069 16166 16157 16145 48957 48722 16248 16250 15953
  16086 16231 48589 48953 16045 16235 16073 16155 48670 48974 48937 16247
  48223 49017 16233 48017 16172 15814 48971 15980 16254 49006 16174 48903
  48729 48770 16204 15379 48600 16162 48998 48979 49012 16064 15697 16192
  47936 48910 16156 48850 16223 48895 48938 48218 48998 49005 48130 48913
  49019 48848 48441 48728 48954 15907 16087 16051 48729 48953 47750 16199
  48512 48923 48976 16227 16120 48831 48849 16202 48933 15759 16090 48724
  49003 48907 16205 15677 16161 15844 16227 16209 48396 48826 15952 16051
  47959 16165 48930 48809 16062 48897 48630 16237 16000 16229 16099 16102
  15932 48951 15649 48893 16255 48878 48905 15997 15539 49013 48957 16159
  48389 48949 48526 48892 48909 16234 48781 49000 16240 16150 48891 48698
  16185 48786 15882 15758 48714 16014 48474 49013 16160 48966 48531 15907
  16082 48694 16113 48956 16029 16167 16199 15906 48831 48940 48798 15779
  48923 16231 16203 49007 15869 16148 48898 15683 48704 48923 15978 16252
  48777 15830 48816 16192 16186 48932 16204 48946 48975 16028 48745 15739
  16028 48996 48852 48544 48879 48998 48979 16154 16210 48946 48896 16027
  16232 48845 16181 15429 16233 48954 16242 48625 16231 48553 15734 16156
  16099 15988 48682 16149 16229 49018 15923 16187 16028 16154 16202 16128
  16094 16237 16186 16161 48979 48901 15848 16086 48841 48976 48833 16138
  16193 16211 48760 48770 48703 48766 16042 48785 49013 48633 48909 49009
  48494 48918 48577 48867 15956 16251 15809 16022 16214 48769 48938 48862
  48711 16020 49021 16180 48985 16205 16230 16250 16158 48951 16083 48919
  16203 48827 48817 16213 49017 48924 48671 16077 16023 16045 16194 48962
  15669 16102 16011 48595 49015 48993 48963 48800 48963 48663 48932 16142
  16190 48738 15545 16232 15761 16253 48951 16185 48055 49012 16241 16238
  48751 16232 48951 16056 48925 48897 16143 48763 49020 48687 48907 16059
  48924 16175 48878 48731 48846 16019 48972 48435 48809 16196 48986 16168
  48938 48978 48920 48971 15659 16249 49006 48543 48745 48804 48812 16202
  49014 16140 48892 48751 48675 48839 48976 48965 48846 16164 48955 16120
  48856 16196 48658 48936 16248 48933 15882 15885 48770 16231 16176 16168
  16242 48559 48974 16135 48756 48926 48393 16217]
 [48936 16178 48679 48953 16178 16240 48853 48841 48736 16160 49018 48909
  16082 48705 48813 16190 16213 16229 48872 16211 16114 48945 15969 49010
  16085 16111 16148 48935 16003 48932 16228 16051 48975 48928 16039 48447
  16113 48864 16033 48933 15795 16234 16003 48998 16250 48943 16095 15749
  48850 48933 48933 16183 16190 48526 48970 16196 48340 48634 48701 48778
  15701 15958 48521 16203 48826 15904 48844 16129 48971 48927 16154 48930
  16000 16240 15675 48928 48823 16165 48791 16100 16142 15131 16145 48827
  15620 16063 48937 48871 16027 16031 48219 16151 48403 16195 16113 48829
  48726 16043 16201 48932 15600 48963 48865 16062 48984 16038 16205 16240
  48913 16126 16218 48977 48688 16214 48920 16222 15710 48972 48589 48817
  48863 15785 48390 48403 48978 16154 48408 16164 16166 48827 49021 16210
  16133 48969 16078 49013 49009 15699 48974 16237 16201 16025 48991 48819
  48771 48412 48937 15902 48643 16229 16223 15878 16019 48953 48909 16205
  16075 48927 15887 16222 48798 48928 16226 48542 48681 48878 16200 16176
  48710 49008 48602 48931 48950 48730 48973 16234 48999 48713 48940 16065
  48983 15807 16139 16230 16075 48973 48978 16109 48913 48600 16244 16163
  16177 16184 15988 16121 48784 16255 48865 15928 48863 48966 15882 48790
  15914 15856 15789 48960 48629 16159 48829 48614 48202 16185 16031 48972
  16186 16170 16129 48523 16131 48430 16114 16194 16199 48570 16183 48972
  48971 15813 16027 48945 48483 48975 15953 16181 16115 48761 16252 16038
  16161 16045 16250 16164 15647 48776 16058 15928 16004 48800 48657 15853
  16173 16134 48963 48898 49010 49019 48909 16153 16207 48733 15873 16082
  16231 16211 48994 48896 48998 15982 16087 48836 16181 48577 16255 49023
  48967 48842 49010 16144 48996 16126 48997 48893 16174 16230 48687 16240
  16001 48684 16155 48849 48879 16032 48736 48954 48989 16147 16052 48692
  16202 48694 16087 16209 16174 15541 16056 48688 16022 48888 48645 48916
  49004 15925 16186 49010 48923 48547 16041 48936 48994 15644 16163 49005
  48794 16039 48957 48903 15761 16232 48857 48332 48716 16203 48987 15879
  16177 16249 16075 48757 48692 48791 15956 16117 16163 48682 16093 16213
  16215 16080 16012 15745 48930 48960 48362 48942 15901 16021 15697 49005
  48994 48965 48945 16250 48799 48853 48997 16010 16027 48934 16214 16153
  48906 48359 48554 48795 16162 48968 48685 48659 48512 16185 48912 48971
  15985 48934 48985 48662 48911 48782 48886 48976 15863 49010 16238 48802
  16071 16158 48866 16126 16170 48900 16252 49013 48912 16143 48924 16075
  16182 16235 48466 16241 48692 48912 15588 16025 48556 15881 48683 15690
  16231 47537 48892 16132 48806 16161 48994 48811 48975 48980 16034 48746
  16190 15622 48849 16098 15997 16153 16019 48938 16046 48734 48534 16215
  48783 15973 48779 48975 48574 15942 48701 48735 16164 49008 48849 16159
  16215 48691 16199 48922 48910 16177 16206 48909 48993 48977 48884 16133
  15523 48565 15916 16199 48977 16071 16218 48914 16172 16074 49016 48905
  15960 15261 15716 48905 16051 48879 48738 48774 16048 48977 48918 48921
  48968 48917 15963 16109 16036 48459 48997 16235 48937 16044 16211 16074
  48912 48828 49008 15974 15975 16102 49018 16162]
 [16116 48951 48796 16013 48137 48965 48979 16144 48944 48935 16169 15973
  15958 48425 15885 15952 16239 48909 48914 48994 16033 15816 48967 48778
  48932 48812 16231 16059 49020 48893 49018 16092 48506 16252 16111 15634
  16156 16081 48899 15735 15845 48583 48932 48909 48864 49018 16213 16062
  16066 15892 16065 16246 48747 16089 48783 16181 16183 16205 49021 48846
  48955 48572 48149 48889 16100 48875 16181 48933 48775 15994 15959 48984
  16177 15944 16189 16188 15804 16210 16178 16234 16179 16164 48506 48915
  16210 16099 48863 48802 16062 48437 48982 48951 16123 48815 15482 16136
  16128 48938 48973 15930 16119 48947 48771 16189 16227 48572 48983 48888
  48904 48901 48200 15914 48961 16199 15989 15943 16249 16003 16219 48858
  48901 15623 15501 48908 16076 49008 16067 48559 16065 48443 16244 48809
  16247 48990 16060 48571 16164 16148 16153 48975 16165 48914 49010 48912
  48425 16119 48912 48966 16021 16247 15950 16067 15866 16144 16243 15796
  48682 16184 16240 48957 15904 16149 15752 48697 16030 48875 48794 16252
  16011 16190 16157 16027 16174 48857 16012 15929 15994 48937 48868 48858
  15952 16241 16232 48907 48839 49005 48719 16171 16212 48902 48879 48910
  48793 16156 16022 16146 15914 48888 48907 49019 16143 16177 16137 48985
  16134 49000 48969 48627 48451 16161 16055 48945 48908 48859 48960 48857
  16106 48900 16171 48505 48821 48691 16086 15625 49020 16216 48990 16224
  49009 16138 15758 15419 48986 48901 16142 16200 15726 48790 48993 16058
  48866 48995 16041 48361 49017 48967 16075 48991 16187 48833 48978 16132
  15688 48838 48704 49013 16038 48777 16091 16003 16026 16149 16006 48678
  48737 48962 16143 16133 48897 16185 15926 48430 49015 48752 16016 48978
  48549 16252 16093 15807 15751 49001 16234 16219 16058 48973 48917 48929
  15648 48917 16072 15801 49014 16121 48927 16166 48788 48805 49017 16249
  15973 48670 48974 16075 48862 16249 16230 16112 16241 48969 48865 48892
  48987 16241 48993 16182 16137 48766 49014 49020 48919 48200 48556 15918
  16139 48763 48941 16153 48811 48858 16135 16222 16212 48953 15310 48976
  16236 48913 48922 16199 16239 16074 48962 48359 16162 15892 48956 48935
  16186 15709 16082 48769 15749 16244 48814 16050 48935 48961 16145 16176
  16044 48943 48900 16210 48856 16163 48859 16225 16212 49001 16138 48937
  48913 48548 15900 48818 15898 48936 49012 15889 15630 16066 16025 16203
  48550 49019 16005 16051 15664 16065 48820 48947 16040 48898 48562 48265
  48442 15945 49008 16250 16093 48664 48926 48982 16048 48827 48906 48757
  15934 16047 16020 16185 48911 16012 48972 15812 15915 48913 48733 16167
  48948 48646 16221 15366 16102 16167 48919 48912 16132 16129 48993 48821
  48719 16168 48672 16218 16254 16143 16042 48733 48989 15893 48781 48792
  16064 48532 16129 48720 48946 48542 16230 16154 48918 48734 16219 48960
  48891 48883 15889 48694 48983 16004 48973 15961 15461 48207 48989 16014
  48652 48694 15941 15961 49016 48959 48902 16054 15901 16131 16118 16180
  48764 48798 16169 48902 48543 48924 16211 48700 48915 16068 48898 16227
  48775 16040 48798 16157 16203 16147 16178 48971 16217 15998 16189 16060
  48920 15968 48977 16072 48698 48946 16245 16205]]
